payment_id,customer_id,billing_month,amount_due,amount_paid,delay_days
1,1,1,244.77,268.02,2.4
2,2,1,280.38,268.93,1.1
3,3,1,313.36,324.08,0.7
4,4,1,326.43,319.97,2.1
5,5,1,447.03,449.06,1.8
6,6,1,255.66,284.02,1.6
7,7,1,976.09,964.02,0.0
8,8,1,454.97,463.19,0.3
9,9,1,317.65,315.31,2.5
10,10,1,529.46,533.08,0.8
11,11,1,269.84,267.99,0.4
12,12,1,1025.52,1031.46,0.3
13,13,1,882.07,922.31,0.5
14,14,1,861.14,835.7,1.1
15,15,1,641.42,629.4,1.4
16,16,1,981.1,976.61,0.5
17,17,1,664.97,685.37,1.3
18,18,1,869.34,869.29,0.8
19,19,1,230.78,215.45,0.0
20,20,1,1020.73,1063.17,4.4
21,21,1,678.8,647.04,0.1
22,22,1,289.65,274.01,3.8
23,23,1,893.48,934.87,1.8
24,24,1,473.47,443.38,1.0
25,25,1,1017.62,1004.43,0.6
26,26,1,148.34,180.8,1.8
27,27,1,551.48,530.26,1.1
28,28,1,538.82,503.17,4.5
29,29,1,266.79,263.95,0.1
30,30,1,507.27,498.01,0.6
31,31,1,545.32,556.25,0.2
32,32,1,299.71,297.57,0.9
33,33,1,535.22,507.3,0.3
34,34,1,302.05,301.4,3.3
35,35,1,932.04,927.36,4.9
36,36,1,981.84,981.16,1.6
37,37,1,366.96,398.23,1.5
38,38,1,522.06,516.85,4.4
39,39,1,355.86,356.91,0.1
40,40,1,301.45,303.26,0.3
41,41,1,981.2,988.36,0.5
42,42,1,284.53,314.25,0.3
43,43,1,309.34,303.27,0.2
44,44,1,296.04,294.58,0.1
45,45,1,555.67,547.01,0.4
46,46,1,838.77,843.02,0.2
47,47,1,320.87,309.09,0.5
48,48,1,173.86,132.64,0.1
49,49,1,290.13,259.06,0.2
50,50,1,315.94,310.12,2.8
51,51,1,216.71,226.0,0.6
52,52,1,519.04,537.39,0.2
53,53,1,579.54,543.89,3.8
54,54,1,331.53,372.53,0.1
55,55,1,615.27,634.89,5.8
56,56,1,503.77,496.42,2.2
57,57,1,204.1,206.16,0.1
58,58,1,258.3,217.21,0.2
59,59,1,513.04,519.91,0.6
60,60,1,305.83,298.02,0.1
61,61,1,958.36,944.05,0.9
62,62,1,974.51,966.44,0.2
63,63,1,1089.74,1066.86,0.6
64,64,1,328.52,307.3,7.1
65,65,1,359.58,362.82,0.3
66,66,1,1045.03,1035.63,0.4
67,67,1,291.5,278.41,0.4
68,68,1,289.28,284.42,5.9
69,69,1,554.91,565.99,1.6
70,70,1,333.06,328.08,3.8
71,71,1,566.48,543.18,0.4
72,72,1,1085.25,1064.65,0.4
73,73,1,505.54,491.36,0.1
74,74,1,278.75,239.07,14.8
75,75,1,987.55,984.02,1.4
76,76,1,547.64,509.46,0.1
77,77,1,366.86,343.33,0.2
78,78,1,548.19,546.49,2.2
79,79,1,283.76,292.31,0.0
80,80,1,265.79,238.72,0.5
81,81,1,601.05,608.35,7.7
82,82,1,293.93,250.03,0.4
83,83,1,243.04,260.1,5.0
84,84,1,491.11,476.45,1.4
85,85,1,329.48,317.2,0.4
86,86,1,650.35,628.63,0.2
87,87,1,255.17,275.84,0.2
88,88,1,571.85,568.95,0.9
89,89,1,980.95,977.24,0.4
90,90,1,232.8,189.76,1.5
91,91,1,553.02,519.74,2.3
92,92,1,221.17,168.43,0.8
93,93,1,263.88,296.52,0.4
94,94,1,344.2,339.07,0.1
95,95,1,250.0,230.12,2.2
96,96,1,281.7,262.05,0.6
97,97,1,522.65,553.2,0.9
98,98,1,661.24,716.66,0.9
99,99,1,809.69,825.87,1.6
100,100,1,1012.85,1015.42,1.6
101,101,1,251.24,251.81,0.1
102,102,1,302.4,306.48,0.4
103,103,1,280.1,336.43,0.8
104,104,1,541.67,541.47,0.2
105,105,1,986.72,989.46,2.1
106,106,1,297.54,296.19,2.4
107,107,1,366.91,376.24,1.9
108,108,1,286.16,276.74,0.8
109,109,1,868.14,887.48,0.7
110,110,1,314.37,302.47,0.3
111,111,1,525.81,483.96,0.0
112,112,1,255.53,231.23,3.3
113,113,1,286.02,252.49,0.3
114,114,1,193.27,188.21,0.8
115,115,1,501.66,519.09,0.3
116,116,1,647.31,638.78,0.2
117,117,1,229.27,238.97,4.8
118,118,1,347.28,333.34,0.5
119,119,1,218.85,220.31,1.0
120,120,1,246.66,250.26,1.2
121,121,1,332.93,334.08,0.3
122,122,1,249.79,249.22,2.4
123,123,1,594.59,616.34,0.2
124,124,1,998.32,967.78,2.2
125,125,1,588.62,587.31,1.0
126,126,1,565.0,561.43,4.6
127,127,1,892.33,923.93,4.8
128,128,1,1015.68,1000.11,0.1
129,129,1,377.37,412.07,0.8
130,130,1,247.06,253.75,0.0
131,131,1,207.23,205.95,2.3
132,132,1,883.45,907.56,0.8
133,133,1,300.22,302.65,0.7
134,134,1,289.91,286.21,1.0
135,135,1,530.38,505.15,0.1
136,136,1,566.71,544.86,6.2
137,137,1,504.28,530.95,2.1
138,138,1,719.65,747.99,1.9
139,139,1,572.74,544.68,0.2
140,140,1,1081.0,1105.35,0.2
141,141,1,334.21,354.13,0.3
142,142,1,972.99,979.03,4.8
143,143,1,502.69,502.08,0.5
144,144,1,255.47,227.08,0.9
145,145,1,827.28,843.71,1.3
146,146,1,1000.0,998.56,0.2
147,147,1,898.56,889.67,1.0
148,148,1,984.97,946.82,2.3
149,149,1,348.25,340.82,0.3
150,150,1,339.63,343.01,1.1
151,151,1,279.89,291.48,0.3
152,152,1,804.12,824.24,0.5
153,153,1,914.93,918.91,0.1
154,154,1,923.78,917.58,1.9
155,155,1,902.22,898.37,2.5
156,156,1,621.61,597.06,21.4
157,157,1,287.25,272.67,7.4
158,158,1,260.14,242.28,0.3
159,159,1,331.91,335.11,3.1
160,160,1,564.01,588.95,0.1
161,161,1,319.18,327.45,6.9
162,162,1,1024.38,994.76,0.2
163,163,1,616.38,602.13,1.8
164,164,1,310.55,291.21,1.1
165,165,1,956.35,955.94,0.0
166,166,1,525.63,553.98,1.0
167,167,1,596.87,619.15,0.1
168,168,1,268.26,259.49,6.3
169,169,1,259.24,295.57,1.4
170,170,1,295.5,290.2,0.4
171,171,1,644.41,600.24,4.7
172,172,1,658.38,647.85,0.2
173,173,1,1069.61,1074.26,1.1
174,174,1,886.6,861.09,0.1
175,175,1,240.85,255.81,0.3
176,176,1,886.07,852.52,0.3
177,177,1,272.71,245.5,0.2
178,178,1,287.08,283.45,2.3
179,179,1,514.23,507.41,0.3
180,180,1,934.59,967.66,2.3
181,181,1,1023.17,1044.34,0.6
182,182,1,885.89,856.22,0.4
183,183,1,353.74,344.17,1.3
184,184,1,300.05,278.83,0.5
185,185,1,351.54,378.77,1.8
186,186,1,541.5,580.46,0.6
187,187,1,327.72,326.81,0.0
188,188,1,288.8,298.32,5.0
189,189,1,324.75,353.3,2.4
190,190,1,530.16,576.34,0.2
191,191,1,676.58,679.11,0.2
192,192,1,224.4,240.32,1.5
193,193,1,311.82,323.34,10.6
194,194,1,604.94,636.06,0.8
195,195,1,548.08,533.16,1.7
196,196,1,396.6,418.21,1.6
197,197,1,391.43,397.42,1.7
198,198,1,895.31,879.35,0.1
199,199,1,607.84,629.32,2.7
200,200,1,317.57,320.69,1.0
201,201,1,590.03,620.78,0.0
202,202,1,607.3,598.68,0.2
203,203,1,327.94,339.43,0.2
204,204,1,312.26,280.02,0.2
205,205,1,1112.86,1122.73,0.3
206,206,1,581.26,568.76,4.2
207,207,1,281.43,281.13,0.0
208,208,1,571.38,591.34,0.2
209,209,1,361.17,355.69,0.4
210,210,1,531.38,496.26,3.6
211,211,1,278.51,276.55,4.0
212,212,1,287.02,276.89,1.7
213,213,1,316.78,318.82,0.1
214,214,1,890.39,910.81,1.8
215,215,1,533.15,539.43,1.9
216,216,1,1004.25,990.33,0.3
217,217,1,278.78,273.73,0.0
218,218,1,700.0,666.87,1.2
219,219,1,314.2,305.1,0.3
220,220,1,662.36,710.83,0.1
221,221,1,330.54,352.27,1.6
222,222,1,598.28,587.89,3.1
223,223,1,327.52,338.13,0.3
224,224,1,264.14,280.27,0.9
225,225,1,653.66,628.45,0.4
226,226,1,423.3,405.39,7.1
227,227,1,271.23,249.36,0.3
228,228,1,934.87,932.92,0.1
229,229,1,298.74,302.85,0.0
230,230,1,624.3,625.33,1.3
231,231,1,951.05,939.05,2.8
232,232,1,491.11,463.73,2.6
233,233,1,274.54,276.34,2.5
234,234,1,584.08,555.68,7.3
235,235,1,560.74,535.14,0.3
236,236,1,310.54,285.31,1.7
237,237,1,608.18,588.03,0.3
238,238,1,890.48,865.88,3.3
239,239,1,292.65,299.48,2.5
240,240,1,316.4,308.07,0.4
241,241,1,527.02,539.25,5.5
242,242,1,314.82,313.84,1.6
243,243,1,609.15,601.56,4.6
244,244,1,216.77,243.18,0.9
245,245,1,280.09,256.6,0.0
246,246,1,508.78,502.62,0.7
247,247,1,980.27,957.95,0.4
248,248,1,343.81,349.54,0.2
249,249,1,993.78,979.02,0.6
250,250,1,323.45,350.16,0.2
251,251,1,347.4,324.85,0.3
252,252,1,520.17,520.12,5.5
253,253,1,249.58,236.7,0.9
254,254,1,528.25,534.11,0.8
255,255,1,281.08,301.14,0.5
256,256,1,379.81,392.91,0.0
257,257,1,300.61,311.3,5.4
258,258,1,1032.11,1005.53,0.1
259,259,1,940.42,894.8,15.5
260,260,1,249.32,231.63,0.9
261,261,1,308.35,318.7,0.1
262,262,1,1001.81,991.36,0.8
263,263,1,303.52,296.14,0.6
264,264,1,873.73,901.88,2.1
265,265,1,604.23,610.58,0.6
266,266,1,767.83,749.04,2.6
267,267,1,322.25,321.6,0.2
268,268,1,224.7,220.93,0.2
269,269,1,237.84,268.66,1.0
270,270,1,339.9,313.39,0.2
271,271,1,326.97,355.63,4.1
272,272,1,909.56,923.0,0.3
273,273,1,388.16,369.0,6.2
274,274,1,330.75,327.42,0.1
275,275,1,266.75,286.68,1.2
276,276,1,324.96,308.04,1.6
277,277,1,584.7,565.55,1.2
278,278,1,326.1,339.46,0.9
279,279,1,613.05,582.15,0.2
280,280,1,1018.0,1030.31,0.6
281,281,1,226.88,233.39,0.6
282,282,1,602.07,580.83,1.8
283,283,1,251.76,275.76,0.1
284,284,1,247.79,256.86,0.1
285,285,1,839.74,878.38,2.8
286,286,1,969.75,955.13,0.1
287,287,1,283.84,254.91,0.2
288,288,1,228.4,209.02,0.4
289,289,1,271.07,280.05,0.1
290,290,1,546.82,562.9,0.3
291,291,1,608.68,630.83,2.4
292,292,1,257.79,281.74,9.8
293,293,1,978.42,999.42,1.0
294,294,1,576.47,562.96,2.2
295,295,1,302.36,359.08,1.4
296,296,1,994.79,1000.37,1.1
297,297,1,612.93,609.05,2.2
298,298,1,370.15,399.96,0.1
299,299,1,655.66,622.17,1.4
300,300,1,1073.83,1124.59,0.1
301,301,1,1067.43,1056.89,1.7
302,302,1,339.43,354.3,0.5
303,303,1,541.34,546.78,0.1
304,304,1,876.67,899.03,0.4
305,305,1,1006.92,1002.23,1.0
306,306,1,332.06,336.56,1.2
307,307,1,476.39,472.19,0.2
308,308,1,1031.87,1031.59,0.8
309,309,1,287.62,315.39,5.7
310,310,1,391.35,405.38,0.3
311,311,1,529.64,552.96,0.9
312,312,1,560.54,568.53,0.5
313,313,1,483.04,492.63,0.5
314,314,1,275.61,260.31,0.1
315,315,1,712.19,757.39,0.5
316,316,1,281.94,268.04,0.2
317,317,1,1004.05,979.5,4.7
318,318,1,326.51,331.47,1.1
319,319,1,293.19,291.27,0.2
320,320,1,966.44,987.54,15.1
321,321,1,618.61,627.04,0.4
322,322,1,256.72,280.17,0.6
323,323,1,294.3,304.65,0.8
324,324,1,604.29,600.47,1.6
325,325,1,940.89,917.08,1.7
326,326,1,363.93,346.08,4.4
327,327,1,964.98,943.9,0.9
328,328,1,300.95,289.45,0.7
329,329,1,636.51,644.43,1.3
330,330,1,269.26,215.54,1.9
331,331,1,227.13,220.09,0.5
332,332,1,992.76,1019.02,1.7
333,333,1,235.25,229.29,0.4
334,334,1,917.41,981.39,0.8
335,335,1,316.31,315.08,1.4
336,336,1,250.32,246.47,0.4
337,337,1,918.68,916.73,1.3
338,338,1,567.54,547.71,0.1
339,339,1,223.35,193.83,0.3
340,340,1,701.78,721.93,0.6
341,341,1,224.0,229.28,8.1
342,342,1,935.03,944.29,2.1
343,343,1,309.74,315.47,0.1
344,344,1,612.43,577.72,2.6
345,345,1,299.13,300.21,0.6
346,346,1,699.06,742.44,0.8
347,347,1,864.13,850.89,2.4
348,348,1,970.08,979.31,0.9
349,349,1,379.44,385.25,0.1
350,350,1,328.66,304.15,0.7
351,351,1,339.0,366.51,2.1
352,352,1,921.03,902.19,0.2
353,353,1,302.0,293.71,0.5
354,354,1,607.2,620.01,4.9
355,355,1,308.48,311.93,0.1
356,356,1,969.75,968.53,0.0
357,357,1,513.68,547.75,1.0
358,358,1,647.35,684.1,0.1
359,359,1,849.87,834.43,1.4
360,360,1,959.01,951.19,2.5
361,361,1,539.23,551.81,0.3
362,362,1,578.46,583.28,1.2
363,363,1,568.3,551.83,1.9
364,364,1,312.24,333.67,2.2
365,365,1,273.76,287.6,0.7
366,366,1,602.04,588.35,0.3
367,367,1,551.56,558.26,2.7
368,368,1,330.2,316.53,0.6
369,369,1,214.91,202.93,0.8
370,370,1,619.95,658.45,0.1
371,371,1,257.68,227.82,0.2
372,372,1,576.82,573.46,0.1
373,373,1,585.22,615.23,0.6
374,374,1,280.47,296.7,0.1
375,375,1,307.18,317.91,8.8
376,376,1,306.09,287.02,9.1
377,377,1,270.31,249.94,0.5
378,378,1,675.44,668.45,0.3
379,379,1,634.4,657.84,2.9
380,380,1,1014.11,1019.24,0.1
381,381,1,316.94,284.63,1.0
382,382,1,563.73,550.27,0.0
383,383,1,407.74,395.66,0.2
384,384,1,802.93,796.6,0.6
385,385,1,274.19,236.19,0.4
386,386,1,555.44,546.56,0.2
387,387,1,524.5,518.58,4.0
388,388,1,234.84,240.61,2.7
389,389,1,912.39,888.07,6.7
390,390,1,358.42,374.25,2.0
391,391,1,226.83,232.28,2.4
392,392,1,550.95,571.73,1.2
393,393,1,599.86,606.84,1.9
394,394,1,279.96,280.04,6.0
395,395,1,276.79,253.42,0.7
396,396,1,261.99,233.58,0.2
397,397,1,943.95,937.32,0.6
398,398,1,462.81,485.36,1.0
399,399,1,315.18,309.17,0.8
400,400,1,296.26,331.23,6.2
401,401,1,859.44,841.5,0.3
402,402,1,979.42,962.08,0.2
403,403,1,260.53,267.99,1.3
404,404,1,582.72,579.63,0.4
405,405,1,190.49,185.92,0.0
406,406,1,271.86,259.93,1.6
407,407,1,922.61,913.09,5.3
408,408,1,902.14,894.68,0.8
409,409,1,348.71,379.6,0.2
410,410,1,948.77,976.89,0.1
411,411,1,565.94,580.74,0.9
412,412,1,605.65,635.1,1.8
413,413,1,550.07,525.91,0.0
414,414,1,478.74,517.72,0.6
415,415,1,977.68,1002.0,3.7
416,416,1,311.42,286.66,0.2
417,417,1,468.38,501.94,0.6
418,418,1,293.16,315.94,3.2
419,419,1,814.79,830.41,0.5
420,420,1,248.7,214.85,0.7
421,421,1,232.09,235.51,0.4
422,422,1,557.83,563.21,0.1
423,423,1,387.09,388.26,0.4
424,424,1,312.25,334.7,1.0
425,425,1,181.48,182.14,0.9
426,426,1,582.62,568.09,3.6
427,427,1,289.27,296.58,0.1
428,428,1,243.95,239.91,2.7
429,429,1,616.68,618.82,0.2
430,430,1,1042.99,1017.73,0.1
431,431,1,565.58,546.12,0.7
432,432,1,216.81,187.85,0.5
433,433,1,763.65,740.91,0.6
434,434,1,965.72,994.8,3.3
435,435,1,591.22,597.92,0.7
436,436,1,573.2,551.38,0.4
437,437,1,264.84,278.84,1.4
438,438,1,564.66,589.37,0.1
439,439,1,622.14,610.09,0.5
440,440,1,308.98,298.71,11.3
441,441,1,288.85,277.61,0.8
442,442,1,239.57,241.63,0.3
443,443,1,544.27,523.11,1.3
444,444,1,272.88,285.7,2.8
445,445,1,512.49,511.38,1.6
446,446,1,851.61,860.59,1.2
447,447,1,230.96,241.92,0.1
448,448,1,354.24,358.2,1.0
449,449,1,305.14,311.84,0.1
450,450,1,325.26,307.88,1.6
451,451,1,1005.58,1008.83,1.2
452,452,1,604.3,623.82,0.3
453,453,1,898.69,883.12,0.4
454,454,1,950.76,920.72,0.3
455,455,1,355.21,362.73,2.3
456,456,1,540.34,575.69,0.1
457,457,1,265.44,264.96,0.2
458,458,1,326.6,334.93,1.5
459,459,1,277.08,309.32,0.1
460,460,1,257.12,253.94,0.6
461,461,1,500.16,464.01,0.5
462,462,1,615.08,618.75,0.3
463,463,1,309.29,319.38,0.2
464,464,1,356.1,357.79,0.5
465,465,1,584.5,565.18,1.5
466,466,1,554.46,555.32,0.0
467,467,1,670.98,654.78,1.3
468,468,1,313.45,311.29,0.2
469,469,1,275.62,276.5,0.3
470,470,1,468.85,450.77,2.7
471,471,1,558.41,572.89,1.2
472,472,1,221.67,217.94,0.1
473,473,1,285.78,270.82,0.1
474,474,1,273.58,281.11,0.1
475,475,1,679.15,663.97,1.8
476,476,1,220.43,240.26,0.2
477,477,1,540.93,518.59,0.5
478,478,1,1011.23,1029.78,1.4
479,479,1,276.31,260.36,9.7
480,480,1,144.2,113.12,0.6
481,481,1,212.23,193.05,0.1
482,482,1,242.95,244.72,0.3
483,483,1,1013.46,984.37,0.2
484,484,1,1093.39,1091.38,6.7
485,485,1,236.53,234.15,3.6
486,486,1,940.94,920.82,0.6
487,487,1,244.3,246.33,0.5
488,488,1,630.66,634.53,0.2
489,489,1,675.43,683.03,0.8
490,490,1,307.53,291.46,2.2
491,491,1,597.55,636.42,0.8
492,492,1,557.07,553.19,1.8
493,493,1,299.41,268.9,1.8
494,494,1,1068.04,1087.36,0.3
495,495,1,278.97,287.98,0.1
496,496,1,176.99,160.61,0.3
497,497,1,981.0,971.28,0.3
498,498,1,256.54,253.23,2.2
499,499,1,197.54,177.26,0.9
500,500,1,310.6,317.18,0.2
501,501,1,324.3,333.6,0.2
502,502,1,391.99,410.25,0.6
503,503,1,209.14,176.36,0.1
504,504,1,571.97,569.51,0.7
505,505,1,347.34,339.1,0.1
506,506,1,871.23,857.51,0.8
507,507,1,853.79,870.68,0.5
508,508,1,245.75,257.66,7.0
509,509,1,953.67,954.21,0.1
510,510,1,903.16,902.18,3.0
511,511,1,873.93,855.66,0.6
512,512,1,663.58,651.09,24.9
513,513,1,278.96,315.17,0.2
514,514,1,204.31,216.09,3.9
515,515,1,987.8,991.78,0.8
516,516,1,623.01,634.21,0.1
517,517,1,965.29,960.1,2.8
518,518,1,615.71,614.29,0.0
519,519,1,373.7,373.34,2.0
520,520,1,231.1,233.5,0.3
521,521,1,977.81,1018.29,0.1
522,522,1,376.25,337.86,0.3
523,523,1,450.57,459.19,2.4
524,524,1,896.68,881.33,1.4
525,525,1,360.45,362.14,0.7
526,526,1,323.73,326.14,3.5
527,527,1,568.81,543.85,1.6
528,528,1,981.61,966.22,11.7
529,529,1,464.91,472.06,0.3
530,530,1,367.66,371.99,0.5
531,531,1,239.0,224.48,0.6
532,532,1,217.78,220.6,3.5
533,533,1,318.39,322.9,0.4
534,534,1,274.35,290.3,1.6
535,535,1,1009.33,1012.35,1.0
536,536,1,320.54,309.53,2.7
537,537,1,1087.91,1104.55,0.0
538,538,1,1020.69,959.95,0.1
539,539,1,482.86,493.77,0.5
540,540,1,632.82,628.09,6.2
541,541,1,231.67,197.68,0.8
542,542,1,644.66,622.39,0.9
543,543,1,302.23,284.08,0.2
544,544,1,271.17,276.74,0.4
545,545,1,509.97,511.66,0.1
546,546,1,186.46,179.62,3.4
547,547,1,201.54,205.56,0.7
548,548,1,686.29,704.41,5.0
549,549,1,241.59,261.04,1.5
550,550,1,285.27,288.92,0.9
551,551,1,266.9,280.82,0.6
552,552,1,272.65,297.83,0.3
553,553,1,596.76,566.74,0.4
554,554,1,681.19,679.33,0.3
555,555,1,328.23,347.56,1.6
556,556,1,587.34,620.29,0.7
557,557,1,1063.83,1053.58,4.9
558,558,1,510.61,474.26,0.1
559,559,1,587.18,583.72,0.8
560,560,1,611.86,596.86,0.7
561,561,1,1043.49,1025.25,0.1
562,562,1,941.69,932.99,0.1
563,563,1,263.28,239.33,0.6
564,564,1,255.51,240.78,0.3
565,565,1,232.78,243.43,0.7
566,566,1,553.15,516.87,0.3
567,567,1,269.74,252.91,0.3
568,568,1,839.45,855.15,0.6
569,569,1,320.57,312.89,0.7
570,570,1,623.39,634.52,0.9
571,571,1,246.01,223.24,0.5
572,572,1,244.51,240.25,0.8
573,573,1,258.81,243.42,0.8
574,574,1,560.24,564.82,0.4
575,575,1,242.23,233.6,1.7
576,576,1,326.22,307.8,5.7
577,577,1,443.98,441.2,0.7
578,578,1,1100.15,1107.51,3.6
579,579,1,521.43,541.2,1.0
580,580,1,648.31,668.9,1.3
581,581,1,342.42,373.12,0.6
582,582,1,1029.85,992.6,0.5
583,583,1,362.99,384.16,3.2
584,584,1,944.88,947.13,0.1
585,585,1,991.18,996.17,0.6
586,586,1,256.36,256.74,2.5
587,587,1,182.07,178.27,2.4
588,588,1,537.64,565.32,2.5
589,589,1,658.0,679.82,0.3
590,590,1,560.81,600.29,0.0
591,591,1,1098.18,1112.82,2.8
592,592,1,703.29,688.13,1.0
593,593,1,448.76,465.08,0.3
594,594,1,694.27,689.94,0.9
595,595,1,354.37,365.8,5.4
596,596,1,615.26,634.72,0.3
597,597,1,959.9,960.64,0.3
598,598,1,282.37,261.7,0.9
599,599,1,849.15,867.55,0.1
600,600,1,1006.48,1010.71,0.9
601,601,1,286.12,260.96,2.7
602,602,1,926.92,968.8,0.2
603,603,1,530.12,539.86,8.8
604,604,1,285.46,289.3,0.9
605,605,1,264.36,249.96,2.0
606,606,1,242.58,243.63,0.2
607,607,1,562.27,572.12,1.5
608,608,1,252.35,259.62,0.2
609,609,1,319.05,336.68,1.8
610,610,1,941.13,943.73,3.9
611,611,1,657.02,580.63,0.2
612,612,1,609.3,603.05,2.6
613,613,1,895.12,888.49,0.2
614,614,1,291.57,265.52,0.6
615,615,1,210.98,196.16,4.6
616,616,1,615.9,595.86,0.9
617,617,1,341.46,323.21,0.8
618,618,1,313.69,316.85,0.3
619,619,1,478.25,461.03,1.6
620,620,1,223.05,250.09,0.7
621,621,1,572.16,571.12,0.3
622,622,1,601.41,585.06,3.0
623,623,1,549.04,580.65,5.3
624,624,1,260.27,253.14,0.7
625,625,1,226.35,238.88,3.5
626,626,1,964.8,963.01,3.2
627,627,1,961.42,973.02,0.1
628,628,1,345.78,336.96,0.1
629,629,1,349.63,367.47,1.1
630,630,1,491.85,487.22,0.4
631,631,1,336.66,355.59,1.6
632,632,1,298.38,307.44,1.6
633,633,1,240.02,230.55,1.2
634,634,1,294.81,258.48,0.9
635,635,1,316.04,284.93,2.9
636,636,1,307.16,317.3,0.2
637,637,1,867.8,869.9,0.6
638,638,1,259.73,284.99,2.4
639,639,1,297.73,286.69,0.4
640,640,1,340.18,366.74,0.1
641,641,1,869.0,865.68,0.2
642,642,1,244.55,259.86,3.8
643,643,1,274.13,254.59,0.9
644,644,1,582.88,618.45,0.0
645,645,1,603.85,599.02,0.3
646,646,1,1029.22,1046.1,1.7
647,647,1,230.6,251.52,1.2
648,648,1,302.9,305.21,0.3
649,649,1,261.89,289.59,3.0
650,650,1,503.06,500.72,0.3
651,651,1,384.4,391.3,0.4
652,652,1,217.63,235.11,0.5
653,653,1,242.27,222.07,1.9
654,654,1,935.27,943.9,2.2
655,655,1,260.66,243.07,2.1
656,656,1,316.27,310.16,0.6
657,657,1,957.11,907.7,0.7
658,658,1,504.19,463.69,0.8
659,659,1,632.15,641.37,0.6
660,660,1,615.53,577.94,0.7
661,661,1,322.98,337.58,0.3
662,662,1,1034.76,1055.4,1.6
663,663,1,155.19,127.79,3.7
664,664,1,995.17,1002.26,0.6
665,665,1,245.1,250.81,0.2
666,666,1,501.78,519.53,0.2
667,667,1,571.82,603.41,0.4
668,668,1,238.22,261.54,0.2
669,669,1,393.63,406.11,0.3
670,670,1,502.18,506.42,0.6
671,671,1,232.58,239.08,0.5
672,672,1,1037.12,1037.64,3.0
673,673,1,267.83,288.21,4.5
674,674,1,614.37,589.75,0.1
675,675,1,504.38,550.38,0.8
676,676,1,291.87,273.86,0.5
677,677,1,525.41,531.92,1.0
678,678,1,547.18,553.5,12.0
679,679,1,599.53,629.67,3.3
680,680,1,679.72,658.14,1.9
681,681,1,588.87,589.25,0.4
682,682,1,237.42,257.57,0.7
683,683,1,272.88,288.11,0.1
684,684,1,372.49,372.24,0.1
685,685,1,538.49,538.79,5.8
686,686,1,813.64,782.9,0.0
687,687,1,191.75,212.89,2.1
688,688,1,557.5,564.52,0.3
689,689,1,310.51,290.96,0.2
690,690,1,537.59,510.14,0.1
691,691,1,624.74,632.47,0.1
692,692,1,590.23,605.08,0.2
693,693,1,668.87,649.37,2.9
694,694,1,605.73,591.35,12.4
695,695,1,302.88,287.33,0.8
696,696,1,590.64,579.62,3.3
697,697,1,216.55,231.03,0.7
698,698,1,994.75,1010.06,0.1
699,699,1,514.99,507.5,1.0
700,700,1,279.74,278.7,0.7
701,701,1,202.58,182.84,0.3
702,702,1,243.08,250.25,0.1
703,703,1,1019.02,1020.76,0.8
704,704,1,322.86,307.92,2.8
705,705,1,658.31,687.77,9.1
706,706,1,337.08,357.92,3.2
707,707,1,536.36,524.09,1.8
708,708,1,569.47,579.69,1.6
709,709,1,288.93,324.11,0.1
710,710,1,606.34,625.84,2.4
711,711,1,287.93,291.95,1.5
712,712,1,946.9,954.59,0.0
713,713,1,317.1,323.05,0.4
714,714,1,647.07,661.74,0.0
715,715,1,334.61,346.89,7.9
716,716,1,660.67,631.66,0.3
717,717,1,415.42,447.25,2.3
718,718,1,634.15,619.31,0.6
719,719,1,275.94,254.29,3.0
720,720,1,324.59,335.21,0.6
721,721,1,1022.44,1005.75,1.5
722,722,1,329.68,329.66,2.6
723,723,1,373.75,363.8,1.4
724,724,1,463.31,489.89,1.9
725,725,1,337.22,315.87,1.1
726,726,1,1091.52,1099.85,0.3
727,727,1,327.4,322.62,2.4
728,728,1,977.18,963.87,1.1
729,729,1,986.92,1027.88,0.1
730,730,1,284.35,271.33,0.4
731,731,1,283.81,251.6,0.6
732,732,1,630.68,634.94,0.9
733,733,1,635.04,620.13,0.8
734,734,1,330.33,342.63,0.2
735,735,1,326.72,320.13,4.5
736,736,1,338.33,341.29,0.2
737,737,1,520.39,498.42,1.3
738,738,1,640.61,627.05,2.0
739,739,1,372.33,370.55,0.2
740,740,1,567.79,567.07,0.1
741,741,1,673.97,669.72,0.4
742,742,1,810.16,771.85,0.5
743,743,1,267.76,270.15,2.5
744,744,1,266.94,267.27,6.7
745,745,1,312.77,313.17,2.6
746,746,1,612.92,625.76,1.2
747,747,1,294.04,299.6,5.0
748,748,1,339.68,336.11,1.8
749,749,1,647.45,671.39,0.8
750,750,1,567.49,558.19,3.9
751,751,1,259.66,241.48,0.9
752,752,1,335.68,335.41,1.6
753,753,1,256.87,273.2,2.3
754,754,1,304.5,329.31,0.1
755,755,1,365.53,353.64,0.3
756,756,1,274.0,273.63,2.0
757,757,1,341.69,352.99,0.6
758,758,1,1025.19,1030.03,1.6
759,759,1,941.27,931.23,5.3
760,760,1,310.08,305.83,7.7
761,761,1,686.63,670.42,0.8
762,762,1,326.68,309.76,1.7
763,763,1,1034.49,1029.91,0.5
764,764,1,1079.04,1088.24,6.7
765,765,1,584.53,591.97,3.4
766,766,1,519.32,503.46,0.3
767,767,1,387.42,368.15,1.0
768,768,1,305.83,292.13,0.6
769,769,1,326.5,283.21,0.3
770,770,1,260.88,278.71,6.0
771,771,1,618.43,604.63,0.6
772,772,1,244.15,271.96,1.9
773,773,1,302.19,314.79,0.1
774,774,1,566.6,590.04,0.9
775,775,1,471.85,502.24,1.3
776,776,1,583.84,558.6,4.8
777,777,1,460.11,419.1,0.8
778,778,1,799.85,805.42,0.9
779,779,1,338.12,330.72,3.6
780,780,1,554.74,549.07,2.2
781,781,1,245.29,246.94,0.1
782,782,1,310.07,288.76,0.3
783,783,1,811.83,789.92,1.6
784,784,1,335.1,315.4,0.0
785,785,1,249.24,254.6,1.0
786,786,1,282.74,292.84,3.5
787,787,1,944.72,924.21,0.4
788,788,1,1126.98,1127.94,0.9
789,789,1,261.06,260.55,0.1
790,790,1,610.33,601.64,10.9
791,791,1,287.36,292.69,1.0
792,792,1,523.34,509.14,0.4
793,793,1,197.36,217.96,1.7
794,794,1,268.95,266.34,9.3
795,795,1,636.97,671.96,1.2
796,796,1,981.9,980.18,0.2
797,797,1,287.44,281.6,0.4
798,798,1,344.54,342.07,1.4
799,799,1,814.88,805.19,0.5
800,800,1,265.11,245.24,0.5
801,801,1,223.31,182.74,0.7
802,802,1,615.04,589.47,2.5
803,803,1,294.95,308.87,0.6
804,804,1,321.84,353.1,0.0
805,805,1,229.65,244.71,3.5
806,806,1,289.41,288.29,1.2
807,807,1,535.08,513.65,0.3
808,808,1,986.69,979.9,2.3
809,809,1,317.13,343.37,0.1
810,810,1,553.81,539.07,0.6
811,811,1,196.1,182.73,3.1
812,812,1,265.01,298.42,3.2
813,813,1,518.45,488.14,1.4
814,814,1,234.21,235.3,0.3
815,815,1,537.67,569.86,0.7
816,816,1,226.69,204.94,0.4
817,817,1,583.89,575.8,2.4
818,818,1,1000.29,998.16,0.1
819,819,1,272.42,280.29,0.1
820,820,1,1010.37,1014.27,4.6
821,821,1,252.12,256.27,1.2
822,822,1,306.94,301.79,0.4
823,823,1,224.47,241.69,1.7
824,824,1,930.7,966.92,4.3
825,825,1,573.73,589.85,0.1
826,826,1,930.13,906.17,0.3
827,827,1,626.22,632.06,0.8
828,828,1,151.12,184.54,3.2
829,829,1,910.54,894.07,0.3
830,830,1,911.77,910.98,1.2
831,831,1,581.93,530.72,1.8
832,832,1,593.59,593.97,1.2
833,833,1,981.4,982.59,0.9
834,834,1,275.43,264.36,0.7
835,835,1,983.25,973.75,3.1
836,836,1,960.33,956.89,0.2
837,837,1,558.51,569.27,1.0
838,838,1,267.48,244.88,0.7
839,839,1,221.81,223.41,1.6
840,840,1,975.15,998.28,0.5
841,841,1,1013.08,995.23,4.9
842,842,1,523.68,533.36,0.0
843,843,1,981.99,979.36,0.0
844,844,1,569.38,580.02,0.2
845,845,1,1099.26,1073.87,0.0
846,846,1,231.29,223.04,4.2
847,847,1,247.51,253.31,3.7
848,848,1,465.34,430.41,0.6
849,849,1,254.55,249.74,0.9
850,850,1,312.51,350.1,0.0
851,851,1,554.71,516.57,0.5
852,852,1,331.01,307.32,0.1
853,853,1,612.55,609.85,5.3
854,854,1,290.36,279.22,0.3
855,855,1,982.59,1037.04,5.1
856,856,1,311.16,334.82,0.0
857,857,1,558.93,530.55,0.5
858,858,1,571.1,539.87,0.2
859,859,1,289.57,285.82,0.8
860,860,1,284.47,285.47,0.2
861,861,1,276.09,303.97,4.9
862,862,1,259.54,233.05,0.0
863,863,1,295.34,310.01,0.4
864,864,1,339.98,347.66,0.6
865,865,1,508.29,517.87,1.5
866,866,1,305.33,278.11,2.7
867,867,1,308.21,311.01,0.6
868,868,1,269.38,248.29,0.1
869,869,1,213.63,271.6,2.9
870,870,1,525.13,523.35,7.6
871,871,1,530.71,536.29,0.8
872,872,1,510.55,499.73,0.5
873,873,1,253.95,246.86,1.4
874,874,1,274.19,271.57,0.6
875,875,1,215.36,222.27,1.9
876,876,1,549.9,566.67,1.7
877,877,1,242.79,267.44,1.1
878,878,1,1036.9,1036.07,1.0
879,879,1,622.96,614.67,0.3
880,880,1,515.53,517.86,1.1
881,881,1,554.71,566.09,5.3
882,882,1,762.55,750.65,3.4
883,883,1,234.68,204.03,1.5
884,884,1,260.93,248.55,0.6
885,885,1,960.8,988.08,3.3
886,886,1,598.49,596.83,0.5
887,887,1,283.71,281.54,0.3
888,888,1,344.04,330.44,0.4
889,889,1,270.58,279.04,1.1
890,890,1,823.23,800.21,1.3
891,891,1,333.35,311.35,0.1
892,892,1,276.58,271.42,2.4
893,893,1,286.65,283.33,0.5
894,894,1,1091.33,1087.54,1.0
895,895,1,596.49,620.05,1.0
896,896,1,260.53,256.26,5.3
897,897,1,964.7,951.03,0.0
898,898,1,365.33,355.22,0.4
899,899,1,548.41,586.21,0.0
900,900,1,510.19,519.17,1.7
901,901,1,332.81,317.53,1.3
902,902,1,643.0,662.28,0.7
903,903,1,1026.49,1028.69,2.2
904,904,1,343.2,360.2,0.7
905,905,1,321.57,345.23,0.3
906,906,1,1026.74,1012.18,0.2
907,907,1,249.3,210.14,0.4
908,908,1,689.52,643.19,0.0
909,909,1,237.32,232.59,0.9
910,910,1,862.3,860.32,1.7
911,911,1,532.16,535.16,0.1
912,912,1,894.68,912.21,0.4
913,913,1,270.44,311.79,6.1
914,914,1,905.21,916.31,0.2
915,915,1,554.48,523.87,0.5
916,916,1,551.18,567.25,0.8
917,917,1,567.65,569.48,0.4
918,918,1,350.25,370.53,0.1
919,919,1,533.39,560.3,0.3
920,920,1,230.67,219.17,1.6
921,921,1,342.04,327.38,0.9
922,922,1,602.88,621.62,6.3
923,923,1,260.57,270.98,7.7
924,924,1,650.12,637.25,0.1
925,925,1,259.3,253.44,0.1
926,926,1,273.03,255.98,1.0
927,927,1,481.84,499.14,0.6
928,928,1,281.59,276.49,0.7
929,929,1,1065.98,1095.88,1.2
930,930,1,868.25,888.78,2.1
931,931,1,215.36,227.53,0.8
932,932,1,230.72,181.4,3.1
933,933,1,313.72,313.04,1.5
934,934,1,568.28,541.49,1.3
935,935,1,268.53,288.15,1.2
936,936,1,872.35,885.24,0.5
937,937,1,985.88,953.6,2.9
938,938,1,308.09,315.72,0.2
939,939,1,581.07,580.1,2.0
940,940,1,293.61,295.72,3.2
941,941,1,520.76,544.81,0.1
942,942,1,282.6,268.52,0.2
943,943,1,545.71,556.28,4.6
944,944,1,249.41,248.14,1.3
945,945,1,876.98,869.18,1.5
946,946,1,343.25,319.5,0.1
947,947,1,486.68,476.27,0.7
948,948,1,931.76,942.02,1.3
949,949,1,593.51,606.31,0.2
950,950,1,656.36,645.45,0.2
951,951,1,360.64,414.01,1.8
952,952,1,244.32,270.94,1.3
953,953,1,337.47,312.43,1.0
954,954,1,957.82,963.37,2.9
955,955,1,212.9,180.11,0.2
956,956,1,243.22,252.04,0.3
957,957,1,512.71,534.37,0.0
958,958,1,277.74,266.01,0.3
959,959,1,883.06,885.01,0.3
960,960,1,289.09,286.23,0.1
961,961,1,306.81,301.92,0.9
962,962,1,479.0,460.35,1.2
963,963,1,522.79,520.26,1.1
964,964,1,877.62,900.65,2.0
965,965,1,326.64,335.38,1.1
966,966,1,233.77,244.24,1.4
967,967,1,326.99,315.92,0.8
968,968,1,365.34,389.13,1.0
969,969,1,596.55,606.44,0.5
970,970,1,211.31,210.81,0.4
971,971,1,642.75,661.97,0.9
972,972,1,1030.89,1017.84,0.4
973,973,1,241.96,257.71,0.4
974,974,1,540.87,533.32,1.7
975,975,1,318.16,301.02,0.2
976,976,1,1004.77,1011.22,0.1
977,977,1,211.64,261.75,1.8
978,978,1,590.11,567.04,0.1
979,979,1,250.06,254.78,0.3
980,980,1,235.46,251.42,1.4
981,981,1,212.61,191.01,0.2
982,982,1,358.52,352.38,1.1
983,983,1,813.67,815.72,1.7
984,984,1,268.32,264.6,4.9
985,985,1,976.55,979.26,0.8
986,986,1,307.09,345.79,0.0
987,987,1,266.75,271.67,0.6
988,988,1,302.15,322.2,0.1
989,989,1,260.02,228.32,0.2
990,990,1,960.99,958.19,3.7
991,991,1,256.53,261.16,0.6
992,992,1,944.06,958.9,0.4
993,993,1,248.79,214.6,3.7
994,994,1,320.47,319.17,2.3
995,995,1,354.08,317.81,2.0
996,996,1,585.39,567.23,2.6
997,997,1,474.69,489.77,1.5
998,998,1,800.95,807.37,2.0
999,999,1,221.47,252.15,1.0
1000,1000,1,220.19,231.92,0.4
1001,1,2,244.77,219.07,0.6
1002,2,2,280.38,293.34,3.2
1003,3,2,313.36,322.81,1.5
1004,4,2,326.43,305.51,0.8
1005,5,2,447.03,411.01,11.2
1006,6,2,255.66,268.27,0.1
1007,7,2,976.09,978.23,0.1
1008,8,2,454.97,446.19,0.0
1009,9,2,317.65,314.79,4.2
1010,10,2,529.46,545.95,0.2
1011,11,2,269.84,252.42,4.7
1012,12,2,1025.52,1015.23,0.2
1013,13,2,882.07,886.17,0.9
1014,14,2,861.14,871.42,1.3
1015,15,2,641.42,649.0,3.8
1016,16,2,981.1,1027.39,1.0
1017,17,2,664.97,674.13,6.1
1018,18,2,869.34,889.46,0.3
1019,19,2,230.78,177.2,0.8
1020,20,2,1020.73,1059.49,3.8
1021,21,2,678.8,702.94,0.1
1022,22,2,289.65,256.13,0.6
1023,23,2,893.48,866.97,1.1
1024,24,2,473.47,470.23,0.0
1025,25,2,1017.62,1023.49,5.7
1026,26,2,148.34,163.6,1.5
1027,27,2,551.48,562.77,0.1
1028,28,2,538.82,514.52,1.5
1029,29,2,266.79,271.03,0.0
1030,30,2,507.27,523.37,0.7
1031,31,2,545.32,540.87,0.3
1032,32,2,299.71,295.51,0.1
1033,33,2,535.22,554.95,0.4
1034,34,2,302.05,288.41,5.3
1035,35,2,932.04,918.02,1.0
1036,36,2,981.84,996.34,0.7
1037,37,2,366.96,360.15,3.0
1038,38,2,522.06,540.02,3.4
1039,39,2,355.86,334.77,0.2
1040,40,2,301.45,295.69,4.8
1041,41,2,981.2,973.39,2.7
1042,42,2,284.53,313.73,0.3
1043,43,2,309.34,295.98,1.3
1044,44,2,296.04,304.47,0.5
1045,45,2,555.67,555.33,0.6
1046,46,2,838.77,831.42,1.1
1047,47,2,320.87,343.91,1.0
1048,48,2,173.86,187.87,0.7
1049,49,2,290.13,304.13,0.1
1050,50,2,315.94,313.66,6.3
1051,51,2,216.71,214.9,0.6
1052,52,2,519.04,540.18,0.5
1053,53,2,579.54,607.48,1.4
1054,54,2,331.53,326.17,0.1
1055,55,2,615.27,607.11,0.5
1056,56,2,503.77,477.79,0.7
1057,57,2,204.1,183.47,0.9
1058,58,2,258.3,270.85,0.2
1059,59,2,513.04,478.69,1.4
1060,60,2,305.83,318.12,3.8
1061,61,2,958.36,952.54,0.2
1062,62,2,974.51,956.37,0.3
1063,63,2,1089.74,1087.27,0.5
1064,64,2,328.52,310.89,3.6
1065,65,2,359.58,331.8,0.1
1066,66,2,1045.03,1040.88,0.4
1067,67,2,291.5,307.39,0.3
1068,68,2,289.28,283.0,1.6
1069,69,2,554.91,526.91,4.0
1070,70,2,333.06,355.19,5.5
1071,71,2,566.48,545.92,1.8
1072,72,2,1085.25,1094.06,0.3
1073,73,2,505.54,539.48,1.8
1074,74,2,278.75,237.64,1.4
1075,75,2,987.55,947.7,1.9
1076,76,2,547.64,566.6,1.2
1077,77,2,366.86,399.1,0.3
1078,78,2,548.19,565.11,0.6
1079,79,2,283.76,289.79,0.3
1080,80,2,265.79,302.62,0.2
1081,81,2,601.05,614.02,0.6
1082,82,2,293.93,279.49,0.1
1083,83,2,243.04,285.66,0.8
1084,84,2,491.11,499.4,1.0
1085,85,2,329.48,332.1,2.0
1086,86,2,650.35,618.98,0.4
1087,87,2,255.17,279.57,1.8
1088,88,2,571.85,556.14,2.2
1089,89,2,980.95,961.92,1.0
1090,90,2,232.8,204.07,0.9
1091,91,2,553.02,554.39,9.5
1092,92,2,221.17,206.17,2.5
1093,93,2,263.88,247.03,2.7
1094,94,2,344.2,325.53,0.9
1095,95,2,250.0,242.94,1.3
1096,96,2,281.7,255.24,4.1
1097,97,2,522.65,531.52,0.5
1098,98,2,661.24,645.12,0.5
1099,99,2,809.69,791.38,0.2
1100,100,2,1012.85,981.56,1.1
1101,101,2,251.24,287.44,0.1
1102,102,2,302.4,297.82,5.1
1103,103,2,280.1,270.76,0.3
1104,104,2,541.67,522.98,0.0
1105,105,2,986.72,1013.84,0.2
1106,106,2,297.54,304.04,0.0
1107,107,2,366.91,383.99,0.1
1108,108,2,286.16,297.4,0.3
1109,109,2,868.14,881.99,0.5
1110,110,2,314.37,306.55,1.5
1111,111,2,525.81,538.98,0.4
1112,112,2,255.53,274.4,0.6
1113,113,2,286.02,301.65,0.7
1114,114,2,193.27,207.98,0.5
1115,115,2,501.66,501.48,0.9
1116,116,2,647.31,643.34,0.2
1117,117,2,229.27,240.71,4.7
1118,118,2,347.28,356.36,5.1
1119,119,2,218.85,220.92,1.2
1120,120,2,246.66,265.35,1.2
1121,121,2,332.93,338.23,0.0
1122,122,2,249.79,231.33,1.2
1123,123,2,594.59,574.75,0.1
1124,124,2,998.32,1007.98,2.2
1125,125,2,588.62,577.73,0.3
1126,126,2,565.0,599.38,0.3
1127,127,2,892.33,895.54,8.7
1128,128,2,1015.68,1001.08,2.5
1129,129,2,377.37,353.25,2.0
1130,130,2,247.06,273.69,3.7
1131,131,2,207.23,175.46,0.7
1132,132,2,883.45,884.93,2.2
1133,133,2,300.22,310.42,0.5
1134,134,2,289.91,255.66,0.6
1135,135,2,530.38,507.11,1.4
1136,136,2,566.71,549.84,0.2
1137,137,2,504.28,546.21,1.5
1138,138,2,719.65,718.98,1.9
1139,139,2,572.74,579.85,0.6
1140,140,2,1081.0,1114.61,0.2
1141,141,2,334.21,327.74,0.6
1142,142,2,972.99,928.17,2.8
1143,143,2,502.69,452.97,0.1
1144,144,2,255.47,235.01,0.4
1145,145,2,827.28,840.2,0.3
1146,146,2,1000.0,1032.47,1.8
1147,147,2,898.56,910.05,0.6
1148,148,2,984.97,972.13,0.1
1149,149,2,348.25,330.07,4.0
1150,150,2,339.63,378.07,0.2
1151,151,2,279.89,333.9,0.7
1152,152,2,804.12,805.96,0.0
1153,153,2,914.93,928.15,2.4
1154,154,2,923.78,927.16,0.9
1155,155,2,902.22,896.85,2.4
1156,156,2,621.61,621.74,4.8
1157,157,2,287.25,258.14,4.0
1158,158,2,260.14,243.38,1.5
1159,159,2,331.91,338.36,1.9
1160,160,2,564.01,590.49,1.4
1161,161,2,319.18,320.12,0.6
1162,162,2,1024.38,1079.38,0.9
1163,163,2,616.38,599.09,0.6
1164,164,2,310.55,315.65,1.4
1165,165,2,956.35,975.13,0.1
1166,166,2,525.63,516.17,1.2
1167,167,2,596.87,620.67,1.0
1168,168,2,268.26,312.44,3.1
1169,169,2,259.24,234.99,4.2
1170,170,2,295.5,289.26,0.8
1171,171,2,644.41,616.43,0.0
1172,172,2,658.38,629.82,2.3
1173,173,2,1069.61,1095.17,1.0
1174,174,2,886.6,902.56,0.2
1175,175,2,240.85,225.08,0.1
1176,176,2,886.07,901.88,1.3
1177,177,2,272.71,239.57,5.3
1178,178,2,287.08,289.3,1.8
1179,179,2,514.23,507.43,0.1
1180,180,2,934.59,937.24,5.1
1181,181,2,1023.17,1015.2,0.2
1182,182,2,885.89,873.75,0.5
1183,183,2,353.74,373.22,0.7
1184,184,2,300.05,298.3,0.1
1185,185,2,351.54,360.24,1.1
1186,186,2,541.5,525.74,4.8
1187,187,2,327.72,291.6,0.0
1188,188,2,288.8,281.88,5.9
1189,189,2,324.75,298.16,8.9
1190,190,2,530.16,525.09,0.4
1191,191,2,676.58,695.45,0.1
1192,192,2,224.4,209.53,1.5
1193,193,2,311.82,340.31,1.7
1194,194,2,604.94,609.32,0.9
1195,195,2,548.08,593.47,4.8
1196,196,2,396.6,397.91,2.8
1197,197,2,391.43,401.09,4.0
1198,198,2,895.31,852.53,0.2
1199,199,2,607.84,593.79,0.1
1200,200,2,317.57,308.24,0.8
1201,201,2,590.03,623.88,0.9
1202,202,2,607.3,591.67,3.9
1203,203,2,327.94,351.77,0.3
1204,204,2,312.26,339.75,0.5
1205,205,2,1112.86,1092.13,0.3
1206,206,2,581.26,593.66,3.3
1207,207,2,281.43,282.12,3.3
1208,208,2,571.38,583.73,0.1
1209,209,2,361.17,363.39,0.0
1210,210,2,531.38,524.17,7.0
1211,211,2,278.51,255.44,9.8
1212,212,2,287.02,306.44,0.3
1213,213,2,316.78,290.45,0.2
1214,214,2,890.39,909.03,0.0
1215,215,2,533.15,522.29,3.8
1216,216,2,1004.25,1034.82,0.5
1217,217,2,278.78,299.16,0.5
1218,218,2,700.0,718.4,0.0
1219,219,2,314.2,315.93,0.1
1220,220,2,662.36,674.48,1.2
1221,221,2,330.54,332.32,0.3
1222,222,2,598.28,598.35,3.0
1223,223,2,327.52,349.33,3.6
1224,224,2,264.14,265.78,2.1
1225,225,2,653.66,658.02,0.4
1226,226,2,423.3,456.0,1.8
1227,227,2,271.23,304.09,0.1
1228,228,2,934.87,899.1,3.6
1229,229,2,298.74,249.26,0.7
1230,230,2,624.3,645.77,1.4
1231,231,2,951.05,976.39,0.1
1232,232,2,491.11,480.9,4.2
1233,233,2,274.54,302.74,1.9
1234,234,2,584.08,570.58,2.1
1235,235,2,560.74,551.89,0.9
1236,236,2,310.54,340.84,2.0
1237,237,2,608.18,591.62,3.2
1238,238,2,890.48,886.05,3.1
1239,239,2,292.65,292.23,1.5
1240,240,2,316.4,336.08,0.2
1241,241,2,527.02,508.33,0.3
1242,242,2,314.82,294.42,0.6
1243,243,2,609.15,601.02,3.5
1244,244,2,216.77,209.37,0.8
1245,245,2,280.09,287.08,1.7
1246,246,2,508.78,489.87,0.3
1247,247,2,980.27,980.9,6.7
1248,248,2,343.81,334.25,1.9
1249,249,2,993.78,992.35,0.8
1250,250,2,323.45,341.41,1.2
1251,251,2,347.4,374.35,1.5
1252,252,2,520.17,522.74,3.9
1253,253,2,249.58,277.87,2.0
1254,254,2,528.25,499.24,4.1
1255,255,2,281.08,289.04,0.5
1256,256,2,379.81,410.84,0.1
1257,257,2,300.61,297.43,1.8
1258,258,2,1032.11,1055.23,0.5
1259,259,2,940.42,938.97,8.7
1260,260,2,249.32,256.44,0.3
1261,261,2,308.35,305.21,0.5
1262,262,2,1001.81,972.3,0.6
1263,263,2,303.52,306.69,0.3
1264,264,2,873.73,884.83,0.4
1265,265,2,604.23,589.41,0.8
1266,266,2,767.83,764.07,0.8
1267,267,2,322.25,313.59,0.6
1268,268,2,224.7,239.05,2.4
1269,269,2,237.84,254.65,1.0
1270,270,2,339.9,334.01,1.2
1271,271,2,326.97,312.32,0.3
1272,272,2,909.56,931.52,1.3
1273,273,2,388.16,385.92,0.3
1274,274,2,330.75,357.99,0.1
1275,275,2,266.75,248.16,0.6
1276,276,2,324.96,332.44,0.7
1277,277,2,584.7,567.37,2.9
1278,278,2,326.1,312.03,1.1
1279,279,2,613.05,630.81,0.4
1280,280,2,1018.0,993.25,0.2
1281,281,2,226.88,235.83,1.9
1282,282,2,602.07,620.1,0.2
1283,283,2,251.76,253.9,0.6
1284,284,2,247.79,246.41,3.3
1285,285,2,839.74,854.75,3.9
1286,286,2,969.75,931.31,1.2
1287,287,2,283.84,313.3,0.4
1288,288,2,228.4,237.53,0.7
1289,289,2,271.07,275.13,0.0
1290,290,2,546.82,540.21,0.3
1291,291,2,608.68,614.32,0.7
1292,292,2,257.79,291.64,3.5
1293,293,2,978.42,997.63,2.0
1294,294,2,576.47,552.78,1.1
1295,295,2,302.36,283.08,0.1
1296,296,2,994.79,998.47,0.1
1297,297,2,612.93,592.14,5.8
1298,298,2,370.15,350.81,0.7
1299,299,2,655.66,659.54,0.8
1300,300,2,1073.83,1076.5,0.3
1301,301,2,1067.43,1071.25,1.5
1302,302,2,339.43,347.82,1.9
1303,303,2,541.34,527.03,0.8
1304,304,2,876.67,862.52,0.1
1305,305,2,1006.92,994.4,0.5
1306,306,2,332.06,369.11,0.3
1307,307,2,476.39,460.09,2.7
1308,308,2,1031.87,1015.35,1.7
1309,309,2,287.62,235.61,3.6
1310,310,2,391.35,390.89,0.2
1311,311,2,529.64,517.12,0.3
1312,312,2,560.54,578.92,1.7
1313,313,2,483.04,479.29,1.3
1314,314,2,275.61,268.88,0.4
1315,315,2,712.19,712.29,0.3
1316,316,2,281.94,260.57,1.1
1317,317,2,1004.05,984.5,4.7
1318,318,2,326.51,340.17,0.2
1319,319,2,293.19,278.76,0.7
1320,320,2,966.44,952.16,1.8
1321,321,2,618.61,629.11,2.2
1322,322,2,256.72,283.38,5.9
1323,323,2,294.3,291.17,0.2
1324,324,2,604.29,622.51,0.6
1325,325,2,940.89,909.35,0.4
1326,326,2,363.93,368.23,4.3
1327,327,2,964.98,1008.87,9.6
1328,328,2,300.95,301.76,0.9
1329,329,2,636.51,641.9,3.6
1330,330,2,269.26,241.31,4.6
1331,331,2,227.13,209.33,0.4
1332,332,2,992.76,993.59,0.6
1333,333,2,235.25,206.65,0.3
1334,334,2,917.41,919.85,2.4
1335,335,2,316.31,331.04,0.4
1336,336,2,250.32,227.87,1.2
1337,337,2,918.68,909.9,1.1
1338,338,2,567.54,556.68,0.2
1339,339,2,223.35,202.34,2.7
1340,340,2,701.78,698.08,0.1
1341,341,2,224.0,218.89,2.1
1342,342,2,935.03,991.28,0.2
1343,343,2,309.74,277.7,4.5
1344,344,2,612.43,593.42,0.3
1345,345,2,299.13,265.02,1.6
1346,346,2,699.06,698.88,5.9
1347,347,2,864.13,861.86,0.2
1348,348,2,970.08,975.16,4.2
1349,349,2,379.44,373.3,0.6
1350,350,2,328.66,354.54,1.8
1351,351,2,339.0,344.91,3.4
1352,352,2,921.03,950.08,0.0
1353,353,2,302.0,326.24,11.9
1354,354,2,607.2,595.67,1.3
1355,355,2,308.48,279.35,0.3
1356,356,2,969.75,983.98,0.1
1357,357,2,513.68,508.48,0.2
1358,358,2,647.35,655.87,0.2
1359,359,2,849.87,845.17,6.8
1360,360,2,959.01,971.9,1.0
1361,361,2,539.23,510.05,1.6
1362,362,2,578.46,598.75,0.9
1363,363,2,568.3,570.57,0.0
1364,364,2,312.24,308.84,0.2
1365,365,2,273.76,298.09,1.0
1366,366,2,602.04,577.52,2.0
1367,367,2,551.56,502.91,0.7
1368,368,2,330.2,316.84,1.1
1369,369,2,214.91,218.0,1.8
1370,370,2,619.95,630.89,2.5
1371,371,2,257.68,281.62,3.7
1372,372,2,576.82,602.97,0.6
1373,373,2,585.22,592.47,0.7
1374,374,2,280.47,293.16,0.1
1375,375,2,307.18,281.7,3.1
1376,376,2,306.09,317.91,1.6
1377,377,2,270.31,282.67,0.2
1378,378,2,675.44,689.15,0.0
1379,379,2,634.4,601.27,0.8
1380,380,2,1014.11,1011.58,4.5
1381,381,2,316.94,331.3,1.2
1382,382,2,563.73,520.79,0.5
1383,383,2,407.74,403.47,2.8
1384,384,2,802.93,791.37,0.1
1385,385,2,274.19,280.39,3.7
1386,386,2,555.44,554.35,1.3
1387,387,2,524.5,512.54,3.4
1388,388,2,234.84,219.83,1.0
1389,389,2,912.39,916.99,1.2
1390,390,2,358.42,336.2,0.2
1391,391,2,226.83,222.91,0.7
1392,392,2,550.95,536.71,1.7
1393,393,2,599.86,600.44,0.3
1394,394,2,279.96,255.92,0.2
1395,395,2,276.79,271.4,2.3
1396,396,2,261.99,257.94,0.4
1397,397,2,943.95,964.29,0.1
1398,398,2,462.81,474.77,0.6
1399,399,2,315.18,352.87,3.4
1400,400,2,296.26,297.72,0.3
1401,401,2,859.44,870.61,0.2
1402,402,2,979.42,959.06,0.3
1403,403,2,260.53,291.9,0.9
1404,404,2,582.72,614.17,1.6
1405,405,2,190.49,191.12,0.1
1406,406,2,271.86,289.27,0.7
1407,407,2,922.61,918.1,2.6
1408,408,2,902.14,887.0,1.9
1409,409,2,348.71,348.23,1.7
1410,410,2,948.77,966.01,0.0
1411,411,2,565.94,574.02,1.0
1412,412,2,605.65,609.15,2.7
1413,413,2,550.07,584.68,0.4
1414,414,2,478.74,486.19,0.7
1415,415,2,977.68,1017.24,0.0
1416,416,2,311.42,327.78,0.1
1417,417,2,468.38,480.74,0.1
1418,418,2,293.16,308.76,1.0
1419,419,2,814.79,803.87,0.0
1420,420,2,248.7,238.5,0.4
1421,421,2,232.09,231.06,0.5
1422,422,2,557.83,599.73,0.2
1423,423,2,387.09,392.02,0.7
1424,424,2,312.25,303.22,4.5
1425,425,2,181.48,199.9,0.1
1426,426,2,582.62,587.79,2.1
1427,427,2,289.27,288.6,0.8
1428,428,2,243.95,229.62,0.3
1429,429,2,616.68,592.48,1.7
1430,430,2,1042.99,1058.32,0.8
1431,431,2,565.58,554.57,0.4
1432,432,2,216.81,186.69,0.1
1433,433,2,763.65,785.36,0.3
1434,434,2,965.72,953.32,7.4
1435,435,2,591.22,593.2,0.0
1436,436,2,573.2,563.71,2.2
1437,437,2,264.84,299.04,0.5
1438,438,2,564.66,556.26,0.8
1439,439,2,622.14,647.64,0.3
1440,440,2,308.98,340.11,2.2
1441,441,2,288.85,292.84,1.1
1442,442,2,239.57,223.81,1.9
1443,443,2,544.27,506.68,0.8
1444,444,2,272.88,277.65,1.1
1445,445,2,512.49,544.71,0.3
1446,446,2,851.61,837.26,1.5
1447,447,2,230.96,254.37,0.4
1448,448,2,354.24,346.16,0.9
1449,449,2,305.14,323.86,0.8
1450,450,2,325.26,349.14,1.0
1451,451,2,1005.58,1004.38,9.1
1452,452,2,604.3,619.76,1.7
1453,453,2,898.69,899.66,0.4
1454,454,2,950.76,937.76,0.3
1455,455,2,355.21,318.25,5.5
1456,456,2,540.34,507.91,0.8
1457,457,2,265.44,243.59,0.3
1458,458,2,326.6,361.82,0.9
1459,459,2,277.08,282.02,0.6
1460,460,2,257.12,260.54,0.4
1461,461,2,500.16,499.2,1.5
1462,462,2,615.08,595.71,0.5
1463,463,2,309.29,308.95,0.2
1464,464,2,356.1,333.85,0.0
1465,465,2,584.5,594.63,0.1
1466,466,2,554.46,524.11,2.1
1467,467,2,670.98,665.24,0.7
1468,468,2,313.45,328.72,2.1
1469,469,2,275.62,288.05,0.6
1470,470,2,468.85,471.3,0.0
1471,471,2,558.41,558.87,0.9
1472,472,2,221.67,249.06,0.7
1473,473,2,285.78,288.62,0.1
1474,474,2,273.58,259.44,0.2
1475,475,2,679.15,687.1,0.6
1476,476,2,220.43,218.3,0.0
1477,477,2,540.93,536.71,0.0
1478,478,2,1011.23,1017.29,2.9
1479,479,2,276.31,257.83,1.4
1480,480,2,144.2,119.5,1.6
1481,481,2,212.23,199.36,0.2
1482,482,2,242.95,202.23,0.1
1483,483,2,1013.46,1044.64,0.0
1484,484,2,1093.39,1129.02,22.7
1485,485,2,236.53,239.76,5.2
1486,486,2,940.94,922.02,0.2
1487,487,2,244.3,258.91,0.1
1488,488,2,630.66,639.62,0.0
1489,489,2,675.43,709.53,0.3
1490,490,2,307.53,282.02,1.9
1491,491,2,597.55,573.91,0.1
1492,492,2,557.07,530.15,0.6
1493,493,2,299.41,292.72,0.7
1494,494,2,1068.04,1045.91,0.2
1495,495,2,278.97,286.35,0.3
1496,496,2,176.99,218.84,3.0
1497,497,2,981.0,1008.86,0.2
1498,498,2,256.54,226.22,0.3
1499,499,2,197.54,206.51,0.4
1500,500,2,310.6,315.69,0.4
1501,501,2,324.3,342.9,1.2
1502,502,2,391.99,392.86,1.7
1503,503,2,209.14,201.28,0.3
1504,504,2,571.97,565.01,0.1
1505,505,2,347.34,304.83,0.1
1506,506,2,871.23,864.02,0.0
1507,507,2,853.79,850.44,0.3
1508,508,2,245.75,261.58,1.3
1509,509,2,953.67,958.69,0.9
1510,510,2,903.16,893.66,1.9
1511,511,2,873.93,894.82,0.0
1512,512,2,663.58,667.6,5.2
1513,513,2,278.96,253.11,0.3
1514,514,2,204.31,190.66,5.0
1515,515,2,987.8,973.7,0.1
1516,516,2,623.01,625.17,1.4
1517,517,2,965.29,946.19,3.3
1518,518,2,615.71,633.73,1.6
1519,519,2,373.7,380.22,0.7
1520,520,2,231.1,224.03,0.1
1521,521,2,977.81,976.7,2.3
1522,522,2,376.25,366.85,1.9
1523,523,2,450.57,453.59,1.1
1524,524,2,896.68,891.97,5.7
1525,525,2,360.45,383.38,0.2
1526,526,2,323.73,293.85,0.3
1527,527,2,568.81,558.68,0.2
1528,528,2,981.61,985.58,0.7
1529,529,2,464.91,423.52,1.4
1530,530,2,367.66,384.74,1.1
1531,531,2,239.0,246.27,1.2
1532,532,2,217.78,233.11,2.7
1533,533,2,318.39,265.45,0.3
1534,534,2,274.35,295.01,0.2
1535,535,2,1009.33,1040.48,3.9
1536,536,2,320.54,332.91,1.6
1537,537,2,1087.91,1111.03,0.2
1538,538,2,1020.69,1024.06,1.6
1539,539,2,482.86,490.34,0.1
1540,540,2,632.82,638.54,6.5
1541,541,2,231.67,290.71,0.1
1542,542,2,644.66,644.73,0.5
1543,543,2,302.23,294.52,0.2
1544,544,2,271.17,261.12,0.1
1545,545,2,509.97,539.31,2.7
1546,546,2,186.46,178.22,4.2
1547,547,2,201.54,216.46,0.4
1548,548,2,686.29,677.37,0.1
1549,549,2,241.59,268.36,1.6
1550,550,2,285.27,301.86,1.8
1551,551,2,266.9,279.04,1.5
1552,552,2,272.65,308.97,0.1
1553,553,2,596.76,571.53,1.9
1554,554,2,681.19,722.3,0.1
1555,555,2,328.23,358.8,0.1
1556,556,2,587.34,610.3,3.0
1557,557,2,1063.83,1067.44,1.0
1558,558,2,510.61,534.43,0.1
1559,559,2,587.18,594.62,0.5
1560,560,2,611.86,622.6,0.1
1561,561,2,1043.49,1095.88,0.8
1562,562,2,941.69,931.46,1.1
1563,563,2,263.28,247.19,0.5
1564,564,2,255.51,256.83,1.7
1565,565,2,232.78,213.38,0.4
1566,566,2,553.15,538.43,0.2
1567,567,2,269.74,272.71,0.7
1568,568,2,839.45,845.65,0.3
1569,569,2,320.57,356.9,2.9
1570,570,2,623.39,609.09,2.2
1571,571,2,246.01,255.1,2.0
1572,572,2,244.51,212.48,0.6
1573,573,2,258.81,274.81,3.4
1574,574,2,560.24,569.85,1.0
1575,575,2,242.23,222.98,6.7
1576,576,2,326.22,333.65,0.7
1577,577,2,443.98,432.02,0.2
1578,578,2,1100.15,1040.83,4.1
1579,579,2,521.43,486.05,0.9
1580,580,2,648.31,610.11,4.2
1581,581,2,342.42,349.75,1.4
1582,582,2,1029.85,1020.89,0.5
1583,583,2,362.99,365.72,0.3
1584,584,2,944.88,949.91,0.3
1585,585,2,991.18,989.07,1.8
1586,586,2,256.36,252.55,2.5
1587,587,2,182.07,200.82,0.0
1588,588,2,537.64,512.88,1.0
1589,589,2,658.0,660.6,0.4
1590,590,2,560.81,570.82,1.5
1591,591,2,1098.18,1108.1,0.2
1592,592,2,703.29,681.48,0.3
1593,593,2,448.76,428.45,0.1
1594,594,2,694.27,666.12,3.4
1595,595,2,354.37,333.27,0.2
1596,596,2,615.26,624.14,0.2
1597,597,2,959.9,970.32,1.5
1598,598,2,282.37,274.69,2.7
1599,599,2,849.15,842.56,0.1
1600,600,2,1006.48,981.98,2.1
1601,601,2,286.12,309.23,1.3
1602,602,2,926.92,865.82,0.2
1603,603,2,530.12,555.31,4.6
1604,604,2,285.46,313.0,0.5
1605,605,2,264.36,254.79,0.1
1606,606,2,242.58,252.47,0.1
1607,607,2,562.27,578.08,1.2
1608,608,2,252.35,251.28,1.6
1609,609,2,319.05,315.76,3.3
1610,610,2,941.13,954.94,2.7
1611,611,2,657.02,638.68,7.8
1612,612,2,609.3,603.41,0.3
1613,613,2,895.12,913.67,0.8
1614,614,2,291.57,301.55,0.5
1615,615,2,210.98,210.41,2.8
1616,616,2,615.9,629.08,0.0
1617,617,2,341.46,329.09,2.9
1618,618,2,313.69,313.03,0.3
1619,619,2,478.25,509.94,2.5
1620,620,2,223.05,272.9,0.6
1621,621,2,572.16,566.96,1.2
1622,622,2,601.41,623.83,0.2
1623,623,2,549.04,532.6,0.1
1624,624,2,260.27,260.44,0.3
1625,625,2,226.35,220.49,1.4
1626,626,2,964.8,953.32,2.1
1627,627,2,961.42,982.17,0.2
1628,628,2,345.78,343.9,5.1
1629,629,2,349.63,359.89,0.7
1630,630,2,491.85,532.84,0.3
1631,631,2,336.66,326.0,0.9
1632,632,2,298.38,314.06,3.2
1633,633,2,240.02,228.67,0.7
1634,634,2,294.81,292.62,0.8
1635,635,2,316.04,341.6,5.3
1636,636,2,307.16,304.0,0.9
1637,637,2,867.8,868.39,1.3
1638,638,2,259.73,265.98,2.5
1639,639,2,297.73,283.72,0.3
1640,640,2,340.18,325.69,0.4
1641,641,2,869.0,892.55,1.6
1642,642,2,244.55,267.92,0.8
1643,643,2,274.13,301.29,0.4
1644,644,2,582.88,570.87,0.4
1645,645,2,603.85,613.97,0.1
1646,646,2,1029.22,1064.04,0.6
1647,647,2,230.6,253.44,1.7
1648,648,2,302.9,287.21,0.7
1649,649,2,261.89,269.96,1.5
1650,650,2,503.06,474.97,0.3
1651,651,2,384.4,396.44,0.4
1652,652,2,217.63,237.99,2.7
1653,653,2,242.27,252.23,0.8
1654,654,2,935.27,926.85,0.0
1655,655,2,260.66,251.48,0.2
1656,656,2,316.27,341.0,1.3
1657,657,2,957.11,943.69,1.3
1658,658,2,504.19,518.93,0.4
1659,659,2,632.15,671.17,0.4
1660,660,2,615.53,626.0,0.6
1661,661,2,322.98,311.95,0.2
1662,662,2,1034.76,1051.77,0.6
1663,663,2,155.19,115.8,2.1
1664,664,2,995.17,997.42,0.1
1665,665,2,245.1,227.72,0.1
1666,666,2,501.78,497.84,2.6
1667,667,2,571.82,529.66,1.0
1668,668,2,238.22,260.36,1.7
1669,669,2,393.63,367.02,0.7
1670,670,2,502.18,504.02,0.9
1671,671,2,232.58,241.19,0.7
1672,672,2,1037.12,1052.11,0.9
1673,673,2,267.83,247.16,3.8
1674,674,2,614.37,611.24,0.8
1675,675,2,504.38,504.01,0.6
1676,676,2,291.87,291.96,0.1
1677,677,2,525.41,528.21,2.3
1678,678,2,547.18,569.45,6.6
1679,679,2,599.53,587.34,0.0
1680,680,2,679.72,664.07,0.6
1681,681,2,588.87,614.94,3.6
1682,682,2,237.42,270.92,0.6
1683,683,2,272.88,308.34,0.5
1684,684,2,372.49,370.84,0.1
1685,685,2,538.49,536.84,0.7
1686,686,2,813.64,799.81,1.2
1687,687,2,191.75,180.65,0.2
1688,688,2,557.5,551.15,0.1
1689,689,2,310.51,319.6,0.0
1690,690,2,537.59,531.48,1.9
1691,691,2,624.74,607.12,0.3
1692,692,2,590.23,560.91,0.4
1693,693,2,668.87,700.77,0.7
1694,694,2,605.73,605.32,8.4
1695,695,2,302.88,305.9,2.1
1696,696,2,590.64,546.92,0.9
1697,697,2,216.55,192.73,0.7
1698,698,2,994.75,1006.06,1.3
1699,699,2,514.99,485.19,3.3
1700,700,2,279.74,264.09,0.7
1701,701,2,202.58,200.99,0.1
1702,702,2,243.08,211.97,0.4
1703,703,2,1019.02,1034.64,0.1
1704,704,2,322.86,321.61,2.8
1705,705,2,658.31,649.11,0.1
1706,706,2,337.08,337.2,5.6
1707,707,2,536.36,528.62,1.6
1708,708,2,569.47,596.43,0.1
1709,709,2,288.93,306.19,0.9
1710,710,2,606.34,657.71,0.9
1711,711,2,287.93,287.83,0.4
1712,712,2,946.9,991.28,3.1
1713,713,2,317.1,300.76,0.4
1714,714,2,647.07,671.77,0.2
1715,715,2,334.61,336.02,0.4
1716,716,2,660.67,663.49,1.3
1717,717,2,415.42,418.56,2.3
1718,718,2,634.15,650.25,2.0
1719,719,2,275.94,277.89,0.7
1720,720,2,324.59,283.94,0.1
1721,721,2,1022.44,1017.79,0.2
1722,722,2,329.68,328.29,5.8
1723,723,2,373.75,376.84,1.5
1724,724,2,463.31,481.64,0.3
1725,725,2,337.22,335.05,0.0
1726,726,2,1091.52,1079.71,0.0
1727,727,2,327.4,349.43,0.3
1728,728,2,977.18,985.96,0.7
1729,729,2,986.92,988.09,0.1
1730,730,2,284.35,280.2,0.2
1731,731,2,283.81,276.64,2.9
1732,732,2,630.68,616.97,0.0
1733,733,2,635.04,612.5,0.1
1734,734,2,330.33,343.57,0.2
1735,735,2,326.72,338.42,0.0
1736,736,2,338.33,328.41,0.9
1737,737,2,520.39,500.98,2.6
1738,738,2,640.61,628.18,0.0
1739,739,2,372.33,380.57,3.9
1740,740,2,567.79,590.07,1.4
1741,741,2,673.97,649.03,1.6
1742,742,2,810.16,823.91,0.9
1743,743,2,267.76,297.32,2.0
1744,744,2,266.94,280.93,0.6
1745,745,2,312.77,297.61,0.2
1746,746,2,612.92,590.04,1.4
1747,747,2,294.04,290.32,0.5
1748,748,2,339.68,368.47,0.4
1749,749,2,647.45,662.43,0.2
1750,750,2,567.49,563.12,0.3
1751,751,2,259.66,284.26,5.3
1752,752,2,335.68,327.07,3.3
1753,753,2,256.87,248.03,0.4
1754,754,2,304.5,299.79,0.6
1755,755,2,365.53,342.03,1.0
1756,756,2,274.0,259.36,2.7
1757,757,2,341.69,311.06,0.2
1758,758,2,1025.19,1007.74,1.9
1759,759,2,941.27,1004.62,0.7
1760,760,2,310.08,326.31,1.8
1761,761,2,686.63,680.21,1.9
1762,762,2,326.68,320.81,5.5
1763,763,2,1034.49,1016.66,0.0
1764,764,2,1079.04,1103.59,2.8
1765,765,2,584.53,570.18,0.1
1766,766,2,519.32,521.51,0.5
1767,767,2,387.42,382.78,0.1
1768,768,2,305.83,308.91,1.0
1769,769,2,326.5,300.66,0.9
1770,770,2,260.88,267.61,2.2
1771,771,2,618.43,595.09,0.6
1772,772,2,244.15,244.6,1.3
1773,773,2,302.19,329.55,0.1
1774,774,2,566.6,579.8,3.4
1775,775,2,471.85,474.86,0.1
1776,776,2,583.84,546.51,5.4
1777,777,2,460.11,493.93,0.1
1778,778,2,799.85,822.43,0.3
1779,779,2,338.12,332.21,6.0
1780,780,2,554.74,567.35,1.5
1781,781,2,245.29,275.1,4.7
1782,782,2,310.07,318.91,0.3
1783,783,2,811.83,822.55,0.9
1784,784,2,335.1,340.5,1.2
1785,785,2,249.24,244.64,0.9
1786,786,2,282.74,269.14,0.7
1787,787,2,944.72,947.57,0.2
1788,788,2,1126.98,1123.24,1.3
1789,789,2,261.06,294.66,2.8
1790,790,2,610.33,606.88,4.7
1791,791,2,287.36,329.6,0.3
1792,792,2,523.34,502.57,2.2
1793,793,2,197.36,235.78,0.2
1794,794,2,268.95,289.6,6.2
1795,795,2,636.97,600.58,2.4
1796,796,2,981.9,969.68,0.5
1797,797,2,287.44,274.63,2.1
1798,798,2,344.54,324.83,0.0
1799,799,2,814.88,831.76,0.0
1800,800,2,265.11,268.93,0.5
1801,801,2,223.31,229.85,0.2
1802,802,2,615.04,560.23,5.7
1803,803,2,294.95,276.95,1.5
1804,804,2,321.84,318.21,0.0
1805,805,2,229.65,283.79,2.8
1806,806,2,289.41,287.06,0.2
1807,807,2,535.08,532.82,0.6
1808,808,2,986.69,990.64,1.3
1809,809,2,317.13,348.79,0.2
1810,810,2,553.81,571.93,0.2
1811,811,2,196.1,216.89,0.5
1812,812,2,265.01,276.19,2.1
1813,813,2,518.45,502.13,2.8
1814,814,2,234.21,268.17,0.1
1815,815,2,537.67,493.03,0.9
1816,816,2,226.69,242.28,5.4
1817,817,2,583.89,548.9,1.3
1818,818,2,1000.29,1035.85,0.8
1819,819,2,272.42,267.27,1.4
1820,820,2,1010.37,992.41,2.9
1821,821,2,252.12,264.13,0.8
1822,822,2,306.94,280.19,1.1
1823,823,2,224.47,226.94,0.9
1824,824,2,930.7,938.17,8.2
1825,825,2,573.73,571.9,0.0
1826,826,2,930.13,940.59,0.4
1827,827,2,626.22,636.97,0.8
1828,828,2,151.12,155.52,6.3
1829,829,2,910.54,941.64,0.5
1830,830,2,911.77,892.3,2.9
1831,831,2,581.93,576.95,0.8
1832,832,2,593.59,608.4,7.1
1833,833,2,981.4,960.49,0.8
1834,834,2,275.43,223.12,1.6
1835,835,2,983.25,988.57,0.5
1836,836,2,960.33,984.93,0.6
1837,837,2,558.51,567.25,0.3
1838,838,2,267.48,264.61,0.9
1839,839,2,221.81,210.62,0.6
1840,840,2,975.15,963.21,1.2
1841,841,2,1013.08,1038.05,1.8
1842,842,2,523.68,571.1,0.1
1843,843,2,981.99,996.33,1.7
1844,844,2,569.38,560.49,0.1
1845,845,2,1099.26,1109.69,0.0
1846,846,2,231.29,232.43,2.1
1847,847,2,247.51,243.94,4.8
1848,848,2,465.34,453.99,2.6
1849,849,2,254.55,235.22,0.0
1850,850,2,312.51,304.35,0.6
1851,851,2,554.71,528.06,0.5
1852,852,2,331.01,346.89,0.1
1853,853,2,612.55,633.98,1.6
1854,854,2,290.36,282.94,0.3
1855,855,2,982.59,1003.3,0.3
1856,856,2,311.16,330.08,0.7
1857,857,2,558.93,586.71,0.5
1858,858,2,571.1,574.72,3.2
1859,859,2,289.57,294.09,1.4
1860,860,2,284.47,246.06,0.3
1861,861,2,276.09,287.04,1.8
1862,862,2,259.54,238.99,1.1
1863,863,2,295.34,273.91,0.5
1864,864,2,339.98,362.85,0.2
1865,865,2,508.29,528.81,0.5
1866,866,2,305.33,327.86,5.5
1867,867,2,308.21,333.4,0.6
1868,868,2,269.38,282.78,1.1
1869,869,2,213.63,176.93,0.7
1870,870,2,525.13,494.57,1.6
1871,871,2,530.71,546.64,2.6
1872,872,2,510.55,502.65,6.3
1873,873,2,253.95,264.5,0.1
1874,874,2,274.19,277.39,0.2
1875,875,2,215.36,198.6,1.2
1876,876,2,549.9,524.43,0.7
1877,877,2,242.79,222.28,1.1
1878,878,2,1036.9,1050.7,0.2
1879,879,2,622.96,600.03,0.1
1880,880,2,515.53,472.86,0.3
1881,881,2,554.71,568.06,1.9
1882,882,2,762.55,775.6,0.4
1883,883,2,234.68,240.35,0.4
1884,884,2,260.93,231.97,0.5
1885,885,2,960.8,1000.11,1.0
1886,886,2,598.49,585.32,0.1
1887,887,2,283.71,286.8,1.5
1888,888,2,344.04,338.01,0.0
1889,889,2,270.58,267.23,1.0
1890,890,2,823.23,836.85,2.8
1891,891,2,333.35,344.6,0.5
1892,892,2,276.58,244.79,2.4
1893,893,2,286.65,289.46,0.0
1894,894,2,1091.33,1067.99,1.4
1895,895,2,596.49,553.99,1.8
1896,896,2,260.53,211.57,4.3
1897,897,2,964.7,971.6,1.8
1898,898,2,365.33,364.76,0.0
1899,899,2,548.41,560.67,0.4
1900,900,2,510.19,518.87,0.2
1901,901,2,332.81,339.27,0.2
1902,902,2,643.0,625.96,0.4
1903,903,2,1026.49,1036.18,0.4
1904,904,2,343.2,319.64,3.3
1905,905,2,321.57,311.32,0.6
1906,906,2,1026.74,1026.31,0.4
1907,907,2,249.3,273.27,0.6
1908,908,2,689.52,705.51,3.9
1909,909,2,237.32,247.1,1.4
1910,910,2,862.3,898.3,1.4
1911,911,2,532.16,573.21,0.0
1912,912,2,894.68,899.81,0.0
1913,913,2,270.44,291.43,0.2
1914,914,2,905.21,907.52,1.6
1915,915,2,554.48,556.61,0.8
1916,916,2,551.18,543.57,1.1
1917,917,2,567.65,555.52,1.8
1918,918,2,350.25,369.14,1.0
1919,919,2,533.39,556.91,1.9
1920,920,2,230.67,232.22,0.0
1921,921,2,342.04,338.44,3.0
1922,922,2,602.88,595.5,0.0
1923,923,2,260.57,258.47,2.8
1924,924,2,650.12,638.82,0.9
1925,925,2,259.3,265.85,0.3
1926,926,2,273.03,255.08,0.4
1927,927,2,481.84,484.23,0.5
1928,928,2,281.59,289.69,2.6
1929,929,2,1065.98,1085.94,2.9
1930,930,2,868.25,837.89,0.6
1931,931,2,215.36,217.18,0.1
1932,932,2,230.72,193.44,1.9
1933,933,2,313.72,300.5,3.7
1934,934,2,568.28,586.94,0.3
1935,935,2,268.53,271.83,0.2
1936,936,2,872.35,856.03,0.5
1937,937,2,985.88,987.77,0.9
1938,938,2,308.09,305.86,1.9
1939,939,2,581.07,599.71,0.0
1940,940,2,293.61,302.47,0.5
1941,941,2,520.76,521.16,1.5
1942,942,2,282.6,303.39,0.2
1943,943,2,545.71,523.49,1.9
1944,944,2,249.41,238.94,6.0
1945,945,2,876.98,836.26,2.5
1946,946,2,343.25,394.64,0.1
1947,947,2,486.68,465.3,0.0
1948,948,2,931.76,925.1,1.0
1949,949,2,593.51,555.9,0.9
1950,950,2,656.36,671.59,1.6
1951,951,2,360.64,343.19,2.9
1952,952,2,244.32,249.14,0.1
1953,953,2,337.47,330.75,3.6
1954,954,2,957.82,964.01,0.6
1955,955,2,212.9,201.15,1.2
1956,956,2,243.22,282.37,0.6
1957,957,2,512.71,509.14,0.0
1958,958,2,277.74,290.71,0.8
1959,959,2,883.06,873.85,0.1
1960,960,2,289.09,281.97,0.7
1961,961,2,306.81,297.93,0.2
1962,962,2,479.0,500.2,7.8
1963,963,2,522.79,512.41,0.2
1964,964,2,877.62,844.68,1.8
1965,965,2,326.64,342.08,0.1
1966,966,2,233.77,227.39,2.0
1967,967,2,326.99,313.54,0.7
1968,968,2,365.34,326.7,1.5
1969,969,2,596.55,612.29,0.3
1970,970,2,211.31,232.64,0.5
1971,971,2,642.75,596.87,1.6
1972,972,2,1030.89,1022.93,0.5
1973,973,2,241.96,248.77,0.2
1974,974,2,540.87,541.05,2.4
1975,975,2,318.16,316.61,1.4
1976,976,2,1004.77,1000.27,0.4
1977,977,2,211.64,217.99,2.8
1978,978,2,590.11,612.45,2.8
1979,979,2,250.06,242.56,0.2
1980,980,2,235.46,212.01,0.1
1981,981,2,212.61,209.77,2.1
1982,982,2,358.52,353.3,0.6
1983,983,2,813.67,829.34,0.4
1984,984,2,268.32,285.47,4.3
1985,985,2,976.55,948.84,9.8
1986,986,2,307.09,278.11,0.0
1987,987,2,266.75,252.21,3.5
1988,988,2,302.15,314.95,0.6
1989,989,2,260.02,287.98,0.2
1990,990,2,960.99,937.43,1.6
1991,991,2,256.53,247.67,0.4
1992,992,2,944.06,914.9,0.3
1993,993,2,248.79,237.62,1.2
1994,994,2,320.47,340.88,1.3
1995,995,2,354.08,332.46,3.7
1996,996,2,585.39,572.08,0.3
1997,997,2,474.69,461.1,1.4
1998,998,2,800.95,797.08,0.8
1999,999,2,221.47,196.66,2.1
2000,1000,2,220.19,222.77,0.2
2001,1,3,244.77,236.79,0.2
2002,2,3,280.38,274.59,0.1
2003,3,3,313.36,322.33,0.5
2004,4,3,326.43,346.06,0.4
2005,5,3,447.03,454.2,4.3
2006,6,3,255.66,262.87,0.0
2007,7,3,976.09,955.72,0.1
2008,8,3,454.97,462.43,0.1
2009,9,3,317.65,377.34,0.7
2010,10,3,529.46,537.94,0.9
2011,11,3,269.84,293.7,0.5
2012,12,3,1025.52,1030.14,0.2
2013,13,3,882.07,890.61,7.4
2014,14,3,861.14,837.88,1.1
2015,15,3,641.42,641.58,4.8
2016,16,3,981.1,956.69,0.1
2017,17,3,664.97,637.14,1.1
2018,18,3,869.34,862.83,1.7
2019,19,3,230.78,233.31,0.6
2020,20,3,1020.73,1045.87,0.4
2021,21,3,678.8,684.56,0.2
2022,22,3,289.65,286.39,2.1
2023,23,3,893.48,929.89,0.2
2024,24,3,473.47,486.73,0.6
2025,25,3,1017.62,984.5,0.5
2026,26,3,148.34,143.39,0.7
2027,27,3,551.48,550.73,0.9
2028,28,3,538.82,522.5,3.6
2029,29,3,266.79,261.52,0.5
2030,30,3,507.27,495.75,1.2
2031,31,3,545.32,533.67,3.4
2032,32,3,299.71,317.8,2.0
2033,33,3,535.22,519.04,0.5
2034,34,3,302.05,311.15,0.1
2035,35,3,932.04,956.41,1.4
2036,36,3,981.84,985.67,6.0
2037,37,3,366.96,354.38,0.3
2038,38,3,522.06,493.46,4.3
2039,39,3,355.86,399.42,1.9
2040,40,3,301.45,318.94,0.3
2041,41,3,981.2,975.93,1.6
2042,42,3,284.53,284.13,0.2
2043,43,3,309.34,275.82,3.2
2044,44,3,296.04,267.18,0.3
2045,45,3,555.67,546.99,1.1
2046,46,3,838.77,833.13,1.0
2047,47,3,320.87,342.31,0.4
2048,48,3,173.86,158.65,0.7
2049,49,3,290.13,288.48,0.2
2050,50,3,315.94,294.03,0.8
2051,51,3,216.71,218.62,0.5
2052,52,3,519.04,528.59,5.0
2053,53,3,579.54,591.52,2.0
2054,54,3,331.53,358.44,0.0
2055,55,3,615.27,579.65,0.4
2056,56,3,503.77,486.41,3.0
2057,57,3,204.1,204.74,0.0
2058,58,3,258.3,270.28,0.0
2059,59,3,513.04,535.35,0.2
2060,60,3,305.83,325.89,0.3
2061,61,3,958.36,934.69,0.6
2062,62,3,974.51,979.21,0.1
2063,63,3,1089.74,1055.73,0.3
2064,64,3,328.52,325.57,11.2
2065,65,3,359.58,377.88,0.2
2066,66,3,1045.03,1052.68,0.5
2067,67,3,291.5,304.22,0.6
2068,68,3,289.28,317.31,11.4
2069,69,3,554.91,592.57,0.7
2070,70,3,333.06,309.18,3.1
2071,71,3,566.48,590.04,0.0
2072,72,3,1085.25,1107.08,0.7
2073,73,3,505.54,498.11,2.4
2074,74,3,278.75,286.66,2.1
2075,75,3,987.55,996.23,0.8
2076,76,3,547.64,533.05,0.2
2077,77,3,366.86,363.74,0.5
2078,78,3,548.19,553.9,2.3
2079,79,3,283.76,279.95,0.7
2080,80,3,265.79,277.74,0.1
2081,81,3,601.05,615.03,0.3
2082,82,3,293.93,302.34,0.1
2083,83,3,243.04,233.66,0.0
2084,84,3,491.11,489.53,0.2
2085,85,3,329.48,316.06,0.7
2086,86,3,650.35,666.36,1.6
2087,87,3,255.17,267.93,1.5
2088,88,3,571.85,577.02,1.4
2089,89,3,980.95,947.36,1.2
2090,90,3,232.8,216.01,0.6
2091,91,3,553.02,551.48,1.1
2092,92,3,221.17,219.22,0.1
2093,93,3,263.88,225.22,0.5
2094,94,3,344.2,337.5,0.3
2095,95,3,250.0,230.08,3.8
2096,96,3,281.7,307.09,3.1
2097,97,3,522.65,528.73,0.2
2098,98,3,661.24,650.61,1.6
2099,99,3,809.69,817.44,6.3
2100,100,3,1012.85,1020.72,0.7
2101,101,3,251.24,258.95,0.0
2102,102,3,302.4,320.47,0.2
2103,103,3,280.1,292.8,0.4
2104,104,3,541.67,563.77,1.8
2105,105,3,986.72,967.27,1.5
2106,106,3,297.54,292.96,3.8
2107,107,3,366.91,378.08,0.2
2108,108,3,286.16,272.6,0.4
2109,109,3,868.14,888.38,1.0
2110,110,3,314.37,317.85,2.3
2111,111,3,525.81,530.42,0.1
2112,112,3,255.53,262.65,2.7
2113,113,3,286.02,239.78,0.4
2114,114,3,193.27,153.76,2.0
2115,115,3,501.66,507.0,1.2
2116,116,3,647.31,636.74,0.5
2117,117,3,229.27,206.25,1.8
2118,118,3,347.28,349.02,4.7
2119,119,3,218.85,194.33,0.8
2120,120,3,246.66,282.85,0.3
2121,121,3,332.93,339.01,0.5
2122,122,3,249.79,212.51,0.1
2123,123,3,594.59,602.61,0.2
2124,124,3,998.32,980.86,3.0
2125,125,3,588.62,588.81,0.6
2126,126,3,565.0,579.36,3.1
2127,127,3,892.33,920.09,0.2
2128,128,3,1015.68,967.46,2.5
2129,129,3,377.37,376.66,1.7
2130,130,3,247.06,277.05,0.6
2131,131,3,207.23,194.35,0.1
2132,132,3,883.45,867.24,3.6
2133,133,3,300.22,314.97,0.1
2134,134,3,289.91,252.69,0.0
2135,135,3,530.38,522.67,0.2
2136,136,3,566.71,536.47,0.8
2137,137,3,504.28,507.62,2.5
2138,138,3,719.65,706.09,1.7
2139,139,3,572.74,581.69,1.0
2140,140,3,1081.0,1067.2,0.2
2141,141,3,334.21,350.82,0.3
2142,142,3,972.99,976.73,2.6
2143,143,3,502.69,532.76,0.5
2144,144,3,255.47,278.97,1.4
2145,145,3,827.28,836.27,0.2
2146,146,3,1000.0,1031.32,1.0
2147,147,3,898.56,861.72,0.5
2148,148,3,984.97,998.55,3.5
2149,149,3,348.25,366.77,0.1
2150,150,3,339.63,366.35,1.1
2151,151,3,279.89,282.86,0.7
2152,152,3,804.12,802.12,0.1
2153,153,3,914.93,905.69,3.8
2154,154,3,923.78,941.09,0.0
2155,155,3,902.22,908.94,0.6
2156,156,3,621.61,595.11,4.7
2157,157,3,287.25,281.53,0.6
2158,158,3,260.14,271.34,1.3
2159,159,3,331.91,337.95,4.5
2160,160,3,564.01,584.6,1.4
2161,161,3,319.18,323.59,3.3
2162,162,3,1024.38,1030.99,0.0
2163,163,3,616.38,606.09,0.2
2164,164,3,310.55,331.07,2.3
2165,165,3,956.35,956.74,0.4
2166,166,3,525.63,532.8,1.0
2167,167,3,596.87,618.81,0.8
2168,168,3,268.26,247.85,0.4
2169,169,3,259.24,283.83,1.5
2170,170,3,295.5,286.84,0.5
2171,171,3,644.41,617.49,0.7
2172,172,3,658.38,690.99,0.6
2173,173,3,1069.61,1048.98,2.0
2174,174,3,886.6,912.01,0.7
2175,175,3,240.85,253.13,0.3
2176,176,3,886.07,852.52,4.5
2177,177,3,272.71,273.3,1.6
2178,178,3,287.08,273.44,1.6
2179,179,3,514.23,521.39,0.0
2180,180,3,934.59,934.56,0.3
2181,181,3,1023.17,1034.89,0.2
2182,182,3,885.89,916.56,0.3
2183,183,3,353.74,341.27,4.3
2184,184,3,300.05,302.46,0.3
2185,185,3,351.54,308.72,0.2
2186,186,3,541.5,522.44,0.0
2187,187,3,327.72,325.85,0.4
2188,188,3,288.8,267.23,3.2
2189,189,3,324.75,355.08,0.1
2190,190,3,530.16,560.35,0.1
2191,191,3,676.58,672.06,1.3
2192,192,3,224.4,239.05,2.6
2193,193,3,311.82,332.05,1.1
2194,194,3,604.94,614.8,0.6
2195,195,3,548.08,563.14,1.1
2196,196,3,396.6,397.59,2.6
2197,197,3,391.43,378.44,0.3
2198,198,3,895.31,902.98,0.2
2199,199,3,607.84,607.97,5.1
2200,200,3,317.57,313.26,2.4
2201,201,3,590.03,603.19,0.7
2202,202,3,607.3,617.83,0.5
2203,203,3,327.94,311.05,0.1
2204,204,3,312.26,288.42,1.0
2205,205,3,1112.86,1090.65,0.8
2206,206,3,581.26,604.86,0.0
2207,207,3,281.43,281.67,1.2
2208,208,3,571.38,555.13,0.0
2209,209,3,361.17,375.43,0.0
2210,210,3,531.38,542.84,6.8
2211,211,3,278.51,272.35,0.8
2212,212,3,287.02,276.19,1.7
2213,213,3,316.78,321.47,0.9
2214,214,3,890.39,867.57,0.5
2215,215,3,533.15,523.03,2.8
2216,216,3,1004.25,999.1,0.9
2217,217,3,278.78,222.57,0.0
2218,218,3,700.0,706.7,0.1
2219,219,3,314.2,314.01,0.8
2220,220,3,662.36,645.94,3.3
2221,221,3,330.54,315.34,0.9
2222,222,3,598.28,611.67,8.1
2223,223,3,327.52,331.99,0.6
2224,224,3,264.14,246.86,0.3
2225,225,3,653.66,661.79,0.5
2226,226,3,423.3,459.96,0.9
2227,227,3,271.23,268.05,0.6
2228,228,3,934.87,923.43,0.0
2229,229,3,298.74,322.16,1.3
2230,230,3,624.3,623.66,4.4
2231,231,3,951.05,941.92,9.7
2232,232,3,491.11,530.75,1.5
2233,233,3,274.54,287.8,1.0
2234,234,3,584.08,575.37,0.7
2235,235,3,560.74,569.25,2.9
2236,236,3,310.54,313.26,2.9
2237,237,3,608.18,614.88,0.0
2238,238,3,890.48,890.8,3.0
2239,239,3,292.65,323.04,0.4
2240,240,3,316.4,303.58,0.5
2241,241,3,527.02,494.74,0.5
2242,242,3,314.82,309.56,0.0
2243,243,3,609.15,572.76,1.4
2244,244,3,216.77,232.77,2.8
2245,245,3,280.09,287.32,0.3
2246,246,3,508.78,461.44,0.6
2247,247,3,980.27,953.92,4.2
2248,248,3,343.81,362.45,0.2
2249,249,3,993.78,987.21,0.8
2250,250,3,323.45,326.86,0.3
2251,251,3,347.4,337.47,1.9
2252,252,3,520.17,515.81,0.9
2253,253,3,249.58,266.07,2.5
2254,254,3,528.25,542.88,2.0
2255,255,3,281.08,271.19,0.8
2256,256,3,379.81,357.03,3.4
2257,257,3,300.61,278.43,1.6
2258,258,3,1032.11,1027.81,1.8
2259,259,3,940.42,942.4,0.1
2260,260,3,249.32,270.09,0.1
2261,261,3,308.35,311.19,0.4
2262,262,3,1001.81,1004.37,1.1
2263,263,3,303.52,304.26,1.3
2264,264,3,873.73,863.38,1.0
2265,265,3,604.23,585.24,0.3
2266,266,3,767.83,765.51,0.2
2267,267,3,322.25,328.63,0.1
2268,268,3,224.7,222.8,1.2
2269,269,3,237.84,216.87,1.6
2270,270,3,339.9,320.19,2.2
2271,271,3,326.97,302.95,0.3
2272,272,3,909.56,944.39,0.7
2273,273,3,388.16,391.98,0.3
2274,274,3,330.75,330.97,0.7
2275,275,3,266.75,266.94,0.1
2276,276,3,324.96,345.85,0.1
2277,277,3,584.7,629.6,5.6
2278,278,3,326.1,314.65,0.3
2279,279,3,613.05,631.74,2.5
2280,280,3,1018.0,1013.83,0.2
2281,281,3,226.88,229.94,1.0
2282,282,3,602.07,597.69,1.2
2283,283,3,251.76,255.22,0.4
2284,284,3,247.79,263.97,0.6
2285,285,3,839.74,809.42,3.4
2286,286,3,969.75,983.72,1.3
2287,287,3,283.84,299.37,1.9
2288,288,3,228.4,183.05,0.1
2289,289,3,271.07,266.04,0.5
2290,290,3,546.82,543.88,3.8
2291,291,3,608.68,602.75,0.7
2292,292,3,257.79,253.57,14.3
2293,293,3,978.42,986.1,1.3
2294,294,3,576.47,555.0,6.6
2295,295,3,302.36,315.42,0.3
2296,296,3,994.79,998.87,0.5
2297,297,3,612.93,616.98,6.5
2298,298,3,370.15,370.12,4.6
2299,299,3,655.66,678.85,2.8
2300,300,3,1073.83,1089.45,0.2
2301,301,3,1067.43,1072.01,9.0
2302,302,3,339.43,343.76,0.8
2303,303,3,541.34,555.59,4.4
2304,304,3,876.67,867.05,0.6
2305,305,3,1006.92,979.43,0.0
2306,306,3,332.06,346.93,1.5
2307,307,3,476.39,456.09,0.1
2308,308,3,1031.87,1030.38,0.2
2309,309,3,287.62,307.78,1.7
2310,310,3,391.35,346.66,0.4
2311,311,3,529.64,525.47,1.4
2312,312,3,560.54,538.98,0.7
2313,313,3,483.04,479.59,0.4
2314,314,3,275.61,290.39,0.1
2315,315,3,712.19,716.89,0.1
2316,316,3,281.94,259.93,0.1
2317,317,3,1004.05,970.63,0.3
2318,318,3,326.51,330.84,1.8
2319,319,3,293.19,260.45,0.5
2320,320,3,966.44,981.36,8.2
2321,321,3,618.61,639.03,1.9
2322,322,3,256.72,279.12,1.1
2323,323,3,294.3,279.15,0.3
2324,324,3,604.29,575.72,1.1
2325,325,3,940.89,965.86,0.5
2326,326,3,363.93,375.76,0.9
2327,327,3,964.98,980.18,3.3
2328,328,3,300.95,316.29,1.2
2329,329,3,636.51,635.81,0.1
2330,330,3,269.26,247.27,1.6
2331,331,3,227.13,236.86,0.1
2332,332,3,992.76,995.8,0.0
2333,333,3,235.25,240.74,0.8
2334,334,3,917.41,966.51,1.9
2335,335,3,316.31,296.83,1.0
2336,336,3,250.32,244.37,0.1
2337,337,3,918.68,888.29,0.6
2338,338,3,567.54,590.6,0.2
2339,339,3,223.35,197.86,1.5
2340,340,3,701.78,686.06,0.5
2341,341,3,224.0,222.21,0.3
2342,342,3,935.03,944.48,0.3
2343,343,3,309.74,311.19,0.7
2344,344,3,612.43,629.64,3.4
2345,345,3,299.13,321.1,0.1
2346,346,3,699.06,712.92,6.9
2347,347,3,864.13,875.07,0.6
2348,348,3,970.08,942.18,2.7
2349,349,3,379.44,413.79,0.6
2350,350,3,328.66,333.19,0.4
2351,351,3,339.0,372.58,4.2
2352,352,3,921.03,929.2,0.0
2353,353,3,302.0,296.1,12.5
2354,354,3,607.2,605.53,1.6
2355,355,3,308.48,308.67,1.7
2356,356,3,969.75,979.46,0.4
2357,357,3,513.68,514.67,1.9
2358,358,3,647.35,652.78,2.3
2359,359,3,849.87,849.05,0.9
2360,360,3,959.01,944.22,4.8
2361,361,3,539.23,535.96,0.3
2362,362,3,578.46,574.89,0.3
2363,363,3,568.3,580.04,0.4
2364,364,3,312.24,316.99,0.3
2365,365,3,273.76,246.1,2.8
2366,366,3,602.04,596.07,1.6
2367,367,3,551.56,550.29,0.6
2368,368,3,330.2,347.34,0.5
2369,369,3,214.91,213.18,0.8
2370,370,3,619.95,629.59,0.4
2371,371,3,257.68,257.89,3.1
2372,372,3,576.82,566.19,0.0
2373,373,3,585.22,610.77,3.0
2374,374,3,280.47,260.65,1.6
2375,375,3,307.18,291.54,9.8
2376,376,3,306.09,290.8,4.0
2377,377,3,270.31,266.07,0.6
2378,378,3,675.44,702.37,4.0
2379,379,3,634.4,647.02,1.5
2380,380,3,1014.11,1007.87,7.5
2381,381,3,316.94,305.84,0.7
2382,382,3,563.73,570.14,0.4
2383,383,3,407.74,354.42,0.3
2384,384,3,802.93,822.49,1.5
2385,385,3,274.19,269.01,2.2
2386,386,3,555.44,541.93,1.5
2387,387,3,524.5,529.72,0.7
2388,388,3,234.84,231.86,0.3
2389,389,3,912.39,918.69,1.0
2390,390,3,358.42,361.14,0.7
2391,391,3,226.83,240.59,1.2
2392,392,3,550.95,539.71,0.3
2393,393,3,599.86,593.44,9.6
2394,394,3,279.96,260.44,0.2
2395,395,3,276.79,258.26,0.3
2396,396,3,261.99,286.31,0.1
2397,397,3,943.95,967.93,0.2
2398,398,3,462.81,444.43,1.3
2399,399,3,315.18,306.01,3.5
2400,400,3,296.26,273.78,2.3
2401,401,3,859.44,856.15,0.3
2402,402,3,979.42,991.58,0.1
2403,403,3,260.53,247.16,1.4
2404,404,3,582.72,575.43,0.1
2405,405,3,190.49,166.55,0.7
2406,406,3,271.86,242.47,3.0
2407,407,3,922.61,971.74,0.4
2408,408,3,902.14,912.26,7.6
2409,409,3,348.71,346.46,0.3
2410,410,3,948.77,937.86,0.2
2411,411,3,565.94,576.35,2.0
2412,412,3,605.65,632.41,0.1
2413,413,3,550.07,574.43,0.7
2414,414,3,478.74,477.48,0.4
2415,415,3,977.68,953.62,4.2
2416,416,3,311.42,296.16,0.1
2417,417,3,468.38,430.62,0.2
2418,418,3,293.16,316.7,3.7
2419,419,3,814.79,817.0,0.2
2420,420,3,248.7,225.79,0.6
2421,421,3,232.09,251.16,2.5
2422,422,3,557.83,552.72,0.2
2423,423,3,387.09,390.61,0.9
2424,424,3,312.25,312.44,11.2
2425,425,3,181.48,199.05,0.3
2426,426,3,582.62,570.54,0.5
2427,427,3,289.27,281.07,2.9
2428,428,3,243.95,234.54,0.1
2429,429,3,616.68,631.27,1.4
2430,430,3,1042.99,1043.67,0.2
2431,431,3,565.58,561.15,0.1
2432,432,3,216.81,252.76,0.1
2433,433,3,763.65,737.61,0.1
2434,434,3,965.72,967.9,1.8
2435,435,3,591.22,597.43,0.4
2436,436,3,573.2,597.43,4.4
2437,437,3,264.84,251.81,4.6
2438,438,3,564.66,562.29,0.0
2439,439,3,622.14,644.71,0.5
2440,440,3,308.98,346.53,8.8
2441,441,3,288.85,315.47,0.8
2442,442,3,239.57,251.27,0.5
2443,443,3,544.27,584.64,0.6
2444,444,3,272.88,250.49,5.0
2445,445,3,512.49,547.32,0.9
2446,446,3,851.61,830.38,0.9
2447,447,3,230.96,257.51,0.2
2448,448,3,354.24,313.02,0.4
2449,449,3,305.14,335.74,0.6
2450,450,3,325.26,315.02,1.6
2451,451,3,1005.58,1005.62,2.0
2452,452,3,604.3,620.63,3.4
2453,453,3,898.69,881.99,0.1
2454,454,3,950.76,970.1,0.8
2455,455,3,355.21,341.29,0.9
2456,456,3,540.34,537.32,0.8
2457,457,3,265.44,306.34,0.7
2458,458,3,326.6,329.72,1.0
2459,459,3,277.08,267.5,0.7
2460,460,3,257.12,240.43,0.3
2461,461,3,500.16,489.04,0.0
2462,462,3,615.08,580.27,0.8
2463,463,3,309.29,252.75,0.2
2464,464,3,356.1,371.75,0.8
2465,465,3,584.5,546.31,1.7
2466,466,3,554.46,569.78,1.2
2467,467,3,670.98,642.6,3.3
2468,468,3,313.45,285.77,2.8
2469,469,3,275.62,261.59,0.4
2470,470,3,468.85,476.9,1.2
2471,471,3,558.41,608.01,0.0
2472,472,3,221.67,224.57,2.4
2473,473,3,285.78,295.39,0.1
2474,474,3,273.58,283.49,0.1
2475,475,3,679.15,706.85,1.9
2476,476,3,220.43,231.09,0.0
2477,477,3,540.93,537.2,1.6
2478,478,3,1011.23,988.9,1.8
2479,479,3,276.31,262.99,1.2
2480,480,3,144.2,117.78,4.6
2481,481,3,212.23,261.69,0.3
2482,482,3,242.95,258.8,0.7
2483,483,3,1013.46,1012.34,1.0
2484,484,3,1093.39,1077.32,1.2
2485,485,3,236.53,235.21,4.6
2486,486,3,940.94,961.52,3.2
2487,487,3,244.3,270.16,0.2
2488,488,3,630.66,635.94,0.2
2489,489,3,675.43,659.68,0.3
2490,490,3,307.53,293.92,2.1
2491,491,3,597.55,598.87,0.0
2492,492,3,557.07,570.31,1.1
2493,493,3,299.41,263.99,0.4
2494,494,3,1068.04,1107.9,4.9
2495,495,3,278.97,265.81,0.5
2496,496,3,176.99,190.17,0.3
2497,497,3,981.0,979.32,1.5
2498,498,3,256.54,246.53,2.2
2499,499,3,197.54,198.54,2.5
2500,500,3,310.6,321.59,1.5
2501,501,3,324.3,328.0,0.1
2502,502,3,391.99,428.9,2.3
2503,503,3,209.14,187.9,2.2
2504,504,3,571.97,594.71,0.6
2505,505,3,347.34,361.89,1.6
2506,506,3,871.23,883.11,2.2
2507,507,3,853.79,832.08,3.4
2508,508,3,245.75,249.39,0.9
2509,509,3,953.67,949.45,0.2
2510,510,3,903.16,928.41,3.1
2511,511,3,873.93,875.93,0.5
2512,512,3,663.58,663.46,0.6
2513,513,3,278.96,271.39,0.4
2514,514,3,204.31,202.62,1.0
2515,515,3,987.8,1000.03,2.0
2516,516,3,623.01,599.16,1.5
2517,517,3,965.29,963.55,3.1
2518,518,3,615.71,587.14,2.3
2519,519,3,373.7,390.83,2.0
2520,520,3,231.1,254.64,0.4
2521,521,3,977.81,965.96,0.2
2522,522,3,376.25,398.88,6.2
2523,523,3,450.57,485.42,1.9
2524,524,3,896.68,904.61,1.0
2525,525,3,360.45,362.89,0.2
2526,526,3,323.73,360.02,0.2
2527,527,3,568.81,577.62,1.2
2528,528,3,981.61,994.95,0.7
2529,529,3,464.91,478.76,1.1
2530,530,3,367.66,374.69,0.6
2531,531,3,239.0,231.13,4.4
2532,532,3,217.78,160.45,0.9
2533,533,3,318.39,319.03,2.2
2534,534,3,274.35,285.17,0.2
2535,535,3,1009.33,1012.19,1.6
2536,536,3,320.54,281.6,1.5
2537,537,3,1087.91,1057.39,2.4
2538,538,3,1020.69,1012.28,0.5
2539,539,3,482.86,465.2,0.2
2540,540,3,632.82,635.55,3.0
2541,541,3,231.67,256.68,0.3
2542,542,3,644.66,674.61,0.1
2543,543,3,302.23,303.35,0.9
2544,544,3,271.17,285.27,2.1
2545,545,3,509.97,511.62,0.9
2546,546,3,186.46,184.6,6.2
2547,547,3,201.54,198.03,2.6
2548,548,3,686.29,688.71,1.5
2549,549,3,241.59,243.37,6.5
2550,550,3,285.27,262.95,0.7
2551,551,3,266.9,253.4,2.2
2552,552,3,272.65,276.29,0.0
2553,553,3,596.76,572.98,0.5
2554,554,3,681.19,684.63,0.0
2555,555,3,328.23,339.57,3.0
2556,556,3,587.34,598.8,2.2
2557,557,3,1063.83,1029.71,0.1
2558,558,3,510.61,502.92,1.2
2559,559,3,587.18,620.15,1.0
2560,560,3,611.86,614.6,1.7
2561,561,3,1043.49,1036.27,0.6
2562,562,3,941.69,924.5,0.4
2563,563,3,263.28,246.17,0.6
2564,564,3,255.51,218.61,1.2
2565,565,3,232.78,266.58,0.7
2566,566,3,553.15,518.05,0.8
2567,567,3,269.74,290.62,4.1
2568,568,3,839.45,860.57,1.9
2569,569,3,320.57,341.5,0.4
2570,570,3,623.39,600.99,0.6
2571,571,3,246.01,221.07,0.6
2572,572,3,244.51,269.76,0.7
2573,573,3,258.81,261.74,11.1
2574,574,3,560.24,558.98,4.4
2575,575,3,242.23,259.07,0.4
2576,576,3,326.22,304.96,4.1
2577,577,3,443.98,467.1,0.1
2578,578,3,1100.15,1100.72,11.3
2579,579,3,521.43,517.37,0.2
2580,580,3,648.31,628.22,1.1
2581,581,3,342.42,336.27,2.3
2582,582,3,1029.85,1027.0,1.0
2583,583,3,362.99,355.28,0.1
2584,584,3,944.88,942.4,1.2
2585,585,3,991.18,979.7,0.1
2586,586,3,256.36,237.67,4.1
2587,587,3,182.07,204.02,0.4
2588,588,3,537.64,581.56,0.3
2589,589,3,658.0,692.78,1.2
2590,590,3,560.81,549.82,3.6
2591,591,3,1098.18,1080.47,0.3
2592,592,3,703.29,719.37,1.1
2593,593,3,448.76,427.87,0.8
2594,594,3,694.27,700.18,1.2
2595,595,3,354.37,331.45,1.1
2596,596,3,615.26,600.77,0.3
2597,597,3,959.9,960.44,1.7
2598,598,3,282.37,255.98,1.7
2599,599,3,849.15,841.66,0.8
2600,600,3,1006.48,1036.25,3.9
2601,601,3,286.12,289.93,4.3
2602,602,3,926.92,933.61,0.2
2603,603,3,530.12,577.31,2.6
2604,604,3,285.46,290.51,0.4
2605,605,3,264.36,259.01,0.6
2606,606,3,242.58,226.55,0.5
2607,607,3,562.27,601.27,4.3
2608,608,3,252.35,242.75,0.3
2609,609,3,319.05,323.35,0.4
2610,610,3,941.13,965.71,0.2
2611,611,3,657.02,634.79,6.8
2612,612,3,609.3,624.31,3.5
2613,613,3,895.12,886.77,0.2
2614,614,3,291.57,255.14,0.1
2615,615,3,210.98,191.12,0.1
2616,616,3,615.9,645.04,0.3
2617,617,3,341.46,346.6,1.3
2618,618,3,313.69,303.03,0.0
2619,619,3,478.25,473.1,0.1
2620,620,3,223.05,192.64,0.1
2621,621,3,572.16,575.71,0.3
2622,622,3,601.41,580.85,4.4
2623,623,3,549.04,558.23,1.2
2624,624,3,260.27,255.63,0.0
2625,625,3,226.35,220.81,1.0
2626,626,3,964.8,988.51,0.3
2627,627,3,961.42,978.41,0.0
2628,628,3,345.78,350.77,1.2
2629,629,3,349.63,349.08,0.1
2630,630,3,491.85,494.55,0.6
2631,631,3,336.66,327.72,2.7
2632,632,3,298.38,362.61,1.6
2633,633,3,240.02,240.95,0.2
2634,634,3,294.81,290.13,0.5
2635,635,3,316.04,309.04,0.7
2636,636,3,307.16,299.18,4.8
2637,637,3,867.8,863.95,0.6
2638,638,3,259.73,272.81,0.9
2639,639,3,297.73,293.87,0.8
2640,640,3,340.18,348.22,0.5
2641,641,3,869.0,851.33,7.4
2642,642,3,244.55,242.99,1.7
2643,643,3,274.13,276.98,0.9
2644,644,3,582.88,580.64,0.1
2645,645,3,603.85,605.97,1.2
2646,646,3,1029.22,1058.09,7.7
2647,647,3,230.6,230.75,0.8
2648,648,3,302.9,250.4,1.5
2649,649,3,261.89,264.23,2.4
2650,650,3,503.06,517.13,0.8
2651,651,3,384.4,430.58,1.0
2652,652,3,217.63,196.92,8.2
2653,653,3,242.27,233.21,0.1
2654,654,3,935.27,956.21,2.1
2655,655,3,260.66,242.22,0.5
2656,656,3,316.27,318.22,0.4
2657,657,3,957.11,951.12,0.5
2658,658,3,504.19,523.4,0.0
2659,659,3,632.15,631.42,0.1
2660,660,3,615.53,639.67,1.0
2661,661,3,322.98,352.14,0.3
2662,662,3,1034.76,1042.87,0.3
2663,663,3,155.19,143.68,9.1
2664,664,3,995.17,1019.45,0.8
2665,665,3,245.1,230.08,0.3
2666,666,3,501.78,495.93,0.3
2667,667,3,571.82,565.99,1.6
2668,668,3,238.22,255.56,0.3
2669,669,3,393.63,364.71,0.2
2670,670,3,502.18,512.2,1.2
2671,671,3,232.58,234.79,0.1
2672,672,3,1037.12,1054.26,1.7
2673,673,3,267.83,248.43,1.7
2674,674,3,614.37,585.95,0.1
2675,675,3,504.38,457.43,0.9
2676,676,3,291.87,318.64,0.1
2677,677,3,525.41,552.62,2.3
2678,678,3,547.18,585.81,6.5
2679,679,3,599.53,597.73,0.3
2680,680,3,679.72,676.19,0.4
2681,681,3,588.87,603.03,0.0
2682,682,3,237.42,252.39,0.4
2683,683,3,272.88,243.36,0.0
2684,684,3,372.49,370.66,3.0
2685,685,3,538.49,541.84,0.0
2686,686,3,813.64,824.14,0.3
2687,687,3,191.75,195.21,0.7
2688,688,3,557.5,527.35,0.4
2689,689,3,310.51,323.85,0.9
2690,690,3,537.59,522.93,3.8
2691,691,3,624.74,618.62,0.3
2692,692,3,590.23,558.97,0.1
2693,693,3,668.87,652.72,2.3
2694,694,3,605.73,605.67,4.8
2695,695,3,302.88,298.65,0.0
2696,696,3,590.64,574.7,1.0
2697,697,3,216.55,238.76,0.2
2698,698,3,994.75,1034.11,1.1
2699,699,3,514.99,518.93,0.7
2700,700,3,279.74,234.02,1.1
2701,701,3,202.58,187.31,1.5
2702,702,3,243.08,257.43,1.6
2703,703,3,1019.02,1022.14,0.8
2704,704,3,322.86,319.26,5.5
2705,705,3,658.31,672.56,10.9
2706,706,3,337.08,341.86,0.5
2707,707,3,536.36,562.23,2.2
2708,708,3,569.47,556.6,0.8
2709,709,3,288.93,297.23,0.2
2710,710,3,606.34,587.93,0.5
2711,711,3,287.93,257.21,0.8
2712,712,3,946.9,915.38,4.0
2713,713,3,317.1,296.55,0.1
2714,714,3,647.07,670.96,0.3
2715,715,3,334.61,283.01,0.3
2716,716,3,660.67,624.06,4.1
2717,717,3,415.42,410.91,0.1
2718,718,3,634.15,638.27,0.1
2719,719,3,275.94,278.71,6.0
2720,720,3,324.59,323.23,0.2
2721,721,3,1022.44,1007.81,2.3
2722,722,3,329.68,346.98,2.0
2723,723,3,373.75,380.71,2.4
2724,724,3,463.31,487.81,0.3
2725,725,3,337.22,342.56,0.2
2726,726,3,1091.52,1116.87,0.5
2727,727,3,327.4,322.88,0.2
2728,728,3,977.18,960.98,0.1
2729,729,3,986.92,980.88,0.5
2730,730,3,284.35,272.02,2.3
2731,731,3,283.81,310.66,1.7
2732,732,3,630.68,658.12,0.4
2733,733,3,635.04,615.33,0.5
2734,734,3,330.33,327.25,1.0
2735,735,3,326.72,335.93,0.2
2736,736,3,338.33,319.2,0.5
2737,737,3,520.39,502.0,2.1
2738,738,3,640.61,670.42,0.7
2739,739,3,372.33,393.61,1.2
2740,740,3,567.79,541.63,0.5
2741,741,3,673.97,650.62,0.4
2742,742,3,810.16,819.54,3.9
2743,743,3,267.76,295.89,0.6
2744,744,3,266.94,281.57,0.1
2745,745,3,312.77,297.84,1.6
2746,746,3,612.92,603.17,10.7
2747,747,3,294.04,260.38,2.0
2748,748,3,339.68,374.12,1.0
2749,749,3,647.45,614.25,3.7
2750,750,3,567.49,571.11,3.7
2751,751,3,259.66,251.96,0.5
2752,752,3,335.68,366.29,0.0
2753,753,3,256.87,283.96,2.2
2754,754,3,304.5,278.06,0.3
2755,755,3,365.53,356.11,0.4
2756,756,3,274.0,277.64,6.1
2757,757,3,341.69,347.75,1.0
2758,758,3,1025.19,1009.72,0.1
2759,759,3,941.27,968.84,0.9
2760,760,3,310.08,300.1,0.6
2761,761,3,686.63,700.52,0.8
2762,762,3,326.68,328.85,0.5
2763,763,3,1034.49,988.71,0.1
2764,764,3,1079.04,1121.07,0.5
2765,765,3,584.53,615.56,0.1
2766,766,3,519.32,551.19,0.1
2767,767,3,387.42,401.38,3.1
2768,768,3,305.83,357.19,1.5
2769,769,3,326.5,311.08,0.8
2770,770,3,260.88,241.5,2.2
2771,771,3,618.43,605.45,0.5
2772,772,3,244.15,229.2,2.8
2773,773,3,302.19,315.41,0.1
2774,774,3,566.6,580.15,3.8
2775,775,3,471.85,470.95,0.8
2776,776,3,583.84,577.06,0.4
2777,777,3,460.11,450.36,1.3
2778,778,3,799.85,792.88,0.5
2779,779,3,338.12,343.93,0.4
2780,780,3,554.74,544.69,4.5
2781,781,3,245.29,263.89,2.4
2782,782,3,310.07,301.97,0.5
2783,783,3,811.83,822.67,0.1
2784,784,3,335.1,361.36,0.7
2785,785,3,249.24,263.67,1.4
2786,786,3,282.74,278.95,0.5
2787,787,3,944.72,988.59,0.2
2788,788,3,1126.98,1148.27,0.7
2789,789,3,261.06,270.07,0.6
2790,790,3,610.33,628.38,1.7
2791,791,3,287.36,295.87,4.8
2792,792,3,523.34,501.01,3.1
2793,793,3,197.36,218.12,0.5
2794,794,3,268.95,238.95,0.0
2795,795,3,636.97,631.43,1.8
2796,796,3,981.9,991.39,0.2
2797,797,3,287.44,257.03,0.8
2798,798,3,344.54,336.61,1.3
2799,799,3,814.88,805.92,0.2
2800,800,3,265.11,276.24,0.6
2801,801,3,223.31,220.56,1.2
2802,802,3,615.04,591.86,1.6
2803,803,3,294.95,340.71,0.2
2804,804,3,321.84,362.92,1.1
2805,805,3,229.65,189.18,7.8
2806,806,3,289.41,291.15,0.5
2807,807,3,535.08,543.65,0.0
2808,808,3,986.69,1007.97,1.4
2809,809,3,317.13,313.88,0.1
2810,810,3,553.81,567.85,0.3
2811,811,3,196.1,180.32,0.3
2812,812,3,265.01,280.36,14.1
2813,813,3,518.45,529.22,0.4
2814,814,3,234.21,238.8,0.1
2815,815,3,537.67,540.36,0.1
2816,816,3,226.69,246.77,1.3
2817,817,3,583.89,588.92,0.2
2818,818,3,1000.29,1011.16,0.8
2819,819,3,272.42,268.47,0.1
2820,820,3,1010.37,1000.13,0.5
2821,821,3,252.12,267.25,0.2
2822,822,3,306.94,293.16,0.0
2823,823,3,224.47,266.85,2.3
2824,824,3,930.7,955.96,1.2
2825,825,3,573.73,563.81,0.2
2826,826,3,930.13,916.39,0.1
2827,827,3,626.22,620.08,0.3
2828,828,3,151.12,157.2,1.6
2829,829,3,910.54,931.55,4.7
2830,830,3,911.77,932.85,0.3
2831,831,3,581.93,620.93,0.8
2832,832,3,593.59,595.33,1.7
2833,833,3,981.4,977.99,1.3
2834,834,3,275.43,276.57,0.3
2835,835,3,983.25,977.9,0.6
2836,836,3,960.33,946.51,0.0
2837,837,3,558.51,575.18,1.4
2838,838,3,267.48,259.24,5.9
2839,839,3,221.81,222.52,0.3
2840,840,3,975.15,964.42,2.4
2841,841,3,1013.08,979.6,2.5
2842,842,3,523.68,536.7,1.1
2843,843,3,981.99,956.2,3.9
2844,844,3,569.38,575.34,0.2
2845,845,3,1099.26,1065.99,0.5
2846,846,3,231.29,276.71,1.7
2847,847,3,247.51,286.72,2.9
2848,848,3,465.34,434.28,0.8
2849,849,3,254.55,249.4,0.4
2850,850,3,312.51,284.9,0.5
2851,851,3,554.71,533.06,0.7
2852,852,3,331.01,342.31,0.1
2853,853,3,612.55,581.79,9.7
2854,854,3,290.36,308.19,5.5
2855,855,3,982.59,977.35,0.1
2856,856,3,311.16,315.79,1.0
2857,857,3,558.93,547.83,2.6
2858,858,3,571.1,542.29,0.8
2859,859,3,289.57,309.62,0.6
2860,860,3,284.47,294.1,0.3
2861,861,3,276.09,280.35,9.2
2862,862,3,259.54,236.39,0.4
2863,863,3,295.34,309.72,1.3
2864,864,3,339.98,337.91,0.3
2865,865,3,508.29,512.83,0.1
2866,866,3,305.33,323.08,0.4
2867,867,3,308.21,333.7,1.0
2868,868,3,269.38,297.1,1.7
2869,869,3,213.63,213.18,1.4
2870,870,3,525.13,518.44,0.7
2871,871,3,530.71,555.92,0.1
2872,872,3,510.55,509.22,0.3
2873,873,3,253.95,210.84,0.7
2874,874,3,274.19,262.78,3.0
2875,875,3,215.36,207.86,0.4
2876,876,3,549.9,580.02,0.4
2877,877,3,242.79,273.16,0.9
2878,878,3,1036.9,1003.41,1.7
2879,879,3,622.96,627.77,4.8
2880,880,3,515.53,513.38,0.9
2881,881,3,554.71,545.17,0.7
2882,882,3,762.55,761.76,0.7
2883,883,3,234.68,247.23,2.0
2884,884,3,260.93,257.91,0.1
2885,885,3,960.8,955.13,1.1
2886,886,3,598.49,581.06,1.0
2887,887,3,283.71,319.49,0.6
2888,888,3,344.04,348.7,0.2
2889,889,3,270.58,271.79,1.1
2890,890,3,823.23,822.63,1.0
2891,891,3,333.35,335.7,0.4
2892,892,3,276.58,274.56,1.3
2893,893,3,286.65,279.23,0.8
2894,894,3,1091.33,1113.2,2.3
2895,895,3,596.49,583.34,1.2
2896,896,3,260.53,291.81,3.9
2897,897,3,964.7,937.03,0.2
2898,898,3,365.33,337.81,0.2
2899,899,3,548.41,544.81,0.1
2900,900,3,510.19,509.99,0.2
2901,901,3,332.81,348.25,1.1
2902,902,3,643.0,649.97,0.6
2903,903,3,1026.49,1006.04,1.7
2904,904,3,343.2,351.11,0.4
2905,905,3,321.57,351.48,0.2
2906,906,3,1026.74,1013.79,0.4
2907,907,3,249.3,202.92,2.3
2908,908,3,689.52,637.92,0.1
2909,909,3,237.32,232.04,1.2
2910,910,3,862.3,888.12,0.5
2911,911,3,532.16,511.34,6.7
2912,912,3,894.68,877.44,0.6
2913,913,3,270.44,323.05,3.4
2914,914,3,905.21,889.68,0.1
2915,915,3,554.48,541.94,1.4
2916,916,3,551.18,513.22,0.3
2917,917,3,567.65,553.75,0.4
2918,918,3,350.25,357.37,0.8
2919,919,3,533.39,534.31,0.7
2920,920,3,230.67,229.48,2.2
2921,921,3,342.04,318.42,3.8
2922,922,3,602.88,624.99,4.4
2923,923,3,260.57,211.87,1.6
2924,924,3,650.12,632.21,1.1
2925,925,3,259.3,285.44,4.2
2926,926,3,273.03,296.72,1.9
2927,927,3,481.84,487.05,0.4
2928,928,3,281.59,293.25,0.9
2929,929,3,1065.98,1043.9,5.4
2930,930,3,868.25,842.96,0.5
2931,931,3,215.36,180.39,3.9
2932,932,3,230.72,238.46,1.7
2933,933,3,313.72,343.57,3.6
2934,934,3,568.28,568.44,0.7
2935,935,3,268.53,266.18,0.3
2936,936,3,872.35,872.93,1.6
2937,937,3,985.88,1003.87,1.2
2938,938,3,308.09,334.32,2.9
2939,939,3,581.07,539.25,0.2
2940,940,3,293.61,311.22,0.5
2941,941,3,520.76,528.41,2.1
2942,942,3,282.6,289.6,1.5
2943,943,3,545.71,517.4,1.9
2944,944,3,249.41,263.1,0.4
2945,945,3,876.98,899.92,0.0
2946,946,3,343.25,337.96,0.1
2947,947,3,486.68,487.67,0.8
2948,948,3,931.76,922.37,0.1
2949,949,3,593.51,606.43,0.2
2950,950,3,656.36,642.23,0.1
2951,951,3,360.64,366.39,1.7
2952,952,3,244.32,258.96,0.5
2953,953,3,337.47,312.04,2.6
2954,954,3,957.82,958.06,2.1
2955,955,3,212.9,211.27,0.5
2956,956,3,243.22,249.56,0.1
2957,957,3,512.71,506.48,0.4
2958,958,3,277.74,288.06,4.9
2959,959,3,883.06,863.47,0.9
2960,960,3,289.09,307.71,0.4
2961,961,3,306.81,303.21,1.1
2962,962,3,479.0,494.43,6.4
2963,963,3,522.79,499.21,0.1
2964,964,3,877.62,896.12,0.4
2965,965,3,326.64,360.05,0.0
2966,966,3,233.77,253.91,0.2
2967,967,3,326.99,330.33,0.1
2968,968,3,365.34,360.17,6.1
2969,969,3,596.55,603.52,3.3
2970,970,3,211.31,193.03,0.3
2971,971,3,642.75,653.66,0.2
2972,972,3,1030.89,1020.75,0.3
2973,973,3,241.96,237.64,0.7
2974,974,3,540.87,540.93,2.6
2975,975,3,318.16,299.47,0.1
2976,976,3,1004.77,1025.19,0.1
2977,977,3,211.64,236.22,3.4
2978,978,3,590.11,573.51,5.0
2979,979,3,250.06,257.56,0.2
2980,980,3,235.46,252.26,0.6
2981,981,3,212.61,225.8,0.5
2982,982,3,358.52,365.61,0.2
2983,983,3,813.67,794.85,0.2
2984,984,3,268.32,260.67,0.4
2985,985,3,976.55,966.49,0.9
2986,986,3,307.09,323.18,2.0
2987,987,3,266.75,232.77,0.2
2988,988,3,302.15,295.88,1.4
2989,989,3,260.02,259.92,2.1
2990,990,3,960.99,963.51,0.4
2991,991,3,256.53,269.22,0.2
2992,992,3,944.06,909.31,0.3
2993,993,3,248.79,251.63,2.2
2994,994,3,320.47,330.08,0.5
2995,995,3,354.08,332.0,1.5
2996,996,3,585.39,612.76,0.7
2997,997,3,474.69,518.69,0.7
2998,998,3,800.95,798.78,0.4
2999,999,3,221.47,215.41,5.9
3000,1000,3,220.19,178.31,1.1
3001,1,4,244.77,283.66,1.7
3002,2,4,280.38,289.98,0.2
3003,3,4,313.36,308.25,1.1
3004,4,4,326.43,308.75,0.5
3005,5,4,447.03,433.64,0.6
3006,6,4,255.66,254.54,1.1
3007,7,4,976.09,943.51,0.1
3008,8,4,454.97,464.81,0.1
3009,9,4,317.65,335.12,3.0
3010,10,4,529.46,492.27,0.1
3011,11,4,269.84,281.79,0.4
3012,12,4,1025.52,1015.03,0.4
3013,13,4,882.07,885.61,0.5
3014,14,4,861.14,886.56,2.7
3015,15,4,641.42,667.47,2.6
3016,16,4,981.1,995.1,0.2
3017,17,4,664.97,672.42,11.9
3018,18,4,869.34,832.76,0.0
3019,19,4,230.78,233.01,0.4
3020,20,4,1020.73,1007.42,0.1
3021,21,4,678.8,666.24,0.1
3022,22,4,289.65,301.26,3.6
3023,23,4,893.48,898.97,6.8
3024,24,4,473.47,454.2,0.2
3025,25,4,1017.62,1026.57,0.0
3026,26,4,148.34,127.71,1.0
3027,27,4,551.48,592.89,0.1
3028,28,4,538.82,554.28,0.1
3029,29,4,266.79,262.19,0.6
3030,30,4,507.27,480.26,1.0
3031,31,4,545.32,522.47,0.2
3032,32,4,299.71,297.07,2.1
3033,33,4,535.22,526.0,0.7
3034,34,4,302.05,312.88,0.5
3035,35,4,932.04,878.9,0.1
3036,36,4,981.84,966.5,0.3
3037,37,4,366.96,425.03,3.9
3038,38,4,522.06,566.1,3.7
3039,39,4,355.86,368.71,0.3
3040,40,4,301.45,322.96,2.4
3041,41,4,981.2,987.9,1.7
3042,42,4,284.53,225.57,0.5
3043,43,4,309.34,328.07,0.8
3044,44,4,296.04,333.44,0.1
3045,45,4,555.67,555.3,1.1
3046,46,4,838.77,820.37,0.9
3047,47,4,320.87,328.34,0.7
3048,48,4,173.86,178.35,0.2
3049,49,4,290.13,315.43,0.2
3050,50,4,315.94,324.99,1.0
3051,51,4,216.71,217.4,0.0
3052,52,4,519.04,555.54,0.1
3053,53,4,579.54,599.54,6.0
3054,54,4,331.53,323.34,0.3
3055,55,4,615.27,590.21,5.0
3056,56,4,503.77,509.05,1.7
3057,57,4,204.1,226.93,0.3
3058,58,4,258.3,256.15,0.1
3059,59,4,513.04,526.35,0.2
3060,60,4,305.83,286.27,0.3
3061,61,4,958.36,959.01,2.8
3062,62,4,974.51,981.85,0.1
3063,63,4,1089.74,1081.89,0.0
3064,64,4,328.52,328.55,0.4
3065,65,4,359.58,348.06,1.4
3066,66,4,1045.03,1057.96,4.3
3067,67,4,291.5,275.11,0.0
3068,68,4,289.28,250.09,9.9
3069,69,4,554.91,559.49,0.3
3070,70,4,333.06,308.55,4.6
3071,71,4,566.48,550.11,1.5
3072,72,4,1085.25,1079.14,0.5
3073,73,4,505.54,467.34,0.4
3074,74,4,278.75,251.05,0.8
3075,75,4,987.55,1003.56,0.8
3076,76,4,547.64,534.98,0.4
3077,77,4,366.86,410.81,0.2
3078,78,4,548.19,558.94,0.6
3079,79,4,283.76,305.23,2.2
3080,80,4,265.79,272.75,0.2
3081,81,4,601.05,586.56,0.1
3082,82,4,293.93,296.31,0.1
3083,83,4,243.04,235.27,0.6
3084,84,4,491.11,527.78,4.8
3085,85,4,329.48,308.47,0.0
3086,86,4,650.35,648.98,0.3
3087,87,4,255.17,253.3,0.1
3088,88,4,571.85,589.51,2.4
3089,89,4,980.95,998.32,1.6
3090,90,4,232.8,255.58,0.2
3091,91,4,553.02,549.8,0.9
3092,92,4,221.17,274.89,1.1
3093,93,4,263.88,309.63,5.9
3094,94,4,344.2,319.28,0.1
3095,95,4,250.0,215.73,1.1
3096,96,4,281.7,279.12,7.1
3097,97,4,522.65,531.79,0.3
3098,98,4,661.24,679.12,0.8
3099,99,4,809.69,835.41,0.2
3100,100,4,1012.85,1012.38,0.6
3101,101,4,251.24,253.96,0.2
3102,102,4,302.4,270.44,4.6
3103,103,4,280.1,264.96,0.0
3104,104,4,541.67,548.36,0.2
3105,105,4,986.72,987.15,0.6
3106,106,4,297.54,276.11,2.9
3107,107,4,366.91,365.75,0.5
3108,108,4,286.16,296.47,0.4
3109,109,4,868.14,851.24,0.7
3110,110,4,314.37,319.33,4.5
3111,111,4,525.81,520.09,2.3
3112,112,4,255.53,283.67,1.9
3113,113,4,286.02,306.59,0.2
3114,114,4,193.27,131.55,3.8
3115,115,4,501.66,519.47,0.2
3116,116,4,647.31,640.54,0.8
3117,117,4,229.27,213.76,0.3
3118,118,4,347.28,340.38,1.5
3119,119,4,218.85,219.7,0.3
3120,120,4,246.66,250.84,0.2
3121,121,4,332.93,331.62,0.3
3122,122,4,249.79,231.84,1.7
3123,123,4,594.59,595.64,0.0
3124,124,4,998.32,1006.83,8.6
3125,125,4,588.62,595.92,0.1
3126,126,4,565.0,584.07,0.4
3127,127,4,892.33,914.5,4.0
3128,128,4,1015.68,1072.76,1.7
3129,129,4,377.37,372.36,0.2
3130,130,4,247.06,291.56,3.3
3131,131,4,207.23,240.47,0.5
3132,132,4,883.45,867.37,0.2
3133,133,4,300.22,291.05,1.4
3134,134,4,289.91,268.33,1.6
3135,135,4,530.38,509.81,0.1
3136,136,4,566.71,563.74,0.5
3137,137,4,504.28,469.78,0.1
3138,138,4,719.65,678.02,2.0
3139,139,4,572.74,579.03,0.0
3140,140,4,1081.0,1066.68,0.4
3141,141,4,334.21,365.69,0.1
3142,142,4,972.99,950.58,0.1
3143,143,4,502.69,498.82,0.1
3144,144,4,255.47,222.02,0.3
3145,145,4,827.28,837.62,0.3
3146,146,4,1000.0,972.12,1.2
3147,147,4,898.56,910.71,0.3
3148,148,4,984.97,973.69,1.0
3149,149,4,348.25,381.36,3.3
3150,150,4,339.63,350.36,2.7
3151,151,4,279.89,310.11,1.2
3152,152,4,804.12,782.48,0.6
3153,153,4,914.93,933.46,1.8
3154,154,4,923.78,909.68,0.5
3155,155,4,902.22,923.72,1.7
3156,156,4,621.61,663.38,0.8
3157,157,4,287.25,290.3,0.0
3158,158,4,260.14,265.32,1.6
3159,159,4,331.91,329.38,0.9
3160,160,4,564.01,534.12,0.6
3161,161,4,319.18,293.3,0.9
3162,162,4,1024.38,1021.33,0.0
3163,163,4,616.38,587.81,1.1
3164,164,4,310.55,329.66,1.6
3165,165,4,956.35,977.16,0.0
3166,166,4,525.63,557.31,0.9
3167,167,4,596.87,591.6,1.2
3168,168,4,268.26,270.65,7.0
3169,169,4,259.24,291.78,0.3
3170,170,4,295.5,282.62,1.3
3171,171,4,644.41,641.12,3.2
3172,172,4,658.38,648.1,0.2
3173,173,4,1069.61,1053.23,2.0
3174,174,4,886.6,878.78,0.9
3175,175,4,240.85,231.4,1.4
3176,176,4,886.07,880.89,2.0
3177,177,4,272.71,288.2,2.5
3178,178,4,287.08,274.28,0.4
3179,179,4,514.23,515.81,0.4
3180,180,4,934.59,967.47,0.7
3181,181,4,1023.17,1052.86,0.1
3182,182,4,885.89,863.24,1.5
3183,183,4,353.74,334.71,0.9
3184,184,4,300.05,299.16,0.3
3185,185,4,351.54,341.3,0.8
3186,186,4,541.5,533.31,1.6
3187,187,4,327.72,338.35,0.7
3188,188,4,288.8,314.38,0.1
3189,189,4,324.75,290.64,1.7
3190,190,4,530.16,529.34,1.6
3191,191,4,676.58,692.34,1.2
3192,192,4,224.4,206.83,3.6
3193,193,4,311.82,311.65,2.2
3194,194,4,604.94,598.79,1.3
3195,195,4,548.08,523.01,12.3
3196,196,4,396.6,337.92,0.7
3197,197,4,391.43,391.39,3.1
3198,198,4,895.31,886.67,0.9
3199,199,4,607.84,598.01,6.6
3200,200,4,317.57,291.54,0.6
3201,201,4,590.03,606.32,0.3
3202,202,4,607.3,596.15,0.3
3203,203,4,327.94,310.54,0.2
3204,204,4,312.26,314.11,0.5
3205,205,4,1112.86,1126.47,0.7
3206,206,4,581.26,584.72,0.1
3207,207,4,281.43,298.17,2.4
3208,208,4,571.38,574.12,0.6
3209,209,4,361.17,404.62,0.9
3210,210,4,531.38,551.36,3.1
3211,211,4,278.51,278.7,1.6
3212,212,4,287.02,271.73,0.1
3213,213,4,316.78,290.63,1.3
3214,214,4,890.39,892.43,0.9
3215,215,4,533.15,524.47,0.1
3216,216,4,1004.25,1021.52,0.8
3217,217,4,278.78,264.3,0.0
3218,218,4,700.0,704.09,3.9
3219,219,4,314.2,312.42,0.7
3220,220,4,662.36,663.43,2.0
3221,221,4,330.54,332.6,0.2
3222,222,4,598.28,614.32,1.5
3223,223,4,327.52,331.12,0.9
3224,224,4,264.14,256.06,1.2
3225,225,4,653.66,627.0,0.6
3226,226,4,423.3,438.12,3.2
3227,227,4,271.23,259.99,0.5
3228,228,4,934.87,929.55,1.5
3229,229,4,298.74,289.82,2.7
3230,230,4,624.3,602.5,0.9
3231,231,4,951.05,933.02,9.6
3232,232,4,491.11,488.52,1.8
3233,233,4,274.54,266.2,0.7
3234,234,4,584.08,564.21,5.9
3235,235,4,560.74,571.73,2.1
3236,236,4,310.54,329.79,1.7
3237,237,4,608.18,614.87,0.8
3238,238,4,890.48,893.33,3.0
3239,239,4,292.65,242.57,0.7
3240,240,4,316.4,305.71,0.7
3241,241,4,527.02,542.89,0.1
3242,242,4,314.82,312.69,1.3
3243,243,4,609.15,615.12,0.7
3244,244,4,216.77,233.48,3.4
3245,245,4,280.09,300.92,0.1
3246,246,4,508.78,519.33,0.6
3247,247,4,980.27,1007.29,0.5
3248,248,4,343.81,331.64,0.3
3249,249,4,993.78,995.43,2.4
3250,250,4,323.45,319.07,0.1
3251,251,4,347.4,320.72,3.6
3252,252,4,520.17,513.47,1.5
3253,253,4,249.58,248.06,1.0
3254,254,4,528.25,532.74,5.5
3255,255,4,281.08,297.06,1.5
3256,256,4,379.81,357.76,0.9
3257,257,4,300.61,347.78,5.4
3258,258,4,1032.11,1007.81,0.3
3259,259,4,940.42,941.96,9.7
3260,260,4,249.32,240.81,0.6
3261,261,4,308.35,278.38,0.0
3262,262,4,1001.81,1014.39,0.1
3263,263,4,303.52,306.09,2.5
3264,264,4,873.73,892.16,0.4
3265,265,4,604.23,567.51,1.1
3266,266,4,767.83,737.31,3.3
3267,267,4,322.25,314.8,0.3
3268,268,4,224.7,248.12,5.0
3269,269,4,237.84,243.19,4.8
3270,270,4,339.9,328.14,0.4
3271,271,4,326.97,331.9,0.8
3272,272,4,909.56,926.76,0.5
3273,273,4,388.16,393.01,0.3
3274,274,4,330.75,328.4,0.3
3275,275,4,266.75,257.52,1.0
3276,276,4,324.96,318.18,0.0
3277,277,4,584.7,577.78,0.6
3278,278,4,326.1,345.76,5.3
3279,279,4,613.05,583.54,0.4
3280,280,4,1018.0,1022.01,0.2
3281,281,4,226.88,236.29,2.9
3282,282,4,602.07,599.6,0.7
3283,283,4,251.76,269.97,3.8
3284,284,4,247.79,249.75,0.2
3285,285,4,839.74,849.63,1.7
3286,286,4,969.75,964.81,0.6
3287,287,4,283.84,320.55,1.5
3288,288,4,228.4,202.56,1.4
3289,289,4,271.07,246.27,0.7
3290,290,4,546.82,513.38,0.6
3291,291,4,608.68,642.2,0.2
3292,292,4,257.79,276.05,2.7
3293,293,4,978.42,999.64,0.1
3294,294,4,576.47,536.34,4.1
3295,295,4,302.36,327.74,3.4
3296,296,4,994.79,996.24,0.6
3297,297,4,612.93,604.1,0.4
3298,298,4,370.15,374.4,1.3
3299,299,4,655.66,669.2,0.1
3300,300,4,1073.83,1019.95,0.2
3301,301,4,1067.43,1077.09,1.2
3302,302,4,339.43,356.61,0.1
3303,303,4,541.34,521.41,6.2
3304,304,4,876.67,907.28,0.0
3305,305,4,1006.92,1004.34,0.6
3306,306,4,332.06,309.43,0.0
3307,307,4,476.39,497.2,0.6
3308,308,4,1031.87,1064.57,0.7
3309,309,4,287.62,279.94,2.6
3310,310,4,391.35,394.77,0.2
3311,311,4,529.64,574.4,1.0
3312,312,4,560.54,548.58,0.7
3313,313,4,483.04,458.06,0.2
3314,314,4,275.61,250.4,0.2
3315,315,4,712.19,661.79,0.2
3316,316,4,281.94,245.33,0.6
3317,317,4,1004.05,1010.26,2.4
3318,318,4,326.51,357.39,0.1
3319,319,4,293.19,318.36,0.3
3320,320,4,966.44,970.53,8.9
3321,321,4,618.61,624.61,0.3
3322,322,4,256.72,286.24,0.9
3323,323,4,294.3,258.67,0.4
3324,324,4,604.29,602.27,0.8
3325,325,4,940.89,921.51,3.2
3326,326,4,363.93,358.94,0.8
3327,327,4,964.98,921.42,1.4
3328,328,4,300.95,320.06,0.8
3329,329,4,636.51,649.8,1.5
3330,330,4,269.26,301.07,0.6
3331,331,4,227.13,221.94,0.1
3332,332,4,992.76,1003.14,0.3
3333,333,4,235.25,254.72,1.9
3334,334,4,917.41,882.81,0.1
3335,335,4,316.31,315.94,1.6
3336,336,4,250.32,259.85,1.1
3337,337,4,918.68,885.51,3.2
3338,338,4,567.54,573.69,0.2
3339,339,4,223.35,224.51,6.6
3340,340,4,701.78,717.03,0.0
3341,341,4,224.0,244.48,0.3
3342,342,4,935.03,925.3,2.2
3343,343,4,309.74,304.89,0.0
3344,344,4,612.43,591.15,0.6
3345,345,4,299.13,305.38,0.0
3346,346,4,699.06,679.57,0.5
3347,347,4,864.13,858.17,4.7
3348,348,4,970.08,1002.08,2.8
3349,349,4,379.44,370.94,0.0
3350,350,4,328.66,325.6,5.4
3351,351,4,339.0,333.95,0.0
3352,352,4,921.03,914.51,0.2
3353,353,4,302.0,286.08,1.3
3354,354,4,607.2,550.58,0.5
3355,355,4,308.48,288.97,0.0
3356,356,4,969.75,926.18,0.0
3357,357,4,513.68,537.26,0.6
3358,358,4,647.35,617.48,1.4
3359,359,4,849.87,828.06,1.1
3360,360,4,959.01,953.51,2.8
3361,361,4,539.23,583.2,0.0
3362,362,4,578.46,576.6,1.0
3363,363,4,568.3,566.41,2.6
3364,364,4,312.24,267.12,0.6
3365,365,4,273.76,320.02,0.1
3366,366,4,602.04,623.26,2.6
3367,367,4,551.56,552.78,5.3
3368,368,4,330.2,351.9,0.8
3369,369,4,214.91,172.49,1.5
3370,370,4,619.95,643.18,0.4
3371,371,4,257.68,227.04,0.9
3372,372,4,576.82,566.84,0.4
3373,373,4,585.22,607.84,0.7
3374,374,4,280.47,335.35,1.3
3375,375,4,307.18,313.02,0.7
3376,376,4,306.09,350.5,1.8
3377,377,4,270.31,286.65,0.0
3378,378,4,675.44,664.69,2.6
3379,379,4,634.4,640.84,2.6
3380,380,4,1014.11,1052.63,1.4
3381,381,4,316.94,284.55,0.3
3382,382,4,563.73,561.99,0.3
3383,383,4,407.74,442.91,3.8
3384,384,4,802.93,796.4,0.2
3385,385,4,274.19,274.2,0.8
3386,386,4,555.44,534.63,0.5
3387,387,4,524.5,542.48,4.8
3388,388,4,234.84,235.32,1.6
3389,389,4,912.39,952.17,1.4
3390,390,4,358.42,331.2,7.0
3391,391,4,226.83,210.87,3.0
3392,392,4,550.95,582.87,0.6
3393,393,4,599.86,625.03,0.5
3394,394,4,279.96,257.79,0.5
3395,395,4,276.79,327.46,1.9
3396,396,4,261.99,283.42,0.2
3397,397,4,943.95,954.29,1.2
3398,398,4,462.81,449.33,2.2
3399,399,4,315.18,333.36,0.3
3400,400,4,296.26,323.85,2.9
3401,401,4,859.44,849.06,1.3
3402,402,4,979.42,931.69,0.0
3403,403,4,260.53,304.42,1.5
3404,404,4,582.72,610.39,0.2
3405,405,4,190.49,194.31,0.0
3406,406,4,271.86,246.74,1.1
3407,407,4,922.61,941.32,3.8
3408,408,4,902.14,898.1,0.7
3409,409,4,348.71,326.2,3.4
3410,410,4,948.77,915.03,0.0
3411,411,4,565.94,584.14,0.4
3412,412,4,605.65,630.41,0.3
3413,413,4,550.07,587.2,0.3
3414,414,4,478.74,483.22,1.1
3415,415,4,977.68,980.79,5.6
3416,416,4,311.42,321.77,0.1
3417,417,4,468.38,473.07,0.9
3418,418,4,293.16,281.36,3.7
3419,419,4,814.79,792.43,0.0
3420,420,4,248.7,247.94,0.1
3421,421,4,232.09,264.71,0.3
3422,422,4,557.83,572.14,0.2
3423,423,4,387.09,373.14,0.3
3424,424,4,312.25,310.47,6.5
3425,425,4,181.48,174.83,0.3
3426,426,4,582.62,594.71,0.9
3427,427,4,289.27,294.39,1.2
3428,428,4,243.95,257.64,0.1
3429,429,4,616.68,622.48,3.1
3430,430,4,1042.99,1026.51,0.5
3431,431,4,565.58,586.85,4.1
3432,432,4,216.81,254.39,0.6
3433,433,4,763.65,754.54,0.0
3434,434,4,965.72,947.38,1.0
3435,435,4,591.22,600.36,0.1
3436,436,4,573.2,602.63,0.1
3437,437,4,264.84,270.46,8.2
3438,438,4,564.66,576.85,1.0
3439,439,4,622.14,589.64,2.7
3440,440,4,308.98,297.94,1.4
3441,441,4,288.85,303.81,0.9
3442,442,4,239.57,220.92,0.5
3443,443,4,544.27,542.15,1.7
3444,444,4,272.88,271.07,0.4
3445,445,4,512.49,496.52,0.9
3446,446,4,851.61,862.85,1.3
3447,447,4,230.96,246.02,0.2
3448,448,4,354.24,380.95,0.5
3449,449,4,305.14,321.76,0.1
3450,450,4,325.26,312.58,0.1
3451,451,4,1005.58,1016.7,1.2
3452,452,4,604.3,607.55,0.2
3453,453,4,898.69,917.55,0.7
3454,454,4,950.76,980.12,0.3
3455,455,4,355.21,332.59,1.7
3456,456,4,540.34,542.32,0.2
3457,457,4,265.44,281.8,0.3
3458,458,4,326.6,326.9,1.0
3459,459,4,277.08,296.27,2.9
3460,460,4,257.12,220.75,0.3
3461,461,4,500.16,490.06,0.2
3462,462,4,615.08,635.8,0.1
3463,463,4,309.29,290.36,0.3
3464,464,4,356.1,359.56,0.0
3465,465,4,584.5,562.82,0.0
3466,466,4,554.46,585.67,2.9
3467,467,4,670.98,646.71,3.6
3468,468,4,313.45,311.22,0.9
3469,469,4,275.62,277.23,1.0
3470,470,4,468.85,468.17,1.4
3471,471,4,558.41,551.6,1.0
3472,472,4,221.67,229.86,1.7
3473,473,4,285.78,291.35,0.6
3474,474,4,273.58,267.84,1.1
3475,475,4,679.15,662.24,1.0
3476,476,4,220.43,219.07,0.1
3477,477,4,540.93,572.46,0.1
3478,478,4,1011.23,1010.68,6.3
3479,479,4,276.31,261.8,1.2
3480,480,4,144.2,116.46,2.2
3481,481,4,212.23,196.34,0.5
3482,482,4,242.95,211.02,0.1
3483,483,4,1013.46,981.54,1.0
3484,484,4,1093.39,1080.74,6.3
3485,485,4,236.53,215.03,1.2
3486,486,4,940.94,937.41,0.1
3487,487,4,244.3,252.55,0.3
3488,488,4,630.66,648.48,0.3
3489,489,4,675.43,654.94,1.1
3490,490,4,307.53,340.62,0.2
3491,491,4,597.55,623.55,1.3
3492,492,4,557.07,556.12,3.4
3493,493,4,299.41,293.23,0.4
3494,494,4,1068.04,1070.83,0.9
3495,495,4,278.97,286.88,0.4
3496,496,4,176.99,190.8,1.1
3497,497,4,981.0,950.95,0.8
3498,498,4,256.54,236.86,6.0
3499,499,4,197.54,193.7,0.3
3500,500,4,310.6,309.9,0.3
3501,501,4,324.3,330.08,0.4
3502,502,4,391.99,379.31,7.6
3503,503,4,209.14,229.1,0.9
3504,504,4,571.97,565.79,0.4
3505,505,4,347.34,378.33,0.1
3506,506,4,871.23,858.58,3.1
3507,507,4,853.79,872.29,3.0
3508,508,4,245.75,243.13,1.4
3509,509,4,953.67,947.6,0.6
3510,510,4,903.16,877.3,10.7
3511,511,4,873.93,864.79,0.6
3512,512,4,663.58,635.78,5.5
3513,513,4,278.96,263.83,0.3
3514,514,4,204.31,193.46,2.6
3515,515,4,987.8,1000.01,1.0
3516,516,4,623.01,631.24,0.8
3517,517,4,965.29,969.62,3.2
3518,518,4,615.71,592.99,0.4
3519,519,4,373.7,413.01,1.5
3520,520,4,231.1,260.28,0.8
3521,521,4,977.81,995.81,0.4
3522,522,4,376.25,335.56,4.9
3523,523,4,450.57,444.23,1.6
3524,524,4,896.68,885.36,0.3
3525,525,4,360.45,337.67,0.2
3526,526,4,323.73,320.71,0.1
3527,527,4,568.81,567.68,2.1
3528,528,4,981.61,984.94,0.3
3529,529,4,464.91,436.15,0.3
3530,530,4,367.66,366.47,0.6
3531,531,4,239.0,254.79,2.4
3532,532,4,217.78,197.9,1.6
3533,533,4,318.39,313.71,2.0
3534,534,4,274.35,276.71,1.5
3535,535,4,1009.33,989.63,0.0
3536,536,4,320.54,332.77,2.3
3537,537,4,1087.91,1065.31,2.3
3538,538,4,1020.69,981.64,2.6
3539,539,4,482.86,519.36,0.0
3540,540,4,632.82,618.89,0.1
3541,541,4,231.67,223.41,1.2
3542,542,4,644.66,602.93,4.9
3543,543,4,302.23,332.65,0.2
3544,544,4,271.17,278.54,4.1
3545,545,4,509.97,480.42,2.0
3546,546,4,186.46,172.6,3.8
3547,547,4,201.54,195.23,0.7
3548,548,4,686.29,657.9,2.3
3549,549,4,241.59,222.73,4.1
3550,550,4,285.27,306.29,0.2
3551,551,4,266.9,253.99,1.5
3552,552,4,272.65,275.26,0.0
3553,553,4,596.76,599.13,0.1
3554,554,4,681.19,671.2,0.5
3555,555,4,328.23,309.53,4.9
3556,556,4,587.34,595.87,0.1
3557,557,4,1063.83,1036.51,5.0
3558,558,4,510.61,512.48,0.3
3559,559,4,587.18,598.49,0.5
3560,560,4,611.86,615.66,0.0
3561,561,4,1043.49,1020.9,0.2
3562,562,4,941.69,912.46,0.3
3563,563,4,263.28,280.93,0.0
3564,564,4,255.51,277.36,7.3
3565,565,4,232.78,226.44,0.1
3566,566,4,553.15,532.86,0.6
3567,567,4,269.74,262.27,1.5
3568,568,4,839.45,818.02,0.1
3569,569,4,320.57,322.95,0.7
3570,570,4,623.39,627.52,4.6
3571,571,4,246.01,249.39,0.1
3572,572,4,244.51,233.64,1.2
3573,573,4,258.81,258.48,7.4
3574,574,4,560.24,552.47,1.2
3575,575,4,242.23,211.61,12.5
3576,576,4,326.22,352.79,4.2
3577,577,4,443.98,432.06,0.2
3578,578,4,1100.15,1065.11,0.3
3579,579,4,521.43,531.13,2.3
3580,580,4,648.31,671.23,0.0
3581,581,4,342.42,331.35,1.9
3582,582,4,1029.85,1026.43,1.9
3583,583,4,362.99,373.25,0.7
3584,584,4,944.88,997.28,1.2
3585,585,4,991.18,990.27,1.1
3586,586,4,256.36,241.66,20.5
3587,587,4,182.07,173.47,0.5
3588,588,4,537.64,533.24,0.7
3589,589,4,658.0,625.08,1.7
3590,590,4,560.81,551.64,0.3
3591,591,4,1098.18,1060.36,0.5
3592,592,4,703.29,726.23,3.4
3593,593,4,448.76,408.86,0.5
3594,594,4,694.27,699.02,0.8
3595,595,4,354.37,332.02,2.0
3596,596,4,615.26,600.25,1.0
3597,597,4,959.9,944.7,0.2
3598,598,4,282.37,267.58,0.4
3599,599,4,849.15,895.23,0.1
3600,600,4,1006.48,1016.42,9.6
3601,601,4,286.12,297.21,0.2
3602,602,4,926.92,938.9,0.2
3603,603,4,530.12,527.39,0.8
3604,604,4,285.46,271.93,0.3
3605,605,4,264.36,247.57,7.2
3606,606,4,242.58,252.13,2.1
3607,607,4,562.27,544.35,2.7
3608,608,4,252.35,255.96,4.0
3609,609,4,319.05,305.11,1.5
3610,610,4,941.13,891.12,1.0
3611,611,4,657.02,654.38,14.6
3612,612,4,609.3,612.29,1.6
3613,613,4,895.12,880.99,0.0
3614,614,4,291.57,296.32,1.0
3615,615,4,210.98,218.62,2.8
3616,616,4,615.9,627.17,0.6
3617,617,4,341.46,345.09,5.8
3618,618,4,313.69,316.52,0.2
3619,619,4,478.25,486.35,0.3
3620,620,4,223.05,216.25,0.1
3621,621,4,572.16,527.51,0.6
3622,622,4,601.41,581.29,0.5
3623,623,4,549.04,536.33,2.8
3624,624,4,260.27,252.16,0.4
3625,625,4,226.35,243.39,0.0
3626,626,4,964.8,967.55,4.3
3627,627,4,961.42,962.53,0.4
3628,628,4,345.78,339.69,1.0
3629,629,4,349.63,329.56,0.2
3630,630,4,491.85,495.83,1.2
3631,631,4,336.66,344.46,0.4
3632,632,4,298.38,315.71,2.0
3633,633,4,240.02,222.5,3.3
3634,634,4,294.81,327.02,1.9
3635,635,4,316.04,336.11,0.5
3636,636,4,307.16,281.55,0.3
3637,637,4,867.8,871.85,2.4
3638,638,4,259.73,271.03,0.6
3639,639,4,297.73,321.35,0.4
3640,640,4,340.18,335.61,0.1
3641,641,4,869.0,896.73,0.4
3642,642,4,244.55,235.83,1.1
3643,643,4,274.13,283.56,1.1
3644,644,4,582.88,593.98,0.5
3645,645,4,603.85,615.46,0.8
3646,646,4,1029.22,1041.34,2.2
3647,647,4,230.6,217.51,0.3
3648,648,4,302.9,286.81,8.7
3649,649,4,261.89,249.5,0.1
3650,650,4,503.06,481.85,0.3
3651,651,4,384.4,368.47,2.5
3652,652,4,217.63,234.71,2.5
3653,653,4,242.27,221.0,0.7
3654,654,4,935.27,936.91,0.4
3655,655,4,260.66,268.94,0.4
3656,656,4,316.27,310.73,0.9
3657,657,4,957.11,977.22,0.2
3658,658,4,504.19,474.54,2.4
3659,659,4,632.15,617.3,0.0
3660,660,4,615.53,641.61,0.1
3661,661,4,322.98,319.22,0.4
3662,662,4,1034.76,1035.89,1.5
3663,663,4,155.19,128.97,6.5
3664,664,4,995.17,968.94,0.1
3665,665,4,245.1,248.69,0.2
3666,666,4,501.78,525.99,1.6
3667,667,4,571.82,549.08,1.0
3668,668,4,238.22,247.21,0.4
3669,669,4,393.63,410.43,0.5
3670,670,4,502.18,484.97,0.0
3671,671,4,232.58,245.3,0.5
3672,672,4,1037.12,1066.27,0.2
3673,673,4,267.83,284.97,0.9
3674,674,4,614.37,601.72,0.1
3675,675,4,504.38,494.88,2.0
3676,676,4,291.87,309.37,1.9
3677,677,4,525.41,548.37,4.0
3678,678,4,547.18,521.33,8.4
3679,679,4,599.53,613.28,0.3
3680,680,4,679.72,662.92,2.0
3681,681,4,588.87,554.39,0.5
3682,682,4,237.42,214.68,0.3
3683,683,4,272.88,284.87,0.8
3684,684,4,372.49,347.27,0.4
3685,685,4,538.49,542.32,1.0
3686,686,4,813.64,803.07,1.0
3687,687,4,191.75,169.23,0.5
3688,688,4,557.5,567.94,0.5
3689,689,4,310.51,287.07,1.0
3690,690,4,537.59,551.12,3.1
3691,691,4,624.74,631.43,0.3
3692,692,4,590.23,565.23,0.6
3693,693,4,668.87,686.27,0.3
3694,694,4,605.73,588.42,5.1
3695,695,4,302.88,329.49,0.4
3696,696,4,590.64,612.26,0.2
3697,697,4,216.55,193.63,0.7
3698,698,4,994.75,993.81,3.0
3699,699,4,514.99,501.57,1.4
3700,700,4,279.74,295.63,0.1
3701,701,4,202.58,181.76,0.0
3702,702,4,243.08,259.16,0.2
3703,703,4,1019.02,1035.47,0.9
3704,704,4,322.86,355.8,0.3
3705,705,4,658.31,675.05,4.8
3706,706,4,337.08,322.91,0.6
3707,707,4,536.36,569.96,3.6
3708,708,4,569.47,594.01,0.7
3709,709,4,288.93,276.07,2.3
3710,710,4,606.34,593.9,0.1
3711,711,4,287.93,291.57,0.4
3712,712,4,946.9,969.02,2.6
3713,713,4,317.1,307.82,0.3
3714,714,4,647.07,628.16,1.6
3715,715,4,334.61,321.36,2.6
3716,716,4,660.67,671.44,0.5
3717,717,4,415.42,385.3,0.3
3718,718,4,634.15,637.14,3.4
3719,719,4,275.94,263.74,6.7
3720,720,4,324.59,358.62,2.5
3721,721,4,1022.44,995.86,2.4
3722,722,4,329.68,310.12,1.9
3723,723,4,373.75,335.2,0.4
3724,724,4,463.31,481.15,0.6
3725,725,4,337.22,318.71,0.2
3726,726,4,1091.52,1133.19,0.6
3727,727,4,327.4,333.27,4.1
3728,728,4,977.18,941.02,2.1
3729,729,4,986.92,978.72,0.1
3730,730,4,284.35,276.39,1.0
3731,731,4,283.81,250.75,3.0
3732,732,4,630.68,654.79,0.7
3733,733,4,635.04,625.98,2.3
3734,734,4,330.33,357.74,1.9
3735,735,4,326.72,288.13,0.1
3736,736,4,338.33,344.28,1.4
3737,737,4,520.39,531.02,1.3
3738,738,4,640.61,620.06,0.7
3739,739,4,372.33,378.26,0.5
3740,740,4,567.79,573.23,0.9
3741,741,4,673.97,656.73,1.4
3742,742,4,810.16,795.42,10.0
3743,743,4,267.76,254.28,11.7
3744,744,4,266.94,268.3,2.3
3745,745,4,312.77,304.22,0.2
3746,746,4,612.92,647.99,0.0
3747,747,4,294.04,265.94,0.8
3748,748,4,339.68,321.76,0.7
3749,749,4,647.45,620.89,0.3
3750,750,4,567.49,565.38,1.2
3751,751,4,259.66,281.92,4.4
3752,752,4,335.68,351.82,1.7
3753,753,4,256.87,259.24,2.2
3754,754,4,304.5,298.56,1.5
3755,755,4,365.53,361.64,0.4
3756,756,4,274.0,302.17,8.9
3757,757,4,341.69,359.3,0.2
3758,758,4,1025.19,995.78,0.5
3759,759,4,941.27,951.77,0.5
3760,760,4,310.08,307.58,1.0
3761,761,4,686.63,653.79,3.0
3762,762,4,326.68,319.41,2.3
3763,763,4,1034.49,1054.33,1.5
3764,764,4,1079.04,1084.39,1.2
3765,765,4,584.53,559.78,2.0
3766,766,4,519.32,537.8,1.0
3767,767,4,387.42,391.26,4.3
3768,768,4,305.83,317.71,0.2
3769,769,4,326.5,296.14,0.7
3770,770,4,260.88,238.28,5.2
3771,771,4,618.43,629.43,1.6
3772,772,4,244.15,244.03,0.5
3773,773,4,302.19,315.9,0.2
3774,774,4,566.6,568.78,5.4
3775,775,4,471.85,486.0,0.8
3776,776,4,583.84,533.63,5.8
3777,777,4,460.11,446.21,0.0
3778,778,4,799.85,797.51,0.3
3779,779,4,338.12,361.76,0.2
3780,780,4,554.74,546.59,0.2
3781,781,4,245.29,248.52,2.9
3782,782,4,310.07,326.36,1.3
3783,783,4,811.83,789.02,2.5
3784,784,4,335.1,327.4,0.9
3785,785,4,249.24,236.92,1.2
3786,786,4,282.74,273.14,0.1
3787,787,4,944.72,921.8,0.3
3788,788,4,1126.98,1107.31,0.3
3789,789,4,261.06,286.09,1.8
3790,790,4,610.33,597.86,0.7
3791,791,4,287.36,252.18,0.7
3792,792,4,523.34,520.88,1.3
3793,793,4,197.36,185.65,3.5
3794,794,4,268.95,277.9,11.7
3795,795,4,636.97,663.1,0.5
3796,796,4,981.9,1001.72,0.1
3797,797,4,287.44,303.45,0.4
3798,798,4,344.54,335.88,2.0
3799,799,4,814.88,852.74,1.6
3800,800,4,265.11,266.3,0.1
3801,801,4,223.31,221.36,1.6
3802,802,4,615.04,616.81,1.2
3803,803,4,294.95,300.36,3.4
3804,804,4,321.84,319.4,0.9
3805,805,4,229.65,226.93,4.3
3806,806,4,289.41,281.85,0.8
3807,807,4,535.08,509.5,0.1
3808,808,4,986.69,964.79,0.1
3809,809,4,317.13,313.16,0.3
3810,810,4,553.81,578.18,0.1
3811,811,4,196.1,172.93,0.3
3812,812,4,265.01,306.01,1.5
3813,813,4,518.45,498.74,0.3
3814,814,4,234.21,257.31,0.1
3815,815,4,537.67,546.02,7.5
3816,816,4,226.69,210.78,0.1
3817,817,4,583.89,564.8,0.5
3818,818,4,1000.29,1009.57,0.2
3819,819,4,272.42,280.68,0.0
3820,820,4,1010.37,1044.61,0.3
3821,821,4,252.12,279.77,0.5
3822,822,4,306.94,320.18,1.5
3823,823,4,224.47,231.42,0.3
3824,824,4,930.7,931.5,0.1
3825,825,4,573.73,544.4,0.8
3826,826,4,930.13,898.85,1.0
3827,827,4,626.22,634.92,1.0
3828,828,4,151.12,178.82,1.5
3829,829,4,910.54,912.52,0.5
3830,830,4,911.77,872.52,4.1
3831,831,4,581.93,616.68,0.4
3832,832,4,593.59,606.53,2.9
3833,833,4,981.4,974.9,0.1
3834,834,4,275.43,307.84,1.1
3835,835,4,983.25,953.26,1.7
3836,836,4,960.33,947.55,0.1
3837,837,4,558.51,541.39,0.4
3838,838,4,267.48,255.18,1.4
3839,839,4,221.81,229.31,0.2
3840,840,4,975.15,973.16,1.6
3841,841,4,1013.08,1004.66,1.0
3842,842,4,523.68,550.28,0.2
3843,843,4,981.99,938.02,0.4
3844,844,4,569.38,608.57,0.7
3845,845,4,1099.26,1101.34,0.2
3846,846,4,231.29,181.34,1.5
3847,847,4,247.51,258.43,0.2
3848,848,4,465.34,463.2,2.5
3849,849,4,254.55,233.39,0.5
3850,850,4,312.51,299.98,1.1
3851,851,4,554.71,553.64,1.0
3852,852,4,331.01,331.09,0.1
3853,853,4,612.55,617.51,0.8
3854,854,4,290.36,268.25,7.6
3855,855,4,982.59,972.91,2.4
3856,856,4,311.16,322.19,1.1
3857,857,4,558.93,565.9,2.1
3858,858,4,571.1,583.88,3.0
3859,859,4,289.57,290.15,3.9
3860,860,4,284.47,284.88,0.1
3861,861,4,276.09,303.46,0.5
3862,862,4,259.54,255.02,0.0
3863,863,4,295.34,328.42,2.0
3864,864,4,339.98,317.6,0.5
3865,865,4,508.29,487.04,0.1
3866,866,4,305.33,340.18,1.8
3867,867,4,308.21,292.46,0.2
3868,868,4,269.38,254.35,1.4
3869,869,4,213.63,191.9,2.8
3870,870,4,525.13,542.45,3.9
3871,871,4,530.71,546.82,2.1
3872,872,4,510.55,520.07,0.3
3873,873,4,253.95,249.62,2.9
3874,874,4,274.19,249.49,1.2
3875,875,4,215.36,186.33,0.2
3876,876,4,549.9,539.43,0.3
3877,877,4,242.79,245.66,1.2
3878,878,4,1036.9,1035.47,0.3
3879,879,4,622.96,637.86,11.6
3880,880,4,515.53,511.97,0.3
3881,881,4,554.71,577.82,2.4
3882,882,4,762.55,732.7,4.5
3883,883,4,234.68,229.59,5.3
3884,884,4,260.93,248.52,1.1
3885,885,4,960.8,959.86,3.4
3886,886,4,598.49,625.89,0.8
3887,887,4,283.71,257.48,0.1
3888,888,4,344.04,353.71,0.9
3889,889,4,270.58,305.15,1.0
3890,890,4,823.23,829.55,0.4
3891,891,4,333.35,359.12,0.9
3892,892,4,276.58,256.07,4.5
3893,893,4,286.65,302.77,0.7
3894,894,4,1091.33,1046.81,1.8
3895,895,4,596.49,605.92,0.2
3896,896,4,260.53,238.96,8.4
3897,897,4,964.7,943.42,0.5
3898,898,4,365.33,321.96,0.1
3899,899,4,548.41,553.31,0.2
3900,900,4,510.19,497.79,0.9
3901,901,4,332.81,354.32,0.1
3902,902,4,643.0,657.98,0.4
3903,903,4,1026.49,1036.4,1.7
3904,904,4,343.2,362.84,1.6
3905,905,4,321.57,324.13,1.3
3906,906,4,1026.74,1064.54,0.6
3907,907,4,249.3,252.09,1.5
3908,908,4,689.52,699.28,0.4
3909,909,4,237.32,254.29,0.2
3910,910,4,862.3,835.67,0.3
3911,911,4,532.16,539.98,3.6
3912,912,4,894.68,882.57,0.1
3913,913,4,270.44,268.6,0.4
3914,914,4,905.21,894.9,1.1
3915,915,4,554.48,558.06,0.2
3916,916,4,551.18,537.11,1.8
3917,917,4,567.65,546.29,0.8
3918,918,4,350.25,329.82,0.8
3919,919,4,533.39,542.56,1.0
3920,920,4,230.67,256.62,0.9
3921,921,4,342.04,352.71,0.4
3922,922,4,602.88,622.17,0.2
3923,923,4,260.57,276.28,5.5
3924,924,4,650.12,642.64,0.8
3925,925,4,259.3,265.31,2.3
3926,926,4,273.03,274.02,2.9
3927,927,4,481.84,490.84,0.5
3928,928,4,281.59,263.96,2.6
3929,929,4,1065.98,1094.16,2.5
3930,930,4,868.25,882.36,0.1
3931,931,4,215.36,189.14,0.8
3932,932,4,230.72,220.42,3.3
3933,933,4,313.72,337.75,5.2
3934,934,4,568.28,569.07,0.5
3935,935,4,268.53,308.45,6.3
3936,936,4,872.35,849.48,0.2
3937,937,4,985.88,985.11,2.3
3938,938,4,308.09,345.24,1.4
3939,939,4,581.07,589.19,0.2
3940,940,4,293.61,301.64,2.1
3941,941,4,520.76,537.84,0.4
3942,942,4,282.6,333.38,0.0
3943,943,4,545.71,553.45,0.4
3944,944,4,249.41,229.0,3.6
3945,945,4,876.98,866.71,2.5
3946,946,4,343.25,356.41,0.4
3947,947,4,486.68,486.01,0.4
3948,948,4,931.76,941.09,2.8
3949,949,4,593.51,595.94,1.2
3950,950,4,656.36,634.06,0.1
3951,951,4,360.64,354.56,3.2
3952,952,4,244.32,263.25,2.6
3953,953,4,337.47,305.27,2.0
3954,954,4,957.82,984.9,2.1
3955,955,4,212.9,205.74,0.1
3956,956,4,243.22,248.28,1.1
3957,957,4,512.71,515.92,0.1
3958,958,4,277.74,257.89,6.3
3959,959,4,883.06,892.88,0.4
3960,960,4,289.09,274.31,0.3
3961,961,4,306.81,332.89,0.2
3962,962,4,479.0,491.52,0.2
3963,963,4,522.79,525.95,0.9
3964,964,4,877.62,918.33,0.6
3965,965,4,326.64,302.98,0.9
3966,966,4,233.77,239.09,0.3
3967,967,4,326.99,347.78,0.0
3968,968,4,365.34,372.89,2.2
3969,969,4,596.55,623.09,3.0
3970,970,4,211.31,213.06,0.4
3971,971,4,642.75,642.08,0.6
3972,972,4,1030.89,1053.76,0.1
3973,973,4,241.96,220.06,0.1
3974,974,4,540.87,602.5,4.9
3975,975,4,318.16,319.98,0.2
3976,976,4,1004.77,1017.03,0.6
3977,977,4,211.64,211.79,0.6
3978,978,4,590.11,559.76,0.1
3979,979,4,250.06,242.44,0.3
3980,980,4,235.46,207.98,0.7
3981,981,4,212.61,205.6,0.5
3982,982,4,358.52,392.88,11.2
3983,983,4,813.67,819.08,1.1
3984,984,4,268.32,263.52,1.8
3985,985,4,976.55,1009.18,2.9
3986,986,4,307.09,327.56,0.3
3987,987,4,266.75,290.76,3.1
3988,988,4,302.15,342.58,0.5
3989,989,4,260.02,250.34,0.1
3990,990,4,960.99,970.34,4.4
3991,991,4,256.53,236.1,0.5
3992,992,4,944.06,916.5,0.6
3993,993,4,248.79,273.99,5.1
3994,994,4,320.47,337.87,2.1
3995,995,4,354.08,335.24,1.1
3996,996,4,585.39,577.36,1.1
3997,997,4,474.69,466.67,3.5
3998,998,4,800.95,795.68,0.5
3999,999,4,221.47,178.49,2.7
4000,1000,4,220.19,206.79,1.4
4001,1,5,244.77,281.55,0.4
4002,2,5,280.38,257.46,0.6
4003,3,5,313.36,304.84,0.8
4004,4,5,326.43,301.03,0.9
4005,5,5,447.03,421.72,0.5
4006,6,5,255.66,226.89,1.7
4007,7,5,976.09,980.79,0.0
4008,8,5,454.97,410.92,0.1
4009,9,5,317.65,270.3,3.5
4010,10,5,529.46,504.17,0.6
4011,11,5,269.84,263.59,0.0
4012,12,5,1025.52,1029.9,1.3
4013,13,5,882.07,865.64,0.8
4014,14,5,861.14,857.35,1.6
4015,15,5,641.42,666.83,0.3
4016,16,5,981.1,974.23,0.9
4017,17,5,664.97,654.06,1.1
4018,18,5,869.34,887.36,2.0
4019,19,5,230.78,230.12,1.0
4020,20,5,1020.73,1026.23,1.2
4021,21,5,678.8,677.75,0.3
4022,22,5,289.65,280.28,1.6
4023,23,5,893.48,858.01,6.3
4024,24,5,473.47,491.48,1.9
4025,25,5,1017.62,1037.16,9.7
4026,26,5,148.34,178.42,1.9
4027,27,5,551.48,527.96,0.6
4028,28,5,538.82,550.56,0.8
4029,29,5,266.79,245.99,0.2
4030,30,5,507.27,487.18,3.8
4031,31,5,545.32,515.24,0.6
4032,32,5,299.71,305.0,0.1
4033,33,5,535.22,546.68,0.1
4034,34,5,302.05,329.85,0.2
4035,35,5,932.04,933.99,0.7
4036,36,5,981.84,977.6,0.3
4037,37,5,366.96,383.41,1.9
4038,38,5,522.06,528.75,0.8
4039,39,5,355.86,352.76,0.4
4040,40,5,301.45,295.8,0.8
4041,41,5,981.2,992.19,0.5
4042,42,5,284.53,276.85,0.7
4043,43,5,309.34,275.66,1.5
4044,44,5,296.04,282.5,0.6
4045,45,5,555.67,595.36,0.5
4046,46,5,838.77,861.05,1.1
4047,47,5,320.87,332.47,0.2
4048,48,5,173.86,225.49,1.5
4049,49,5,290.13,294.92,0.1
4050,50,5,315.94,326.63,5.3
4051,51,5,216.71,214.04,1.7
4052,52,5,519.04,520.87,2.7
4053,53,5,579.54,578.83,3.0
4054,54,5,331.53,362.1,1.6
4055,55,5,615.27,622.94,0.7
4056,56,5,503.77,568.88,4.2
4057,57,5,204.1,200.93,0.5
4058,58,5,258.3,262.8,1.8
4059,59,5,513.04,500.63,0.7
4060,60,5,305.83,283.81,0.6
4061,61,5,958.36,950.01,1.6
4062,62,5,974.51,985.54,0.5
4063,63,5,1089.74,1089.84,0.1
4064,64,5,328.52,277.8,1.5
4065,65,5,359.58,380.44,0.8
4066,66,5,1045.03,1072.51,0.1
4067,67,5,291.5,291.79,0.2
4068,68,5,289.28,281.32,10.3
4069,69,5,554.91,513.55,0.9
4070,70,5,333.06,334.35,0.7
4071,71,5,566.48,551.06,0.2
4072,72,5,1085.25,1051.58,0.1
4073,73,5,505.54,527.54,1.5
4074,74,5,278.75,307.31,0.7
4075,75,5,987.55,969.8,4.0
4076,76,5,547.64,535.89,1.0
4077,77,5,366.86,369.51,0.3
4078,78,5,548.19,571.98,0.2
4079,79,5,283.76,283.44,0.5
4080,80,5,265.79,274.63,0.8
4081,81,5,601.05,615.81,1.8
4082,82,5,293.93,300.02,0.1
4083,83,5,243.04,233.51,0.5
4084,84,5,491.11,453.65,1.5
4085,85,5,329.48,316.1,1.9
4086,86,5,650.35,651.38,1.0
4087,87,5,255.17,273.68,0.9
4088,88,5,571.85,545.96,2.0
4089,89,5,980.95,990.76,2.3
4090,90,5,232.8,228.84,1.0
4091,91,5,553.02,537.44,0.8
4092,92,5,221.17,219.59,1.8
4093,93,5,263.88,262.89,1.1
4094,94,5,344.2,344.39,1.4
4095,95,5,250.0,226.46,0.9
4096,96,5,281.7,275.56,0.9
4097,97,5,522.65,565.56,1.6
4098,98,5,661.24,671.61,1.1
4099,99,5,809.69,785.4,2.5
4100,100,5,1012.85,1021.98,0.4
4101,101,5,251.24,237.13,0.2
4102,102,5,302.4,303.17,2.2
4103,103,5,280.1,304.75,0.4
4104,104,5,541.67,575.22,0.1
4105,105,5,986.72,982.72,0.1
4106,106,5,297.54,299.64,10.6
4107,107,5,366.91,373.33,0.2
4108,108,5,286.16,309.63,0.1
4109,109,5,868.14,863.67,0.3
4110,110,5,314.37,303.36,0.3
4111,111,5,525.81,524.37,0.5
4112,112,5,255.53,256.11,1.8
4113,113,5,286.02,289.17,0.5
4114,114,5,193.27,230.19,1.7
4115,115,5,501.66,479.75,1.3
4116,116,5,647.31,623.68,0.7
4117,117,5,229.27,222.38,0.1
4118,118,5,347.28,346.96,2.6
4119,119,5,218.85,221.52,0.3
4120,120,5,246.66,290.61,2.3
4121,121,5,332.93,328.51,0.3
4122,122,5,249.79,244.55,6.4
4123,123,5,594.59,606.67,0.0
4124,124,5,998.32,1036.87,3.7
4125,125,5,588.62,551.82,0.8
4126,126,5,565.0,583.93,0.8
4127,127,5,892.33,918.61,7.9
4128,128,5,1015.68,1030.5,3.9
4129,129,5,377.37,386.27,0.2
4130,130,5,247.06,267.67,0.4
4131,131,5,207.23,227.37,3.0
4132,132,5,883.45,860.67,1.8
4133,133,5,300.22,276.04,1.0
4134,134,5,289.91,313.27,0.7
4135,135,5,530.38,508.65,0.3
4136,136,5,566.71,567.92,1.2
4137,137,5,504.28,516.34,8.2
4138,138,5,719.65,706.34,0.5
4139,139,5,572.74,586.68,1.1
4140,140,5,1081.0,1018.11,0.1
4141,141,5,334.21,343.38,0.1
4142,142,5,972.99,970.6,0.9
4143,143,5,502.69,505.36,0.0
4144,144,5,255.47,270.89,1.6
4145,145,5,827.28,832.32,0.5
4146,146,5,1000.0,1005.19,4.7
4147,147,5,898.56,923.96,0.3
4148,148,5,984.97,975.6,6.7
4149,149,5,348.25,378.67,1.2
4150,150,5,339.63,349.67,0.9
4151,151,5,279.89,267.01,0.3
4152,152,5,804.12,780.41,0.4
4153,153,5,914.93,924.07,11.0
4154,154,5,923.78,922.02,2.6
4155,155,5,902.22,912.08,2.9
4156,156,5,621.61,672.18,0.3
4157,157,5,287.25,283.43,4.6
4158,158,5,260.14,231.75,0.1
4159,159,5,331.91,326.96,1.6
4160,160,5,564.01,572.22,1.6
4161,161,5,319.18,338.44,6.2
4162,162,5,1024.38,1039.69,1.4
4163,163,5,616.38,610.14,0.0
4164,164,5,310.55,313.84,0.2
4165,165,5,956.35,941.55,0.2
4166,166,5,525.63,524.78,0.6
4167,167,5,596.87,569.88,2.4
4168,168,5,268.26,238.33,1.0
4169,169,5,259.24,256.01,0.4
4170,170,5,295.5,300.97,1.8
4171,171,5,644.41,612.53,1.5
4172,172,5,658.38,659.24,1.3
4173,173,5,1069.61,1057.7,0.3
4174,174,5,886.6,858.83,0.3
4175,175,5,240.85,228.25,0.7
4176,176,5,886.07,894.01,0.9
4177,177,5,272.71,281.04,1.8
4178,178,5,287.08,271.81,0.7
4179,179,5,514.23,522.04,0.1
4180,180,5,934.59,943.0,2.9
4181,181,5,1023.17,1011.44,0.2
4182,182,5,885.89,904.87,0.4
4183,183,5,353.74,313.1,9.2
4184,184,5,300.05,271.7,0.8
4185,185,5,351.54,377.55,0.3
4186,186,5,541.5,573.19,3.3
4187,187,5,327.72,345.15,0.2
4188,188,5,288.8,253.97,2.6
4189,189,5,324.75,313.66,0.4
4190,190,5,530.16,554.62,10.1
4191,191,5,676.58,625.31,0.0
4192,192,5,224.4,236.37,3.2
4193,193,5,311.82,314.59,0.6
4194,194,5,604.94,608.44,0.2
4195,195,5,548.08,555.2,7.1
4196,196,5,396.6,396.7,7.3
4197,197,5,391.43,409.51,6.3
4198,198,5,895.31,900.83,0.8
4199,199,5,607.84,617.96,2.9
4200,200,5,317.57,288.24,1.0
4201,201,5,590.03,592.06,3.4
4202,202,5,607.3,588.83,0.1
4203,203,5,327.94,334.82,0.2
4204,204,5,312.26,302.41,0.1
4205,205,5,1112.86,1136.21,1.3
4206,206,5,581.26,545.95,1.8
4207,207,5,281.43,263.05,0.2
4208,208,5,571.38,557.15,0.5
4209,209,5,361.17,378.48,0.1
4210,210,5,531.38,532.91,0.3
4211,211,5,278.51,280.03,6.5
4212,212,5,287.02,299.91,1.4
4213,213,5,316.78,310.29,0.4
4214,214,5,890.39,889.86,0.5
4215,215,5,533.15,555.03,1.9
4216,216,5,1004.25,1021.87,0.2
4217,217,5,278.78,297.22,0.1
4218,218,5,700.0,702.43,0.1
4219,219,5,314.2,311.1,1.1
4220,220,5,662.36,671.11,1.7
4221,221,5,330.54,315.74,0.1
4222,222,5,598.28,600.45,5.7
4223,223,5,327.52,310.3,3.2
4224,224,5,264.14,292.86,1.7
4225,225,5,653.66,638.65,0.2
4226,226,5,423.3,409.77,0.7
4227,227,5,271.23,274.65,0.4
4228,228,5,934.87,902.81,0.7
4229,229,5,298.74,302.23,0.1
4230,230,5,624.3,591.24,0.7
4231,231,5,951.05,966.36,6.6
4232,232,5,491.11,488.24,4.0
4233,233,5,274.54,250.02,0.2
4234,234,5,584.08,544.87,2.4
4235,235,5,560.74,566.28,2.6
4236,236,5,310.54,284.6,0.5
4237,237,5,608.18,582.08,1.2
4238,238,5,890.48,898.21,4.4
4239,239,5,292.65,281.38,0.8
4240,240,5,316.4,288.41,2.4
4241,241,5,527.02,529.69,1.8
4242,242,5,314.82,323.67,0.0
4243,243,5,609.15,631.23,3.9
4244,244,5,216.77,220.97,3.1
4245,245,5,280.09,261.93,1.6
4246,246,5,508.78,525.6,0.2
4247,247,5,980.27,969.44,1.9
4248,248,5,343.81,339.33,4.1
4249,249,5,993.78,962.29,2.6
4250,250,5,323.45,298.05,1.2
4251,251,5,347.4,356.14,0.7
4252,252,5,520.17,551.09,1.4
4253,253,5,249.58,273.78,3.0
4254,254,5,528.25,518.21,1.7
4255,255,5,281.08,272.53,7.0
4256,256,5,379.81,433.18,0.4
4257,257,5,300.61,280.99,0.8
4258,258,5,1032.11,1036.5,0.6
4259,259,5,940.42,963.5,4.3
4260,260,5,249.32,239.1,0.1
4261,261,5,308.35,310.81,1.3
4262,262,5,1001.81,992.36,0.2
4263,263,5,303.52,337.54,1.2
4264,264,5,873.73,866.83,0.0
4265,265,5,604.23,611.2,1.1
4266,266,5,767.83,783.91,1.7
4267,267,5,322.25,319.69,0.9
4268,268,5,224.7,195.74,0.8
4269,269,5,237.84,207.71,3.6
4270,270,5,339.9,348.06,0.3
4271,271,5,326.97,340.21,0.4
4272,272,5,909.56,915.42,0.5
4273,273,5,388.16,404.23,4.8
4274,274,5,330.75,314.22,0.3
4275,275,5,266.75,257.84,0.2
4276,276,5,324.96,309.34,0.6
4277,277,5,584.7,550.14,5.6
4278,278,5,326.1,321.88,0.2
4279,279,5,613.05,641.49,6.2
4280,280,5,1018.0,1021.63,1.1
4281,281,5,226.88,185.85,0.9
4282,282,5,602.07,637.97,0.1
4283,283,5,251.76,283.99,1.2
4284,284,5,247.79,273.29,3.2
4285,285,5,839.74,827.08,2.7
4286,286,5,969.75,970.77,0.6
4287,287,5,283.84,311.57,0.8
4288,288,5,228.4,204.81,0.2
4289,289,5,271.07,265.66,0.5
4290,290,5,546.82,552.92,0.1
4291,291,5,608.68,606.22,1.0
4292,292,5,257.79,264.02,1.8
4293,293,5,978.42,970.85,1.4
4294,294,5,576.47,607.81,0.2
4295,295,5,302.36,297.35,0.7
4296,296,5,994.79,1001.35,0.6
4297,297,5,612.93,601.46,1.5
4298,298,5,370.15,340.59,2.7
4299,299,5,655.66,653.8,0.3
4300,300,5,1073.83,1095.51,1.0
4301,301,5,1067.43,1074.28,2.0
4302,302,5,339.43,354.24,0.1
4303,303,5,541.34,535.06,0.4
4304,304,5,876.67,869.21,0.0
4305,305,5,1006.92,1018.33,0.4
4306,306,5,332.06,330.09,1.3
4307,307,5,476.39,471.58,2.6
4308,308,5,1031.87,1027.78,1.7
4309,309,5,287.62,323.29,1.0
4310,310,5,391.35,418.8,0.4
4311,311,5,529.64,538.22,0.8
4312,312,5,560.54,547.68,0.3
4313,313,5,483.04,506.13,1.5
4314,314,5,275.61,261.49,0.6
4315,315,5,712.19,737.05,0.9
4316,316,5,281.94,260.64,0.4
4317,317,5,1004.05,995.08,0.9
4318,318,5,326.51,315.42,0.8
4319,319,5,293.19,308.88,0.6
4320,320,5,966.44,1000.79,1.6
4321,321,5,618.61,624.2,1.5
4322,322,5,256.72,277.18,0.6
4323,323,5,294.3,314.2,0.5
4324,324,5,604.29,608.43,1.1
4325,325,5,940.89,942.53,0.2
4326,326,5,363.93,393.13,2.2
4327,327,5,964.98,979.01,2.4
4328,328,5,300.95,294.88,0.7
4329,329,5,636.51,638.57,0.2
4330,330,5,269.26,258.09,0.6
4331,331,5,227.13,241.28,0.0
4332,332,5,992.76,982.54,0.5
4333,333,5,235.25,229.34,2.6
4334,334,5,917.41,929.73,1.8
4335,335,5,316.31,308.01,1.0
4336,336,5,250.32,264.72,1.3
4337,337,5,918.68,910.37,1.7
4338,338,5,567.54,566.52,0.2
4339,339,5,223.35,249.0,0.1
4340,340,5,701.78,729.5,0.2
4341,341,5,224.0,263.21,1.6
4342,342,5,935.03,948.77,0.5
4343,343,5,309.74,306.53,2.6
4344,344,5,612.43,646.72,1.7
4345,345,5,299.13,269.93,0.7
4346,346,5,699.06,708.77,0.5
4347,347,5,864.13,851.94,4.8
4348,348,5,970.08,968.79,1.2
4349,349,5,379.44,368.3,0.0
4350,350,5,328.66,367.5,0.5
4351,351,5,339.0,315.26,3.7
4352,352,5,921.03,939.04,0.7
4353,353,5,302.0,304.37,8.9
4354,354,5,607.2,613.11,0.9
4355,355,5,308.48,309.24,1.6
4356,356,5,969.75,958.7,0.8
4357,357,5,513.68,510.54,0.5
4358,358,5,647.35,654.74,2.6
4359,359,5,849.87,829.94,0.2
4360,360,5,959.01,928.12,0.1
4361,361,5,539.23,564.17,0.2
4362,362,5,578.46,550.39,0.2
4363,363,5,568.3,520.31,3.7
4364,364,5,312.24,348.98,0.4
4365,365,5,273.76,285.47,3.9
4366,366,5,602.04,641.09,2.9
4367,367,5,551.56,527.71,0.3
4368,368,5,330.2,341.19,0.6
4369,369,5,214.91,218.49,1.9
4370,370,5,619.95,626.83,1.2
4371,371,5,257.68,257.44,4.2
4372,372,5,576.82,585.96,0.2
4373,373,5,585.22,605.39,6.8
4374,374,5,280.47,308.33,0.2
4375,375,5,307.18,324.14,0.4
4376,376,5,306.09,274.5,11.6
4377,377,5,270.31,264.79,0.0
4378,378,5,675.44,631.4,2.1
4379,379,5,634.4,639.55,2.3
4380,380,5,1014.11,1041.23,3.1
4381,381,5,316.94,293.45,3.8
4382,382,5,563.73,569.78,0.2
4383,383,5,407.74,406.33,1.6
4384,384,5,802.93,803.61,1.5
4385,385,5,274.19,311.35,5.3
4386,386,5,555.44,552.47,2.1
4387,387,5,524.5,540.78,4.7
4388,388,5,234.84,230.49,0.1
4389,389,5,912.39,911.2,8.5
4390,390,5,358.42,356.44,0.0
4391,391,5,226.83,234.29,2.1
4392,392,5,550.95,537.37,0.3
4393,393,5,599.86,561.03,3.4
4394,394,5,279.96,278.79,0.3
4395,395,5,276.79,263.27,2.2
4396,396,5,261.99,256.59,0.1
4397,397,5,943.95,912.49,0.1
4398,398,5,462.81,470.71,0.4
4399,399,5,315.18,288.06,0.6
4400,400,5,296.26,314.17,3.2
4401,401,5,859.44,869.75,0.3
4402,402,5,979.42,970.74,0.1
4403,403,5,260.53,281.02,0.4
4404,404,5,582.72,583.39,2.8
4405,405,5,190.49,195.42,0.3
4406,406,5,271.86,290.31,3.3
4407,407,5,922.61,929.92,0.1
4408,408,5,902.14,878.36,6.1
4409,409,5,348.71,349.28,1.1
4410,410,5,948.77,968.5,0.7
4411,411,5,565.94,540.03,1.2
4412,412,5,605.65,615.2,1.8
4413,413,5,550.07,544.41,2.2
4414,414,5,478.74,532.21,1.2
4415,415,5,977.68,999.91,1.5
4416,416,5,311.42,360.35,0.8
4417,417,5,468.38,467.16,1.8
4418,418,5,293.16,305.2,2.5
4419,419,5,814.79,832.6,0.4
4420,420,5,248.7,245.66,0.6
4421,421,5,232.09,272.72,0.1
4422,422,5,557.83,551.93,0.3
4423,423,5,387.09,386.77,2.4
4424,424,5,312.25,317.96,1.6
4425,425,5,181.48,177.2,1.4
4426,426,5,582.62,580.91,1.2
4427,427,5,289.27,343.72,3.2
4428,428,5,243.95,261.15,2.3
4429,429,5,616.68,652.65,0.2
4430,430,5,1042.99,1059.93,0.1
4431,431,5,565.58,548.95,0.9
4432,432,5,216.81,204.24,0.1
4433,433,5,763.65,743.56,0.1
4434,434,5,965.72,971.31,2.4
4435,435,5,591.22,594.63,0.1
4436,436,5,573.2,540.68,5.3
4437,437,5,264.84,258.45,0.5
4438,438,5,564.66,564.71,1.1
4439,439,5,622.14,613.95,3.6
4440,440,5,308.98,316.96,4.5
4441,441,5,288.85,280.91,0.0
4442,442,5,239.57,222.52,0.4
4443,443,5,544.27,545.92,4.0
4444,444,5,272.88,285.9,8.3
4445,445,5,512.49,516.09,0.6
4446,446,5,851.61,891.55,0.2
4447,447,5,230.96,226.87,0.1
4448,448,5,354.24,361.82,0.6
4449,449,5,305.14,312.77,0.3
4450,450,5,325.26,348.96,1.4
4451,451,5,1005.58,995.21,1.1
4452,452,5,604.3,617.81,1.2
4453,453,5,898.69,913.77,0.0
4454,454,5,950.76,919.04,2.7
4455,455,5,355.21,356.18,3.4
4456,456,5,540.34,552.67,0.2
4457,457,5,265.44,267.01,0.2
4458,458,5,326.6,371.13,0.5
4459,459,5,277.08,290.37,0.2
4460,460,5,257.12,265.24,0.1
4461,461,5,500.16,513.79,0.3
4462,462,5,615.08,630.81,0.4
4463,463,5,309.29,313.54,0.5
4464,464,5,356.1,351.69,0.8
4465,465,5,584.5,580.75,0.5
4466,466,5,554.46,538.31,1.2
4467,467,5,670.98,668.9,1.8
4468,468,5,313.45,303.65,0.2
4469,469,5,275.62,265.75,0.2
4470,470,5,468.85,504.96,0.0
4471,471,5,558.41,543.7,1.9
4472,472,5,221.67,214.33,5.5
4473,473,5,285.78,262.89,0.0
4474,474,5,273.58,313.82,0.0
4475,475,5,679.15,674.64,2.0
4476,476,5,220.43,195.77,0.6
4477,477,5,540.93,543.25,0.7
4478,478,5,1011.23,975.84,2.3
4479,479,5,276.31,297.47,0.9
4480,480,5,144.2,114.96,0.9
4481,481,5,212.23,226.41,0.2
4482,482,5,242.95,239.23,0.3
4483,483,5,1013.46,1018.33,0.8
4484,484,5,1093.39,1077.38,0.2
4485,485,5,236.53,259.91,0.3
4486,486,5,940.94,933.69,3.6
4487,487,5,244.3,203.25,1.2
4488,488,5,630.66,566.58,2.0
4489,489,5,675.43,682.18,0.5
4490,490,5,307.53,337.09,4.6
4491,491,5,597.55,594.05,2.9
4492,492,5,557.07,553.08,2.8
4493,493,5,299.41,284.19,2.2
4494,494,5,1068.04,1071.75,3.0
4495,495,5,278.97,286.54,0.2
4496,496,5,176.99,180.81,1.3
4497,497,5,981.0,953.97,2.4
4498,498,5,256.54,222.48,0.1
4499,499,5,197.54,164.79,0.1
4500,500,5,310.6,298.03,0.3
4501,501,5,324.3,306.06,0.4
4502,502,5,391.99,396.17,2.2
4503,503,5,209.14,184.56,0.3
4504,504,5,571.97,576.94,1.0
4505,505,5,347.34,372.22,0.0
4506,506,5,871.23,897.3,5.3
4507,507,5,853.79,875.52,1.2
4508,508,5,245.75,238.38,3.4
4509,509,5,953.67,961.24,0.9
4510,510,5,903.16,904.08,2.8
4511,511,5,873.93,887.33,2.2
4512,512,5,663.58,655.34,3.4
4513,513,5,278.96,274.03,1.5
4514,514,5,204.31,203.7,1.4
4515,515,5,987.8,1002.97,1.0
4516,516,5,623.01,659.88,1.6
4517,517,5,965.29,964.92,2.3
4518,518,5,615.71,618.75,1.8
4519,519,5,373.7,374.04,8.2
4520,520,5,231.1,280.51,0.7
4521,521,5,977.81,961.89,0.7
4522,522,5,376.25,356.04,4.1
4523,523,5,450.57,461.05,0.3
4524,524,5,896.68,912.92,1.1
4525,525,5,360.45,345.83,0.0
4526,526,5,323.73,330.44,0.3
4527,527,5,568.81,569.05,1.1
4528,528,5,981.61,977.63,0.4
4529,529,5,464.91,453.97,0.3
4530,530,5,367.66,370.26,0.8
4531,531,5,239.0,197.08,2.7
4532,532,5,217.78,206.48,2.0
4533,533,5,318.39,364.16,1.9
4534,534,5,274.35,277.68,0.0
4535,535,5,1009.33,990.88,1.1
4536,536,5,320.54,346.54,2.1
4537,537,5,1087.91,1111.0,1.9
4538,538,5,1020.69,1035.29,0.8
4539,539,5,482.86,492.84,0.0
4540,540,5,632.82,621.24,3.8
4541,541,5,231.67,240.68,0.1
4542,542,5,644.66,645.11,0.0
4543,543,5,302.23,311.76,0.1
4544,544,5,271.17,268.01,0.3
4545,545,5,509.97,493.29,0.1
4546,546,5,186.46,210.2,1.3
4547,547,5,201.54,208.42,0.7
4548,548,5,686.29,671.7,3.2
4549,549,5,241.59,242.64,2.9
4550,550,5,285.27,282.95,0.7
4551,551,5,266.9,258.34,1.7
4552,552,5,272.65,246.61,0.6
4553,553,5,596.76,628.37,2.2
4554,554,5,681.19,651.91,0.0
4555,555,5,328.23,304.82,0.2
4556,556,5,587.34,595.65,0.9
4557,557,5,1063.83,1067.81,0.0
4558,558,5,510.61,512.31,0.2
4559,559,5,587.18,599.17,1.8
4560,560,5,611.86,610.17,0.1
4561,561,5,1043.49,1052.5,0.7
4562,562,5,941.69,1002.45,0.8
4563,563,5,263.28,253.1,1.1
4564,564,5,255.51,251.75,1.3
4565,565,5,232.78,223.37,0.5
4566,566,5,553.15,542.05,0.2
4567,567,5,269.74,246.87,0.6
4568,568,5,839.45,870.41,0.2
4569,569,5,320.57,327.24,0.7
4570,570,5,623.39,602.8,4.0
4571,571,5,246.01,266.29,2.9
4572,572,5,244.51,215.16,0.6
4573,573,5,258.81,276.79,0.4
4574,574,5,560.24,562.8,0.3
4575,575,5,242.23,244.09,0.2
4576,576,5,326.22,344.92,0.9
4577,577,5,443.98,446.64,0.1
4578,578,5,1100.15,1080.85,6.0
4579,579,5,521.43,497.97,0.3
4580,580,5,648.31,660.26,0.0
4581,581,5,342.42,326.08,3.0
4582,582,5,1029.85,1014.56,6.1
4583,583,5,362.99,364.22,2.5
4584,584,5,944.88,930.35,1.5
4585,585,5,991.18,991.41,1.3
4586,586,5,256.36,249.09,6.8
4587,587,5,182.07,157.72,1.3
4588,588,5,537.64,528.96,0.5
4589,589,5,658.0,650.18,1.8
4590,590,5,560.81,577.54,3.0
4591,591,5,1098.18,1145.31,0.3
4592,592,5,703.29,686.15,1.5
4593,593,5,448.76,436.54,3.3
4594,594,5,694.27,665.45,1.3
4595,595,5,354.37,314.7,1.3
4596,596,5,615.26,620.84,1.5
4597,597,5,959.9,955.39,1.8
4598,598,5,282.37,287.03,1.7
4599,599,5,849.15,837.92,0.4
4600,600,5,1006.48,991.76,0.2
4601,601,5,286.12,282.69,4.1
4602,602,5,926.92,951.8,0.1
4603,603,5,530.12,522.04,1.5
4604,604,5,285.46,303.46,5.7
4605,605,5,264.36,262.21,4.8
4606,606,5,242.58,263.23,1.4
4607,607,5,562.27,585.54,5.5
4608,608,5,252.35,271.05,3.7
4609,609,5,319.05,323.28,1.8
4610,610,5,941.13,988.07,0.3
4611,611,5,657.02,648.72,3.9
4612,612,5,609.3,583.69,2.4
4613,613,5,895.12,921.03,0.2
4614,614,5,291.57,263.84,0.9
4615,615,5,210.98,197.42,1.9
4616,616,5,615.9,638.52,0.2
4617,617,5,341.46,315.96,0.7
4618,618,5,313.69,314.34,0.3
4619,619,5,478.25,484.43,2.3
4620,620,5,223.05,205.54,2.0
4621,621,5,572.16,546.27,0.3
4622,622,5,601.41,601.08,1.5
4623,623,5,549.04,551.59,5.6
4624,624,5,260.27,256.53,0.5
4625,625,5,226.35,231.84,0.4
4626,626,5,964.8,955.29,2.1
4627,627,5,961.42,966.97,0.0
4628,628,5,345.78,339.38,0.3
4629,629,5,349.63,351.4,0.0
4630,630,5,491.85,425.62,0.7
4631,631,5,336.66,295.19,0.9
4632,632,5,298.38,287.72,0.4
4633,633,5,240.02,297.36,0.7
4634,634,5,294.81,288.2,1.1
4635,635,5,316.04,291.99,3.1
4636,636,5,307.16,310.32,0.4
4637,637,5,867.8,891.36,0.3
4638,638,5,259.73,254.26,0.8
4639,639,5,297.73,300.13,0.3
4640,640,5,340.18,373.18,0.2
4641,641,5,869.0,854.63,0.9
4642,642,5,244.55,268.58,0.1
4643,643,5,274.13,228.72,0.3
4644,644,5,582.88,571.99,0.0
4645,645,5,603.85,595.59,0.8
4646,646,5,1029.22,1060.08,4.0
4647,647,5,230.6,237.65,2.8
4648,648,5,302.9,306.43,0.9
4649,649,5,261.89,249.13,0.3
4650,650,5,503.06,497.24,0.1
4651,651,5,384.4,383.61,0.3
4652,652,5,217.63,196.05,2.9
4653,653,5,242.27,238.27,0.8
4654,654,5,935.27,930.89,0.1
4655,655,5,260.66,292.47,0.1
4656,656,5,316.27,346.77,2.5
4657,657,5,957.11,987.21,0.2
4658,658,5,504.19,469.65,0.5
4659,659,5,632.15,654.38,0.2
4660,660,5,615.53,614.37,2.6
4661,661,5,322.98,352.34,0.5
4662,662,5,1034.76,1030.52,0.0
4663,663,5,155.19,128.23,1.2
4664,664,5,995.17,970.86,0.9
4665,665,5,245.1,209.49,0.2
4666,666,5,501.78,496.48,0.0
4667,667,5,571.82,559.49,1.3
4668,668,5,238.22,231.83,0.8
4669,669,5,393.63,392.73,0.3
4670,670,5,502.18,517.85,2.6
4671,671,5,232.58,204.14,1.8
4672,672,5,1037.12,1027.85,0.0
4673,673,5,267.83,283.2,1.1
4674,674,5,614.37,601.91,0.9
4675,675,5,504.38,512.55,0.2
4676,676,5,291.87,323.1,1.4
4677,677,5,525.41,562.03,0.6
4678,678,5,547.18,535.67,0.0
4679,679,5,599.53,609.86,1.1
4680,680,5,679.72,664.81,0.6
4681,681,5,588.87,582.86,0.2
4682,682,5,237.42,216.38,0.0
4683,683,5,272.88,293.9,0.6
4684,684,5,372.49,372.29,3.6
4685,685,5,538.49,540.72,2.4
4686,686,5,813.64,797.29,1.7
4687,687,5,191.75,171.56,0.4
4688,688,5,557.5,580.29,0.8
4689,689,5,310.51,329.43,2.5
4690,690,5,537.59,529.22,4.5
4691,691,5,624.74,656.64,0.0
4692,692,5,590.23,593.74,0.1
4693,693,5,668.87,643.97,0.4
4694,694,5,605.73,581.37,3.6
4695,695,5,302.88,300.99,2.3
4696,696,5,590.64,553.28,0.6
4697,697,5,216.55,212.84,3.2
4698,698,5,994.75,1012.24,0.9
4699,699,5,514.99,490.67,1.9
4700,700,5,279.74,242.1,0.9
4701,701,5,202.58,193.26,0.9
4702,702,5,243.08,274.49,0.2
4703,703,5,1019.02,1026.35,1.2
4704,704,5,322.86,316.61,5.1
4705,705,5,658.31,664.19,0.5
4706,706,5,337.08,362.25,1.0
4707,707,5,536.36,555.65,1.0
4708,708,5,569.47,557.3,1.1
4709,709,5,288.93,257.63,0.9
4710,710,5,606.34,638.94,0.5
4711,711,5,287.93,330.42,0.1
4712,712,5,946.9,925.89,0.8
4713,713,5,317.1,309.96,0.8
4714,714,5,647.07,654.37,0.2
4715,715,5,334.61,341.25,0.6
4716,716,5,660.67,649.15,0.3
4717,717,5,415.42,420.69,0.6
4718,718,5,634.15,607.95,0.4
4719,719,5,275.94,279.46,2.3
4720,720,5,324.59,329.46,0.4
4721,721,5,1022.44,1041.59,1.7
4722,722,5,329.68,309.33,7.2
4723,723,5,373.75,357.25,0.2
4724,724,5,463.31,490.44,3.1
4725,725,5,337.22,350.95,0.5
4726,726,5,1091.52,1145.61,1.4
4727,727,5,327.4,380.74,1.3
4728,728,5,977.18,938.89,1.1
4729,729,5,986.92,1004.68,0.8
4730,730,5,284.35,277.21,0.9
4731,731,5,283.81,290.44,2.6
4732,732,5,630.68,651.0,0.1
4733,733,5,635.04,594.81,4.8
4734,734,5,330.33,332.24,1.4
4735,735,5,326.72,355.57,0.1
4736,736,5,338.33,349.75,0.1
4737,737,5,520.39,552.44,0.2
4738,738,5,640.61,616.26,0.4
4739,739,5,372.33,375.65,0.5
4740,740,5,567.79,545.71,1.0
4741,741,5,673.97,655.5,0.6
4742,742,5,810.16,817.88,10.9
4743,743,5,267.76,265.66,2.9
4744,744,5,266.94,263.68,0.9
4745,745,5,312.77,338.22,0.8
4746,746,5,612.92,614.04,1.3
4747,747,5,294.04,317.06,0.2
4748,748,5,339.68,332.37,0.2
4749,749,5,647.45,622.37,0.3
4750,750,5,567.49,571.76,1.3
4751,751,5,259.66,273.76,3.4
4752,752,5,335.68,352.57,1.1
4753,753,5,256.87,259.51,2.2
4754,754,5,304.5,311.84,0.9
4755,755,5,365.53,328.98,0.4
4756,756,5,274.0,283.74,2.9
4757,757,5,341.69,365.39,0.3
4758,758,5,1025.19,1052.77,0.2
4759,759,5,941.27,939.5,0.4
4760,760,5,310.08,286.7,2.9
4761,761,5,686.63,686.7,0.7
4762,762,5,326.68,289.62,0.1
4763,763,5,1034.49,1069.69,0.8
4764,764,5,1079.04,1105.37,0.2
4765,765,5,584.53,590.26,1.4
4766,766,5,519.32,501.36,0.2
4767,767,5,387.42,375.38,2.5
4768,768,5,305.83,326.48,0.4
4769,769,5,326.5,326.16,0.7
4770,770,5,260.88,308.66,0.5
4771,771,5,618.43,624.04,0.5
4772,772,5,244.15,223.51,0.0
4773,773,5,302.19,307.29,0.2
4774,774,5,566.6,575.79,2.3
4775,775,5,471.85,463.08,3.2
4776,776,5,583.84,606.99,0.8
4777,777,5,460.11,483.59,0.3
4778,778,5,799.85,805.09,0.4
4779,779,5,338.12,334.15,2.3
4780,780,5,554.74,567.72,1.9
4781,781,5,245.29,240.91,5.2
4782,782,5,310.07,317.59,0.3
4783,783,5,811.83,829.42,0.9
4784,784,5,335.1,319.73,2.8
4785,785,5,249.24,271.73,3.0
4786,786,5,282.74,282.06,2.3
4787,787,5,944.72,936.48,0.3
4788,788,5,1126.98,1176.24,1.7
4789,789,5,261.06,274.78,0.9
4790,790,5,610.33,562.77,2.7
4791,791,5,287.36,292.98,1.2
4792,792,5,523.34,516.95,0.5
4793,793,5,197.36,188.62,1.1
4794,794,5,268.95,274.49,1.2
4795,795,5,636.97,611.13,0.2
4796,796,5,981.9,980.99,0.1
4797,797,5,287.44,258.74,1.8
4798,798,5,344.54,339.38,2.3
4799,799,5,814.88,784.46,0.5
4800,800,5,265.11,278.87,0.6
4801,801,5,223.31,188.13,0.3
4802,802,5,615.04,631.21,3.8
4803,803,5,294.95,288.28,0.3
4804,804,5,321.84,310.52,0.3
4805,805,5,229.65,227.96,3.7
4806,806,5,289.41,281.74,1.2
4807,807,5,535.08,544.58,0.8
4808,808,5,986.69,992.05,4.4
4809,809,5,317.13,334.64,0.5
4810,810,5,553.81,564.72,0.1
4811,811,5,196.1,198.55,2.5
4812,812,5,265.01,255.84,1.3
4813,813,5,518.45,552.8,1.1
4814,814,5,234.21,267.79,0.8
4815,815,5,537.67,529.46,0.2
4816,816,5,226.69,227.21,1.9
4817,817,5,583.89,546.7,0.1
4818,818,5,1000.29,1008.9,0.1
4819,819,5,272.42,274.05,0.4
4820,820,5,1010.37,1014.33,0.0
4821,821,5,252.12,232.9,0.4
4822,822,5,306.94,308.07,0.5
4823,823,5,224.47,262.18,1.3
4824,824,5,930.7,936.27,5.4
4825,825,5,573.73,561.17,0.6
4826,826,5,930.13,926.16,1.5
4827,827,5,626.22,617.74,0.3
4828,828,5,151.12,156.69,3.1
4829,829,5,910.54,904.07,1.1
4830,830,5,911.77,941.51,1.2
4831,831,5,581.93,590.71,0.0
4832,832,5,593.59,587.06,0.4
4833,833,5,981.4,965.36,2.3
4834,834,5,275.43,249.93,0.8
4835,835,5,983.25,994.09,0.9
4836,836,5,960.33,959.91,0.0
4837,837,5,558.51,588.12,0.5
4838,838,5,267.48,240.26,0.0
4839,839,5,221.81,250.66,0.4
4840,840,5,975.15,992.02,0.6
4841,841,5,1013.08,998.87,1.7
4842,842,5,523.68,535.98,0.1
4843,843,5,981.99,995.05,0.0
4844,844,5,569.38,590.45,0.0
4845,845,5,1099.26,1149.74,0.3
4846,846,5,231.29,250.16,0.1
4847,847,5,247.51,259.21,1.3
4848,848,5,465.34,473.22,0.7
4849,849,5,254.55,277.02,0.0
4850,850,5,312.51,309.12,0.7
4851,851,5,554.71,568.66,2.1
4852,852,5,331.01,335.15,0.0
4853,853,5,612.55,611.24,1.2
4854,854,5,290.36,283.72,2.0
4855,855,5,982.59,970.61,2.4
4856,856,5,311.16,316.89,0.1
4857,857,5,558.93,563.05,2.1
4858,858,5,571.1,568.86,3.6
4859,859,5,289.57,292.09,2.8
4860,860,5,284.47,294.36,0.9
4861,861,5,276.09,258.22,2.2
4862,862,5,259.54,272.53,0.1
4863,863,5,295.34,295.87,0.5
4864,864,5,339.98,369.67,0.5
4865,865,5,508.29,495.45,0.9
4866,866,5,305.33,313.06,5.3
4867,867,5,308.21,319.99,0.2
4868,868,5,269.38,266.67,0.1
4869,869,5,213.63,226.45,2.2
4870,870,5,525.13,498.94,10.1
4871,871,5,530.71,546.01,0.7
4872,872,5,510.55,510.02,0.6
4873,873,5,253.95,274.05,0.3
4874,874,5,274.19,276.61,0.9
4875,875,5,215.36,210.13,0.9
4876,876,5,549.9,543.03,1.0
4877,877,5,242.79,260.82,2.1
4878,878,5,1036.9,1050.57,0.1
4879,879,5,622.96,605.09,2.0
4880,880,5,515.53,509.43,0.2
4881,881,5,554.71,554.87,1.5
4882,882,5,762.55,784.74,3.7
4883,883,5,234.68,223.12,0.6
4884,884,5,260.93,275.79,1.6
4885,885,5,960.8,962.48,0.4
4886,886,5,598.49,627.75,0.6
4887,887,5,283.71,244.14,0.0
4888,888,5,344.04,334.8,0.9
4889,889,5,270.58,275.91,0.1
4890,890,5,823.23,828.46,0.1
4891,891,5,333.35,320.64,0.6
4892,892,5,276.58,253.04,0.6
4893,893,5,286.65,283.37,0.6
4894,894,5,1091.33,1097.58,0.4
4895,895,5,596.49,554.6,0.7
4896,896,5,260.53,246.17,1.6
4897,897,5,964.7,946.57,2.8
4898,898,5,365.33,390.4,0.2
4899,899,5,548.41,555.12,0.5
4900,900,5,510.19,507.09,1.2
4901,901,5,332.81,351.67,1.0
4902,902,5,643.0,625.49,0.4
4903,903,5,1026.49,975.26,3.8
4904,904,5,343.2,350.12,2.9
4905,905,5,321.57,341.04,0.4
4906,906,5,1026.74,1004.02,0.4
4907,907,5,249.3,208.74,2.3
4908,908,5,689.52,724.58,1.0
4909,909,5,237.32,230.97,0.1
4910,910,5,862.3,889.0,1.5
4911,911,5,532.16,527.4,0.7
4912,912,5,894.68,899.17,0.3
4913,913,5,270.44,268.06,0.1
4914,914,5,905.21,875.01,2.0
4915,915,5,554.48,522.81,0.1
4916,916,5,551.18,511.94,1.5
4917,917,5,567.65,616.46,0.6
4918,918,5,350.25,352.39,1.0
4919,919,5,533.39,538.72,1.4
4920,920,5,230.67,204.99,1.4
4921,921,5,342.04,311.27,1.7
4922,922,5,602.88,581.15,0.1
4923,923,5,260.57,264.05,0.8
4924,924,5,650.12,625.3,1.2
4925,925,5,259.3,261.98,3.0
4926,926,5,273.03,274.16,3.2
4927,927,5,481.84,468.54,1.2
4928,928,5,281.59,293.97,0.6
4929,929,5,1065.98,1079.7,1.4
4930,930,5,868.25,860.98,0.6
4931,931,5,215.36,224.1,0.1
4932,932,5,230.72,237.72,4.0
4933,933,5,313.72,282.64,0.5
4934,934,5,568.28,581.59,0.1
4935,935,5,268.53,281.34,3.7
4936,936,5,872.35,851.32,0.1
4937,937,5,985.88,990.31,2.8
4938,938,5,308.09,301.23,0.4
4939,939,5,581.07,548.49,0.8
4940,940,5,293.61,286.63,0.7
4941,941,5,520.76,508.94,1.3
4942,942,5,282.6,285.04,0.5
4943,943,5,545.71,521.67,2.5
4944,944,5,249.41,261.81,0.7
4945,945,5,876.98,882.56,0.6
4946,946,5,343.25,347.3,1.2
4947,947,5,486.68,524.81,4.2
4948,948,5,931.76,929.84,1.3
4949,949,5,593.51,578.8,0.8
4950,950,5,656.36,630.94,0.4
4951,951,5,360.64,377.89,0.6
4952,952,5,244.32,229.24,0.4
4953,953,5,337.47,329.62,0.4
4954,954,5,957.82,948.41,4.5
4955,955,5,212.9,199.06,0.1
4956,956,5,243.22,246.97,0.1
4957,957,5,512.71,519.87,0.8
4958,958,5,277.74,268.8,2.6
4959,959,5,883.06,922.61,1.5
4960,960,5,289.09,299.78,0.1
4961,961,5,306.81,303.33,0.1
4962,962,5,479.0,474.88,0.8
4963,963,5,522.79,514.35,0.1
4964,964,5,877.62,860.34,1.4
4965,965,5,326.64,350.26,0.3
4966,966,5,233.77,253.99,0.1
4967,967,5,326.99,343.78,0.6
4968,968,5,365.34,355.44,7.4
4969,969,5,596.55,590.17,2.6
4970,970,5,211.31,180.73,0.2
4971,971,5,642.75,617.19,0.1
4972,972,5,1030.89,1071.51,0.4
4973,973,5,241.96,245.36,0.5
4974,974,5,540.87,546.14,1.0
4975,975,5,318.16,313.35,0.9
4976,976,5,1004.77,1010.03,0.5
4977,977,5,211.64,192.16,4.4
4978,978,5,590.11,601.64,0.4
4979,979,5,250.06,247.82,0.3
4980,980,5,235.46,258.28,3.1
4981,981,5,212.61,205.89,0.6
4982,982,5,358.52,358.64,0.2
4983,983,5,813.67,835.89,0.0
4984,984,5,268.32,253.2,3.0
4985,985,5,976.55,977.26,0.1
4986,986,5,307.09,314.43,0.3
4987,987,5,266.75,262.7,5.6
4988,988,5,302.15,326.06,0.5
4989,989,5,260.02,241.81,0.3
4990,990,5,960.99,943.33,1.2
4991,991,5,256.53,290.81,0.0
4992,992,5,944.06,944.72,1.4
4993,993,5,248.79,256.41,6.6
4994,994,5,320.47,293.89,0.2
4995,995,5,354.08,361.21,0.2
4996,996,5,585.39,585.81,0.7
4997,997,5,474.69,489.27,0.3
4998,998,5,800.95,782.44,1.8
4999,999,5,221.47,247.5,0.1
5000,1000,5,220.19,243.37,0.8
5001,1,6,244.77,263.31,0.1
5002,2,6,280.38,310.86,0.2
5003,3,6,313.36,341.51,0.4
5004,4,6,326.43,298.23,0.4
5005,5,6,447.03,438.59,10.7
5006,6,6,255.66,264.56,1.4
5007,7,6,976.09,968.76,0.6
5008,8,6,454.97,482.45,0.9
5009,9,6,317.65,307.87,0.1
5010,10,6,529.46,525.25,0.5
5011,11,6,269.84,253.49,1.5
5012,12,6,1025.52,1020.54,1.1
5013,13,6,882.07,878.33,2.1
5014,14,6,861.14,840.44,1.3
5015,15,6,641.42,632.95,1.5
5016,16,6,981.1,985.62,0.1
5017,17,6,664.97,692.65,1.1
5018,18,6,869.34,864.05,1.5
5019,19,6,230.78,221.38,2.6
5020,20,6,1020.73,1002.99,0.8
5021,21,6,678.8,690.01,0.0
5022,22,6,289.65,275.64,0.1
5023,23,6,893.48,866.98,1.3
5024,24,6,473.47,478.62,1.5
5025,25,6,1017.62,982.86,1.2
5026,26,6,148.34,175.24,0.9
5027,27,6,551.48,538.74,0.1
5028,28,6,538.82,546.82,0.1
5029,29,6,266.79,274.98,0.0
5030,30,6,507.27,479.89,0.9
5031,31,6,545.32,553.49,1.8
5032,32,6,299.71,295.12,0.1
5033,33,6,535.22,527.15,0.2
5034,34,6,302.05,267.91,0.1
5035,35,6,932.04,948.18,1.2
5036,36,6,981.84,1012.66,1.2
5037,37,6,366.96,372.33,0.8
5038,38,6,522.06,491.08,0.2
5039,39,6,355.86,362.93,0.3
5040,40,6,301.45,284.66,6.2
5041,41,6,981.2,963.7,0.9
5042,42,6,284.53,264.99,0.4
5043,43,6,309.34,315.27,0.4
5044,44,6,296.04,297.52,0.2
5045,45,6,555.67,552.65,0.8
5046,46,6,838.77,848.04,1.8
5047,47,6,320.87,303.85,0.2
5048,48,6,173.86,165.04,0.9
5049,49,6,290.13,267.68,0.2
5050,50,6,315.94,291.66,4.0
5051,51,6,216.71,202.79,0.5
5052,52,6,519.04,487.41,1.1
5053,53,6,579.54,569.66,4.5
5054,54,6,331.53,338.08,0.1
5055,55,6,615.27,621.92,0.9
5056,56,6,503.77,499.08,2.0
5057,57,6,204.1,192.45,0.7
5058,58,6,258.3,246.85,0.9
5059,59,6,513.04,535.99,1.5
5060,60,6,305.83,321.16,1.7
5061,61,6,958.36,952.22,0.6
5062,62,6,974.51,1017.06,0.0
5063,63,6,1089.74,1087.71,0.3
5064,64,6,328.52,344.39,3.7
5065,65,6,359.58,368.33,1.4
5066,66,6,1045.03,1012.54,0.9
5067,67,6,291.5,268.95,0.2
5068,68,6,289.28,309.27,2.5
5069,69,6,554.91,542.22,0.1
5070,70,6,333.06,338.81,5.1
5071,71,6,566.48,558.64,1.2
5072,72,6,1085.25,1099.97,0.2
5073,73,6,505.54,466.65,2.2
5074,74,6,278.75,284.22,2.1
5075,75,6,987.55,986.3,1.8
5076,76,6,547.64,535.2,0.9
5077,77,6,366.86,359.03,1.0
5078,78,6,548.19,574.5,5.5
5079,79,6,283.76,301.78,0.1
5080,80,6,265.79,294.05,0.0
5081,81,6,601.05,591.41,0.7
5082,82,6,293.93,281.19,0.0
5083,83,6,243.04,197.13,0.8
5084,84,6,491.11,461.09,1.4
5085,85,6,329.48,333.26,0.3
5086,86,6,650.35,672.17,0.7
5087,87,6,255.17,239.4,1.2
5088,88,6,571.85,543.24,2.1
5089,89,6,980.95,997.82,1.0
5090,90,6,232.8,230.87,0.9
5091,91,6,553.02,521.76,0.1
5092,92,6,221.17,204.63,3.0
5093,93,6,263.88,301.47,0.9
5094,94,6,344.2,337.76,0.1
5095,95,6,250.0,258.66,7.5
5096,96,6,281.7,237.35,1.3
5097,97,6,522.65,529.13,3.0
5098,98,6,661.24,662.81,0.2
5099,99,6,809.69,768.84,1.5
5100,100,6,1012.85,1006.29,0.2
5101,101,6,251.24,243.15,0.1
5102,102,6,302.4,300.71,0.2
5103,103,6,280.1,276.3,0.1
5104,104,6,541.67,515.01,0.4
5105,105,6,986.72,1002.12,2.4
5106,106,6,297.54,285.95,2.0
5107,107,6,366.91,355.6,0.2
5108,108,6,286.16,299.76,0.1
5109,109,6,868.14,883.93,1.2
5110,110,6,314.37,339.24,8.2
5111,111,6,525.81,521.59,1.0
5112,112,6,255.53,240.43,1.6
5113,113,6,286.02,291.31,0.5
5114,114,6,193.27,218.79,0.0
5115,115,6,501.66,483.36,0.2
5116,116,6,647.31,628.14,1.4
5117,117,6,229.27,222.14,0.2
5118,118,6,347.28,367.18,3.5
5119,119,6,218.85,173.24,0.4
5120,120,6,246.66,270.4,0.8
5121,121,6,332.93,316.96,0.1
5122,122,6,249.79,275.08,4.8
5123,123,6,594.59,561.57,0.1
5124,124,6,998.32,1000.94,3.8
5125,125,6,588.62,581.08,1.3
5126,126,6,565.0,562.46,2.1
5127,127,6,892.33,912.15,14.1
5128,128,6,1015.68,1035.36,0.5
5129,129,6,377.37,420.84,0.3
5130,130,6,247.06,278.2,0.7
5131,131,6,207.23,234.32,0.3
5132,132,6,883.45,885.57,1.3
5133,133,6,300.22,285.22,0.4
5134,134,6,289.91,292.73,0.4
5135,135,6,530.38,532.95,0.2
5136,136,6,566.71,591.04,0.4
5137,137,6,504.28,486.8,1.2
5138,138,6,719.65,733.64,0.1
5139,139,6,572.74,564.96,2.4
5140,140,6,1081.0,1076.56,0.3
5141,141,6,334.21,338.13,0.9
5142,142,6,972.99,976.92,1.7
5143,143,6,502.69,524.33,0.2
5144,144,6,255.47,213.23,7.9
5145,145,6,827.28,820.7,0.3
5146,146,6,1000.0,974.02,4.3
5147,147,6,898.56,898.66,0.9
5148,148,6,984.97,1007.24,2.1
5149,149,6,348.25,350.11,0.6
5150,150,6,339.63,333.79,0.4
5151,151,6,279.89,276.8,2.9
5152,152,6,804.12,833.68,0.6
5153,153,6,914.93,892.44,0.3
5154,154,6,923.78,920.47,3.2
5155,155,6,902.22,886.18,0.2
5156,156,6,621.61,620.07,2.6
5157,157,6,287.25,309.83,1.1
5158,158,6,260.14,241.84,0.4
5159,159,6,331.91,322.94,0.6
5160,160,6,564.01,536.12,0.2
5161,161,6,319.18,311.87,1.5
5162,162,6,1024.38,997.03,0.2
5163,163,6,616.38,614.43,0.1
5164,164,6,310.55,326.64,0.8
5165,165,6,956.35,955.73,0.5
5166,166,6,525.63,511.92,1.5
5167,167,6,596.87,594.86,0.5
5168,168,6,268.26,244.02,4.0
5169,169,6,259.24,239.73,1.1
5170,170,6,295.5,291.91,0.1
5171,171,6,644.41,686.98,0.3
5172,172,6,658.38,655.19,0.4
5173,173,6,1069.61,1083.97,0.0
5174,174,6,886.6,883.06,0.9
5175,175,6,240.85,266.47,0.6
5176,176,6,886.07,888.61,1.2
5177,177,6,272.71,275.03,1.5
5178,178,6,287.08,310.93,1.8
5179,179,6,514.23,482.75,0.2
5180,180,6,934.59,955.53,0.5
5181,181,6,1023.17,1036.97,0.8
5182,182,6,885.89,890.58,0.5
5183,183,6,353.74,361.75,0.1
5184,184,6,300.05,304.04,0.3
5185,185,6,351.54,325.36,0.5
5186,186,6,541.5,493.66,0.5
5187,187,6,327.72,334.23,0.2
5188,188,6,288.8,319.48,0.9
5189,189,6,324.75,327.56,0.1
5190,190,6,530.16,496.41,2.0
5191,191,6,676.58,653.53,0.2
5192,192,6,224.4,222.62,2.1
5193,193,6,311.82,346.57,1.0
5194,194,6,604.94,603.78,1.1
5195,195,6,548.08,553.1,7.7
5196,196,6,396.6,382.99,2.8
5197,197,6,391.43,378.83,1.5
5198,198,6,895.31,874.01,0.2
5199,199,6,607.84,635.97,0.5
5200,200,6,317.57,320.26,0.5
5201,201,6,590.03,600.0,2.4
5202,202,6,607.3,575.47,0.2
5203,203,6,327.94,313.54,0.2
5204,204,6,312.26,296.61,0.1
5205,205,6,1112.86,1121.92,1.6
5206,206,6,581.26,564.21,0.5
5207,207,6,281.43,253.13,10.1
5208,208,6,571.38,591.35,0.1
5209,209,6,361.17,347.93,0.3
5210,210,6,531.38,552.87,1.3
5211,211,6,278.51,265.88,1.5
5212,212,6,287.02,293.09,0.7
5213,213,6,316.78,318.85,0.8
5214,214,6,890.39,886.36,1.7
5215,215,6,533.15,499.43,1.1
5216,216,6,1004.25,994.27,0.3
5217,217,6,278.78,286.25,0.5
5218,218,6,700.0,682.39,4.3
5219,219,6,314.2,310.51,4.2
5220,220,6,662.36,671.69,0.0
5221,221,6,330.54,335.15,1.6
5222,222,6,598.28,608.33,1.2
5223,223,6,327.52,327.66,0.3
5224,224,6,264.14,221.06,7.4
5225,225,6,653.66,643.53,2.1
5226,226,6,423.3,391.13,1.1
5227,227,6,271.23,269.46,0.2
5228,228,6,934.87,946.59,0.9
5229,229,6,298.74,321.0,1.5
5230,230,6,624.3,640.1,0.0
5231,231,6,951.05,963.3,0.5
5232,232,6,491.11,485.99,1.3
5233,233,6,274.54,276.58,2.3
5234,234,6,584.08,602.69,2.7
5235,235,6,560.74,590.21,0.7
5236,236,6,310.54,317.29,0.6
5237,237,6,608.18,612.38,0.1
5238,238,6,890.48,905.7,1.3
5239,239,6,292.65,310.78,0.5
5240,240,6,316.4,347.92,3.2
5241,241,6,527.02,516.41,2.0
5242,242,6,314.82,306.28,0.0
5243,243,6,609.15,624.19,0.8
5244,244,6,216.77,194.75,11.6
5245,245,6,280.09,298.46,2.0
5246,246,6,508.78,525.52,0.1
5247,247,6,980.27,965.55,2.8
5248,248,6,343.81,361.29,0.3
5249,249,6,993.78,988.3,0.8
5250,250,6,323.45,330.19,0.1
5251,251,6,347.4,375.18,6.2
5252,252,6,520.17,515.36,7.6
5253,253,6,249.58,246.19,0.2
5254,254,6,528.25,547.38,3.6
5255,255,6,281.08,306.36,4.3
5256,256,6,379.81,371.29,0.5
5257,257,6,300.61,273.92,0.9
5258,258,6,1032.11,1070.78,0.2
5259,259,6,940.42,968.56,0.1
5260,260,6,249.32,220.54,0.4
5261,261,6,308.35,308.64,2.6
5262,262,6,1001.81,1035.65,0.6
5263,263,6,303.52,327.15,1.2
5264,264,6,873.73,910.56,0.0
5265,265,6,604.23,596.81,1.6
5266,266,6,767.83,769.69,1.6
5267,267,6,322.25,277.29,0.1
5268,268,6,224.7,238.96,1.7
5269,269,6,237.84,247.12,1.9
5270,270,6,339.9,367.95,0.2
5271,271,6,326.97,345.26,1.8
5272,272,6,909.56,928.18,0.1
5273,273,6,388.16,388.05,1.1
5274,274,6,330.75,321.59,0.2
5275,275,6,266.75,268.11,1.7
5276,276,6,324.96,322.95,0.0
5277,277,6,584.7,598.92,2.5
5278,278,6,326.1,310.37,4.0
5279,279,6,613.05,623.71,1.2
5280,280,6,1018.0,1047.53,1.4
5281,281,6,226.88,217.48,0.2
5282,282,6,602.07,601.43,0.4
5283,283,6,251.76,239.17,0.1
5284,284,6,247.79,233.45,0.3
5285,285,6,839.74,830.12,0.4
5286,286,6,969.75,955.31,0.2
5287,287,6,283.84,288.17,1.2
5288,288,6,228.4,212.9,0.9
5289,289,6,271.07,250.04,0.2
5290,290,6,546.82,566.95,1.0
5291,291,6,608.68,611.8,0.1
5292,292,6,257.79,241.54,5.9
5293,293,6,978.42,982.39,0.7
5294,294,6,576.47,608.71,0.7
5295,295,6,302.36,341.24,0.0
5296,296,6,994.79,1020.25,1.9
5297,297,6,612.93,640.0,0.5
5298,298,6,370.15,395.1,1.3
5299,299,6,655.66,648.9,0.6
5300,300,6,1073.83,1109.56,0.9
5301,301,6,1067.43,1072.99,5.3
5302,302,6,339.43,324.26,1.1
5303,303,6,541.34,526.76,3.7
5304,304,6,876.67,871.88,0.0
5305,305,6,1006.92,1018.48,0.4
5306,306,6,332.06,337.75,0.1
5307,307,6,476.39,460.42,2.9
5308,308,6,1031.87,992.76,2.4
5309,309,6,287.62,328.08,1.2
5310,310,6,391.35,402.58,0.5
5311,311,6,529.64,557.2,0.7
5312,312,6,560.54,556.83,1.2
5313,313,6,483.04,476.92,0.0
5314,314,6,275.61,290.07,0.3
5315,315,6,712.19,709.48,0.6
5316,316,6,281.94,278.23,1.2
5317,317,6,1004.05,1014.18,1.5
5318,318,6,326.51,287.9,0.6
5319,319,6,293.19,315.22,0.0
5320,320,6,966.44,947.67,2.8
5321,321,6,618.61,607.26,0.3
5322,322,6,256.72,240.19,3.8
5323,323,6,294.3,278.79,0.1
5324,324,6,604.29,598.28,0.6
5325,325,6,940.89,954.55,0.3
5326,326,6,363.93,380.82,1.2
5327,327,6,964.98,970.37,2.7
5328,328,6,300.95,306.51,1.2
5329,329,6,636.51,620.91,3.9
5330,330,6,269.26,263.87,1.8
5331,331,6,227.13,244.85,0.6
5332,332,6,992.76,990.8,0.9
5333,333,6,235.25,266.09,1.3
5334,334,6,917.41,889.74,1.1
5335,335,6,316.31,361.55,0.5
5336,336,6,250.32,255.63,1.0
5337,337,6,918.68,906.83,0.1
5338,338,6,567.54,558.88,0.5
5339,339,6,223.35,203.85,4.3
5340,340,6,701.78,688.5,0.2
5341,341,6,224.0,229.25,1.6
5342,342,6,935.03,950.05,1.6
5343,343,6,309.74,314.52,0.9
5344,344,6,612.43,636.98,2.1
5345,345,6,299.13,272.11,0.9
5346,346,6,699.06,708.93,4.5
5347,347,6,864.13,876.2,1.1
5348,348,6,970.08,989.78,5.8
5349,349,6,379.44,347.36,0.4
5350,350,6,328.66,323.25,1.7
5351,351,6,339.0,328.99,16.5
5352,352,6,921.03,923.32,0.3
5353,353,6,302.0,291.62,6.4
5354,354,6,607.2,602.18,0.8
5355,355,6,308.48,302.22,0.9
5356,356,6,969.75,948.89,0.0
5357,357,6,513.68,509.73,0.6
5358,358,6,647.35,642.15,0.6
5359,359,6,849.87,848.92,0.8
5360,360,6,959.01,937.93,0.7
5361,361,6,539.23,557.24,0.0
5362,362,6,578.46,588.93,0.1
5363,363,6,568.3,598.38,1.3
5364,364,6,312.24,283.59,1.1
5365,365,6,273.76,277.91,0.0
5366,366,6,602.04,653.09,3.6
5367,367,6,551.56,565.1,0.2
5368,368,6,330.2,331.19,0.6
5369,369,6,214.91,196.93,0.7
5370,370,6,619.95,597.68,1.1
5371,371,6,257.68,230.33,1.4
5372,372,6,576.82,582.79,0.7
5373,373,6,585.22,574.26,5.6
5374,374,6,280.47,259.24,1.0
5375,375,6,307.18,300.84,0.5
5376,376,6,306.09,314.01,2.8
5377,377,6,270.31,257.88,2.9
5378,378,6,675.44,637.08,0.1
5379,379,6,634.4,618.49,1.7
5380,380,6,1014.11,1043.19,1.1
5381,381,6,316.94,327.8,0.6
5382,382,6,563.73,556.7,0.0
5383,383,6,407.74,407.83,0.1
5384,384,6,802.93,808.78,0.0
5385,385,6,274.19,276.99,1.7
5386,386,6,555.44,571.51,1.2
5387,387,6,524.5,553.49,9.9
5388,388,6,234.84,239.35,0.5
5389,389,6,912.39,921.18,4.0
5390,390,6,358.42,350.49,1.8
5391,391,6,226.83,249.89,0.7
5392,392,6,550.95,575.97,0.7
5393,393,6,599.86,591.0,2.4
5394,394,6,279.96,299.05,0.5
5395,395,6,276.79,309.98,2.6
5396,396,6,261.99,277.18,0.1
5397,397,6,943.95,963.58,0.3
5398,398,6,462.81,433.34,0.9
5399,399,6,315.18,326.46,0.6
5400,400,6,296.26,296.77,1.7
5401,401,6,859.44,869.53,2.0
5402,402,6,979.42,942.8,0.2
5403,403,6,260.53,228.92,3.6
5404,404,6,582.72,530.72,0.2
5405,405,6,190.49,194.28,0.3
5406,406,6,271.86,258.71,1.2
5407,407,6,922.61,905.16,0.2
5408,408,6,902.14,901.49,1.1
5409,409,6,348.71,341.22,1.7
5410,410,6,948.77,954.06,0.2
5411,411,6,565.94,564.0,1.0
5412,412,6,605.65,595.01,0.3
5413,413,6,550.07,542.14,0.9
5414,414,6,478.74,519.68,0.5
5415,415,6,977.68,1024.96,0.8
5416,416,6,311.42,318.55,1.4
5417,417,6,468.38,470.28,0.9
5418,418,6,293.16,286.63,5.9
5419,419,6,814.79,815.26,0.1
5420,420,6,248.7,267.02,0.5
5421,421,6,232.09,250.73,0.6
5422,422,6,557.83,584.1,0.6
5423,423,6,387.09,371.66,0.1
5424,424,6,312.25,310.55,2.3
5425,425,6,181.48,178.01,0.2
5426,426,6,582.62,606.68,0.8
5427,427,6,289.27,273.65,0.3
5428,428,6,243.95,262.65,2.3
5429,429,6,616.68,597.27,6.1
5430,430,6,1042.99,1015.18,0.6
5431,431,6,565.58,548.8,1.0
5432,432,6,216.81,207.29,0.7
5433,433,6,763.65,769.76,0.2
5434,434,6,965.72,946.88,0.0
5435,435,6,591.22,585.1,0.0
5436,436,6,573.2,579.45,0.6
5437,437,6,264.84,298.18,4.0
5438,438,6,564.66,599.51,0.1
5439,439,6,622.14,587.95,0.1
5440,440,6,308.98,311.54,0.9
5441,441,6,288.85,272.65,0.0
5442,442,6,239.57,210.19,0.8
5443,443,6,544.27,555.81,1.7
5444,444,6,272.88,246.03,1.2
5445,445,6,512.49,541.14,0.1
5446,446,6,851.61,858.65,0.1
5447,447,6,230.96,253.87,0.1
5448,448,6,354.24,351.04,0.5
5449,449,6,305.14,340.45,0.1
5450,450,6,325.26,361.48,1.0
5451,451,6,1005.58,1003.86,2.4
5452,452,6,604.3,600.15,3.4
5453,453,6,898.69,915.58,1.4
5454,454,6,950.76,934.28,0.5
5455,455,6,355.21,377.47,0.4
5456,456,6,540.34,545.58,1.9
5457,457,6,265.44,262.42,0.2
5458,458,6,326.6,300.67,0.1
5459,459,6,277.08,281.54,1.5
5460,460,6,257.12,228.87,0.4
5461,461,6,500.16,529.34,0.6
5462,462,6,615.08,600.01,0.1
5463,463,6,309.29,310.92,0.0
5464,464,6,356.1,360.4,0.0
5465,465,6,584.5,573.05,0.4
5466,466,6,554.46,587.74,0.1
5467,467,6,670.98,685.95,1.1
5468,468,6,313.45,308.43,2.1
5469,469,6,275.62,263.85,0.5
5470,470,6,468.85,456.81,1.2
5471,471,6,558.41,583.46,0.1
5472,472,6,221.67,249.5,0.3
5473,473,6,285.78,277.92,0.7
5474,474,6,273.58,283.57,0.7
5475,475,6,679.15,689.97,0.8
5476,476,6,220.43,249.23,0.5
5477,477,6,540.93,568.09,0.8
5478,478,6,1011.23,1007.37,0.7
5479,479,6,276.31,298.54,1.3
5480,480,6,144.2,164.61,1.2
5481,481,6,212.23,213.22,0.0
5482,482,6,242.95,231.41,0.1
5483,483,6,1013.46,988.09,0.3
5484,484,6,1093.39,1133.09,1.0
5485,485,6,236.53,250.01,4.3
5486,486,6,940.94,965.8,0.7
5487,487,6,244.3,214.91,0.0
5488,488,6,630.66,629.94,0.4
5489,489,6,675.43,685.07,1.3
5490,490,6,307.53,308.97,4.6
5491,491,6,597.55,591.17,0.3
5492,492,6,557.07,565.5,0.0
5493,493,6,299.41,281.34,8.9
5494,494,6,1068.04,1070.78,0.2
5495,495,6,278.97,273.2,0.4
5496,496,6,176.99,221.46,0.3
5497,497,6,981.0,970.53,2.5
5498,498,6,256.54,274.59,0.2
5499,499,6,197.54,191.01,0.2
5500,500,6,310.6,310.59,1.4
5501,501,6,324.3,306.46,0.6
5502,502,6,391.99,405.11,3.8
5503,503,6,209.14,192.92,2.2
5504,504,6,571.97,533.35,0.2
5505,505,6,347.34,367.94,0.6
5506,506,6,871.23,859.33,1.3
5507,507,6,853.79,883.32,4.9
5508,508,6,245.75,237.81,0.9
5509,509,6,953.67,944.88,0.4
5510,510,6,903.16,886.01,10.3
5511,511,6,873.93,882.53,4.8
5512,512,6,663.58,646.83,3.1
5513,513,6,278.96,289.44,0.6
5514,514,6,204.31,213.04,7.0
5515,515,6,987.8,976.14,0.1
5516,516,6,623.01,624.43,3.7
5517,517,6,965.29,954.15,0.1
5518,518,6,615.71,619.8,2.8
5519,519,6,373.7,393.84,2.2
5520,520,6,231.1,244.45,1.9
5521,521,6,977.81,958.0,1.3
5522,522,6,376.25,352.23,4.5
5523,523,6,450.57,452.57,3.5
5524,524,6,896.68,920.5,1.1
5525,525,6,360.45,360.98,0.8
5526,526,6,323.73,336.3,2.6
5527,527,6,568.81,546.24,0.4
5528,528,6,981.61,965.23,0.5
5529,529,6,464.91,461.91,0.1
5530,530,6,367.66,357.37,1.4
5531,531,6,239.0,218.24,1.5
5532,532,6,217.78,243.94,3.2
5533,533,6,318.39,329.4,1.6
5534,534,6,274.35,281.59,0.9
5535,535,6,1009.33,1022.2,0.3
5536,536,6,320.54,312.08,1.7
5537,537,6,1087.91,1060.2,1.0
5538,538,6,1020.69,1009.18,0.3
5539,539,6,482.86,489.86,0.2
5540,540,6,632.82,619.88,0.9
5541,541,6,231.67,232.98,0.2
5542,542,6,644.66,639.01,0.3
5543,543,6,302.23,296.84,0.0
5544,544,6,271.17,308.87,0.6
5545,545,6,509.97,491.61,0.4
5546,546,6,186.46,174.54,1.9
5547,547,6,201.54,191.52,0.4
5548,548,6,686.29,712.49,1.0
5549,549,6,241.59,225.68,3.9
5550,550,6,285.27,266.38,0.1
5551,551,6,266.9,305.84,0.2
5552,552,6,272.65,272.47,1.0
5553,553,6,596.76,624.32,1.1
5554,554,6,681.19,694.27,0.0
5555,555,6,328.23,296.44,0.9
5556,556,6,587.34,584.41,3.8
5557,557,6,1063.83,1071.28,1.0
5558,558,6,510.61,526.96,0.3
5559,559,6,587.18,609.6,0.7
5560,560,6,611.86,614.26,0.1
5561,561,6,1043.49,1032.53,0.4
5562,562,6,941.69,944.27,1.2
5563,563,6,263.28,236.88,1.7
5564,564,6,255.51,240.19,4.4
5565,565,6,232.78,238.18,1.5
5566,566,6,553.15,538.26,0.6
5567,567,6,269.74,266.8,2.2
5568,568,6,839.45,884.89,0.3
5569,569,6,320.57,298.52,0.4
5570,570,6,623.39,635.64,3.8
5571,571,6,246.01,232.61,1.1
5572,572,6,244.51,255.7,0.5
5573,573,6,258.81,282.54,0.5
5574,574,6,560.24,570.37,1.3
5575,575,6,242.23,255.32,0.4
5576,576,6,326.22,320.04,5.5
5577,577,6,443.98,448.38,0.1
5578,578,6,1100.15,1092.13,0.2
5579,579,6,521.43,511.46,0.3
5580,580,6,648.31,648.44,0.6
5581,581,6,342.42,341.08,2.5
5582,582,6,1029.85,1040.38,1.4
5583,583,6,362.99,363.05,0.4
5584,584,6,944.88,941.5,0.5
5585,585,6,991.18,979.9,1.1
5586,586,6,256.36,290.79,3.5
5587,587,6,182.07,183.27,1.0
5588,588,6,537.64,515.93,1.2
5589,589,6,658.0,659.59,0.3
5590,590,6,560.81,561.88,2.4
5591,591,6,1098.18,1111.71,0.9
5592,592,6,703.29,731.07,0.3
5593,593,6,448.76,430.63,0.3
5594,594,6,694.27,695.63,0.0
5595,595,6,354.37,359.41,0.2
5596,596,6,615.26,577.35,0.6
5597,597,6,959.9,980.99,0.1
5598,598,6,282.37,317.37,0.2
5599,599,6,849.15,828.48,0.7
5600,600,6,1006.48,1027.18,0.2
5601,601,6,286.12,279.4,0.3
5602,602,6,926.92,919.6,0.4
5603,603,6,530.12,522.11,0.6
5604,604,6,285.46,280.8,1.2
5605,605,6,264.36,256.31,0.0
5606,606,6,242.58,234.9,0.6
5607,607,6,562.27,578.93,0.1
5608,608,6,252.35,237.75,0.6
5609,609,6,319.05,317.33,0.5
5610,610,6,941.13,958.2,2.4
5611,611,6,657.02,644.13,6.1
5612,612,6,609.3,587.68,4.5
5613,613,6,895.12,901.6,0.1
5614,614,6,291.57,291.99,4.1
5615,615,6,210.98,188.37,0.9
5616,616,6,615.9,601.47,0.2
5617,617,6,341.46,380.24,0.7
5618,618,6,313.69,324.55,0.5
5619,619,6,478.25,501.86,2.3
5620,620,6,223.05,225.01,1.0
5621,621,6,572.16,577.85,0.2
5622,622,6,601.41,599.65,1.3
5623,623,6,549.04,540.19,1.2
5624,624,6,260.27,247.28,0.3
5625,625,6,226.35,217.26,9.1
5626,626,6,964.8,991.58,1.6
5627,627,6,961.42,967.25,0.2
5628,628,6,345.78,317.33,1.7
5629,629,6,349.63,370.22,0.1
5630,630,6,491.85,486.85,0.3
5631,631,6,336.66,316.61,0.2
5632,632,6,298.38,279.93,1.9
5633,633,6,240.02,237.45,1.4
5634,634,6,294.81,281.62,0.2
5635,635,6,316.04,271.84,1.1
5636,636,6,307.16,286.26,0.9
5637,637,6,867.8,888.42,0.8
5638,638,6,259.73,254.25,1.7
5639,639,6,297.73,290.89,1.5
5640,640,6,340.18,309.29,0.1
5641,641,6,869.0,851.76,0.4
5642,642,6,244.55,265.18,0.4
5643,643,6,274.13,297.81,0.9
5644,644,6,582.88,598.65,0.5
5645,645,6,603.85,618.31,1.8
5646,646,6,1029.22,1024.9,3.0
5647,647,6,230.6,237.53,0.0
5648,648,6,302.9,285.12,1.2
5649,649,6,261.89,241.63,0.9
5650,650,6,503.06,499.09,0.9
5651,651,6,384.4,398.7,0.7
5652,652,6,217.63,209.63,0.4
5653,653,6,242.27,213.41,0.2
5654,654,6,935.27,967.57,0.3
5655,655,6,260.66,265.88,0.1
5656,656,6,316.27,295.49,0.2
5657,657,6,957.11,955.81,0.2
5658,658,6,504.19,499.91,0.3
5659,659,6,632.15,610.91,0.2
5660,660,6,615.53,623.23,0.7
5661,661,6,322.98,342.34,0.4
5662,662,6,1034.76,1050.8,0.3
5663,663,6,155.19,154.51,5.5
5664,664,6,995.17,1055.04,4.8
5665,665,6,245.1,205.02,0.4
5666,666,6,501.78,505.49,0.0
5667,667,6,571.82,579.81,0.5
5668,668,6,238.22,251.12,0.2
5669,669,6,393.63,363.96,0.2
5670,670,6,502.18,508.9,1.4
5671,671,6,232.58,223.6,1.2
5672,672,6,1037.12,1041.31,1.4
5673,673,6,267.83,257.91,1.0
5674,674,6,614.37,605.41,0.1
5675,675,6,504.38,518.03,2.2
5676,676,6,291.87,270.38,0.6
5677,677,6,525.41,523.41,2.4
5678,678,6,547.18,565.34,2.2
5679,679,6,599.53,602.3,1.9
5680,680,6,679.72,645.1,1.6
5681,681,6,588.87,608.97,0.0
5682,682,6,237.42,250.5,0.1
5683,683,6,272.88,264.3,0.8
5684,684,6,372.49,356.36,0.1
5685,685,6,538.49,547.23,3.8
5686,686,6,813.64,802.65,4.3
5687,687,6,191.75,212.15,0.3
5688,688,6,557.5,558.44,0.2
5689,689,6,310.51,322.06,2.5
5690,690,6,537.59,528.88,4.4
5691,691,6,624.74,624.95,0.0
5692,692,6,590.23,605.14,1.2
5693,693,6,668.87,659.42,5.6
5694,694,6,605.73,562.68,2.0
5695,695,6,302.88,298.04,0.1
5696,696,6,590.64,576.72,2.7
5697,697,6,216.55,212.41,1.1
5698,698,6,994.75,973.5,2.5
5699,699,6,514.99,507.56,3.1
5700,700,6,279.74,300.29,3.3
5701,701,6,202.58,205.69,1.2
5702,702,6,243.08,223.1,0.1
5703,703,6,1019.02,1027.99,0.1
5704,704,6,322.86,302.48,4.1
5705,705,6,658.31,623.97,1.3
5706,706,6,337.08,315.54,1.2
5707,707,6,536.36,548.13,1.4
5708,708,6,569.47,566.56,0.1
5709,709,6,288.93,289.42,0.2
5710,710,6,606.34,623.35,0.3
5711,711,6,287.93,290.12,0.8
5712,712,6,946.9,942.5,2.2
5713,713,6,317.1,318.25,0.9
5714,714,6,647.07,637.13,0.3
5715,715,6,334.61,339.32,2.7
5716,716,6,660.67,661.62,0.2
5717,717,6,415.42,444.88,0.7
5718,718,6,634.15,655.55,1.1
5719,719,6,275.94,251.36,2.4
5720,720,6,324.59,310.18,2.3
5721,721,6,1022.44,1054.33,0.1
5722,722,6,329.68,333.36,1.1
5723,723,6,373.75,397.42,0.1
5724,724,6,463.31,464.6,4.8
5725,725,6,337.22,335.73,1.0
5726,726,6,1091.52,1072.45,0.0
5727,727,6,327.4,315.76,1.7
5728,728,6,977.18,965.04,7.1
5729,729,6,986.92,1031.75,0.5
5730,730,6,284.35,268.77,0.2
5731,731,6,283.81,295.48,2.2
5732,732,6,630.68,622.95,4.3
5733,733,6,635.04,638.47,0.6
5734,734,6,330.33,334.11,0.1
5735,735,6,326.72,277.35,0.1
5736,736,6,338.33,322.57,0.2
5737,737,6,520.39,524.03,5.4
5738,738,6,640.61,615.38,0.7
5739,739,6,372.33,360.55,0.9
5740,740,6,567.79,579.64,0.3
5741,741,6,673.97,698.72,0.9
5742,742,6,810.16,789.59,0.5
5743,743,6,267.76,256.01,1.0
5744,744,6,266.94,272.87,0.1
5745,745,6,312.77,321.77,0.2
5746,746,6,612.92,609.94,4.2
5747,747,6,294.04,308.74,1.7
5748,748,6,339.68,344.31,0.5
5749,749,6,647.45,629.06,0.8
5750,750,6,567.49,555.86,0.4
5751,751,6,259.66,259.88,0.6
5752,752,6,335.68,350.82,0.3
5753,753,6,256.87,250.68,1.2
5754,754,6,304.5,317.74,1.3
5755,755,6,365.53,388.79,0.6
5756,756,6,274.0,258.12,3.0
5757,757,6,341.69,364.29,0.1
5758,758,6,1025.19,1010.87,0.0
5759,759,6,941.27,896.1,1.1
5760,760,6,310.08,322.22,4.4
5761,761,6,686.63,720.84,0.8
5762,762,6,326.68,295.07,0.4
5763,763,6,1034.49,1031.05,1.1
5764,764,6,1079.04,1072.64,5.5
5765,765,6,584.53,552.7,0.1
5766,766,6,519.32,570.44,0.2
5767,767,6,387.42,360.39,0.8
5768,768,6,305.83,317.03,1.9
5769,769,6,326.5,325.77,0.5
5770,770,6,260.88,249.6,0.6
5771,771,6,618.43,597.05,0.0
5772,772,6,244.15,259.02,0.1
5773,773,6,302.19,298.46,0.1
5774,774,6,566.6,572.42,2.1
5775,775,6,471.85,473.47,0.5
5776,776,6,583.84,597.93,5.3
5777,777,6,460.11,421.23,0.2
5778,778,6,799.85,761.91,0.1
5779,779,6,338.12,349.89,6.8
5780,780,6,554.74,521.95,2.2
5781,781,6,245.29,264.01,0.2
5782,782,6,310.07,299.05,0.0
5783,783,6,811.83,791.93,3.6
5784,784,6,335.1,353.64,1.6
5785,785,6,249.24,267.43,0.6
5786,786,6,282.74,289.01,0.1
5787,787,6,944.72,933.09,0.2
5788,788,6,1126.98,1126.64,0.5
5789,789,6,261.06,253.83,3.6
5790,790,6,610.33,581.06,5.2
5791,791,6,287.36,287.53,0.9
5792,792,6,523.34,530.87,0.1
5793,793,6,197.36,193.33,0.7
5794,794,6,268.95,297.95,0.3
5795,795,6,636.97,617.2,0.3
5796,796,6,981.9,979.8,0.5
5797,797,6,287.44,278.84,3.9
5798,798,6,344.54,341.74,0.4
5799,799,6,814.88,779.3,1.1
5800,800,6,265.11,288.41,0.4
5801,801,6,223.31,246.26,0.5
5802,802,6,615.04,621.33,2.0
5803,803,6,294.95,264.96,0.2
5804,804,6,321.84,336.74,1.3
5805,805,6,229.65,200.81,1.4
5806,806,6,289.41,264.46,0.8
5807,807,6,535.08,524.7,0.5
5808,808,6,986.69,981.98,10.6
5809,809,6,317.13,338.83,0.1
5810,810,6,553.81,570.9,0.4
5811,811,6,196.1,215.21,1.0
5812,812,6,265.01,238.13,0.2
5813,813,6,518.45,532.1,2.5
5814,814,6,234.21,193.92,0.0
5815,815,6,537.67,523.15,0.2
5816,816,6,226.69,237.63,1.7
5817,817,6,583.89,602.12,0.2
5818,818,6,1000.29,994.76,0.1
5819,819,6,272.42,261.18,1.5
5820,820,6,1010.37,1013.71,1.3
5821,821,6,252.12,225.67,0.8
5822,822,6,306.94,303.9,1.1
5823,823,6,224.47,223.96,1.4
5824,824,6,930.7,958.24,4.1
5825,825,6,573.73,594.43,0.5
5826,826,6,930.13,963.87,0.8
5827,827,6,626.22,634.62,0.5
5828,828,6,151.12,131.43,1.9
5829,829,6,910.54,893.41,4.8
5830,830,6,911.77,931.05,3.1
5831,831,6,581.93,598.73,6.4
5832,832,6,593.59,586.12,5.1
5833,833,6,981.4,967.33,0.8
5834,834,6,275.43,273.53,2.0
5835,835,6,983.25,986.0,0.1
5836,836,6,960.33,937.78,0.0
5837,837,6,558.51,525.12,0.5
5838,838,6,267.48,296.16,0.4
5839,839,6,221.81,200.62,1.4
5840,840,6,975.15,959.49,1.2
5841,841,6,1013.08,1006.26,0.7
5842,842,6,523.68,535.68,0.1
5843,843,6,981.99,1002.34,1.1
5844,844,6,569.38,541.76,0.6
5845,845,6,1099.26,1125.71,0.9
5846,846,6,231.29,203.44,3.0
5847,847,6,247.51,269.06,0.2
5848,848,6,465.34,467.99,0.6
5849,849,6,254.55,287.5,0.0
5850,850,6,312.51,335.51,1.4
5851,851,6,554.71,567.52,1.0
5852,852,6,331.01,332.48,0.7
5853,853,6,612.55,579.47,5.3
5854,854,6,290.36,304.64,1.0
5855,855,6,982.59,980.56,1.4
5856,856,6,311.16,314.78,0.4
5857,857,6,558.93,531.76,1.9
5858,858,6,571.1,544.37,1.2
5859,859,6,289.57,285.24,0.2
5860,860,6,284.47,278.72,0.0
5861,861,6,276.09,263.14,4.9
5862,862,6,259.54,253.37,0.1
5863,863,6,295.34,302.42,3.0
5864,864,6,339.98,368.36,0.1
5865,865,6,508.29,534.9,0.1
5866,866,6,305.33,287.28,2.2
5867,867,6,308.21,315.82,0.4
5868,868,6,269.38,278.74,0.6
5869,869,6,213.63,187.89,1.4
5870,870,6,525.13,529.79,1.2
5871,871,6,530.71,492.35,2.8
5872,872,6,510.55,478.61,1.7
5873,873,6,253.95,269.01,0.6
5874,874,6,274.19,254.85,3.7
5875,875,6,215.36,198.88,4.8
5876,876,6,549.9,540.49,2.0
5877,877,6,242.79,250.24,1.0
5878,878,6,1036.9,1039.0,0.2
5879,879,6,622.96,639.12,1.0
5880,880,6,515.53,503.88,1.1
5881,881,6,554.71,559.7,0.4
5882,882,6,762.55,738.82,2.5
5883,883,6,234.68,266.97,0.8
5884,884,6,260.93,236.23,3.1
5885,885,6,960.8,947.0,2.1
5886,886,6,598.49,571.04,0.7
5887,887,6,283.71,238.3,0.6
5888,888,6,344.04,346.62,0.7
5889,889,6,270.58,289.88,1.6
5890,890,6,823.23,854.92,0.7
5891,891,6,333.35,353.09,0.2
5892,892,6,276.58,267.24,2.2
5893,893,6,286.65,287.68,0.0
5894,894,6,1091.33,1095.2,0.4
5895,895,6,596.49,609.39,5.5
5896,896,6,260.53,267.54,1.6
5897,897,6,964.7,962.45,2.6
5898,898,6,365.33,392.85,0.3
5899,899,6,548.41,539.83,1.0
5900,900,6,510.19,522.76,1.3
5901,901,6,332.81,350.37,0.6
5902,902,6,643.0,608.99,1.5
5903,903,6,1026.49,1028.23,2.5
5904,904,6,343.2,311.81,2.3
5905,905,6,321.57,333.18,0.3
5906,906,6,1026.74,1035.36,1.4
5907,907,6,249.3,239.87,1.5
5908,908,6,689.52,706.39,1.2
5909,909,6,237.32,229.49,1.0
5910,910,6,862.3,882.77,2.4
5911,911,6,532.16,554.32,0.4
5912,912,6,894.68,879.4,0.6
5913,913,6,270.44,250.04,0.4
5914,914,6,905.21,873.96,2.2
5915,915,6,554.48,538.78,0.2
5916,916,6,551.18,564.34,4.4
5917,917,6,567.65,566.47,0.8
5918,918,6,350.25,360.6,1.3
5919,919,6,533.39,558.87,1.0
5920,920,6,230.67,244.69,1.6
5921,921,6,342.04,335.21,1.3
5922,922,6,602.88,603.75,1.0
5923,923,6,260.57,264.71,2.0
5924,924,6,650.12,615.02,1.0
5925,925,6,259.3,279.62,1.1
5926,926,6,273.03,251.56,0.4
5927,927,6,481.84,502.28,1.8
5928,928,6,281.59,298.33,1.6
5929,929,6,1065.98,1062.68,2.9
5930,930,6,868.25,901.93,0.4
5931,931,6,215.36,180.38,1.6
5932,932,6,230.72,257.89,3.0
5933,933,6,313.72,320.93,0.2
5934,934,6,568.28,603.23,0.5
5935,935,6,268.53,242.58,5.1
5936,936,6,872.35,867.82,0.1
5937,937,6,985.88,975.74,2.0
5938,938,6,308.09,288.8,0.2
5939,939,6,581.07,612.76,2.0
5940,940,6,293.61,281.33,0.7
5941,941,6,520.76,521.85,1.1
5942,942,6,282.6,280.92,1.9
5943,943,6,545.71,543.67,0.7
5944,944,6,249.41,229.01,0.6
5945,945,6,876.98,858.89,0.0
5946,946,6,343.25,345.96,1.8
5947,947,6,486.68,490.45,0.1
5948,948,6,931.76,926.68,2.1
5949,949,6,593.51,529.87,0.2
5950,950,6,656.36,706.1,0.3
5951,951,6,360.64,367.74,7.8
5952,952,6,244.32,244.59,1.5
5953,953,6,337.47,334.21,2.0
5954,954,6,957.82,965.21,0.9
5955,955,6,212.9,211.55,0.1
5956,956,6,243.22,265.18,0.6
5957,957,6,512.71,516.97,0.1
5958,958,6,277.74,275.66,0.9
5959,959,6,883.06,902.18,0.5
5960,960,6,289.09,274.82,0.2
5961,961,6,306.81,318.93,0.0
5962,962,6,479.0,477.88,0.1
5963,963,6,522.79,515.3,1.0
5964,964,6,877.62,855.71,0.6
5965,965,6,326.64,321.9,0.7
5966,966,6,233.77,239.47,0.2
5967,967,6,326.99,307.05,0.2
5968,968,6,365.34,366.07,1.6
5969,969,6,596.55,608.74,6.4
5970,970,6,211.31,175.57,0.0
5971,971,6,642.75,664.67,3.9
5972,972,6,1030.89,1004.13,0.0
5973,973,6,241.96,243.78,0.5
5974,974,6,540.87,543.83,0.9
5975,975,6,318.16,321.15,0.4
5976,976,6,1004.77,1020.81,0.2
5977,977,6,211.64,204.03,0.5
5978,978,6,590.11,591.14,0.1
5979,979,6,250.06,267.8,0.1
5980,980,6,235.46,203.32,0.1
5981,981,6,212.61,222.76,0.9
5982,982,6,358.52,353.52,6.3
5983,983,6,813.67,817.2,0.1
5984,984,6,268.32,268.1,1.2
5985,985,6,976.55,935.53,1.5
5986,986,6,307.09,313.03,0.2
5987,987,6,266.75,272.21,2.6
5988,988,6,302.15,276.22,2.4
5989,989,6,260.02,274.39,0.2
5990,990,6,960.99,967.95,4.0
5991,991,6,256.53,284.79,0.3
5992,992,6,944.06,924.54,1.1
5993,993,6,248.79,269.56,3.0
5994,994,6,320.47,322.05,0.5
5995,995,6,354.08,374.62,1.3
5996,996,6,585.39,569.18,0.5
5997,997,6,474.69,469.28,0.8
5998,998,6,800.95,820.71,0.6
5999,999,6,221.47,226.46,0.9
6000,1000,6,220.19,246.11,0.2
6001,1,7,244.77,238.74,1.2
6002,2,7,280.38,244.31,0.4
6003,3,7,313.36,307.15,0.3
6004,4,7,326.43,322.5,0.1
6005,5,7,447.03,432.39,0.5
6006,6,7,255.66,240.82,0.1
6007,7,7,976.09,949.46,0.2
6008,8,7,454.97,454.92,0.1
6009,9,7,317.65,318.09,4.1
6010,10,7,529.46,500.76,0.1
6011,11,7,269.84,266.38,12.9
6012,12,7,1025.52,1073.58,1.5
6013,13,7,882.07,869.11,1.0
6014,14,7,861.14,874.51,0.6
6015,15,7,641.42,644.86,6.4
6016,16,7,981.1,996.9,0.2
6017,17,7,664.97,671.63,0.1
6018,18,7,869.34,843.65,0.2
6019,19,7,230.78,254.2,0.4
6020,20,7,1020.73,1020.48,1.0
6021,21,7,678.8,637.43,0.2
6022,22,7,289.65,314.16,8.8
6023,23,7,893.48,958.02,3.8
6024,24,7,473.47,501.45,0.5
6025,25,7,1017.62,998.53,4.3
6026,26,7,148.34,138.66,3.1
6027,27,7,551.48,576.11,1.7
6028,28,7,538.82,531.51,1.2
6029,29,7,266.79,293.39,0.7
6030,30,7,507.27,501.33,4.1
6031,31,7,545.32,568.53,3.3
6032,32,7,299.71,335.82,1.5
6033,33,7,535.22,538.95,0.0
6034,34,7,302.05,286.02,1.7
6035,35,7,932.04,909.91,4.7
6036,36,7,981.84,989.18,2.2
6037,37,7,366.96,371.37,1.8
6038,38,7,522.06,547.93,24.3
6039,39,7,355.86,353.51,2.4
6040,40,7,301.45,317.33,2.5
6041,41,7,981.2,983.25,3.1
6042,42,7,284.53,255.96,0.4
6043,43,7,309.34,301.98,1.3
6044,44,7,296.04,271.77,0.2
6045,45,7,555.67,551.94,0.5
6046,46,7,838.77,827.63,0.6
6047,47,7,320.87,287.62,0.3
6048,48,7,173.86,164.69,0.9
6049,49,7,290.13,295.25,1.0
6050,50,7,315.94,297.69,5.6
6051,51,7,216.71,214.11,0.3
6052,52,7,519.04,527.98,2.1
6053,53,7,579.54,564.46,2.0
6054,54,7,331.53,344.24,2.5
6055,55,7,615.27,609.12,3.4
6056,56,7,503.77,468.15,1.1
6057,57,7,204.1,194.29,3.9
6058,58,7,258.3,273.89,1.1
6059,59,7,513.04,503.3,1.4
6060,60,7,305.83,327.71,0.2
6061,61,7,958.36,946.63,2.7
6062,62,7,974.51,969.75,0.4
6063,63,7,1089.74,1077.93,0.1
6064,64,7,328.52,323.64,0.9
6065,65,7,359.58,353.25,2.3
6066,66,7,1045.03,1034.49,0.6
6067,67,7,291.5,259.45,0.2
6068,68,7,289.28,285.4,1.2
6069,69,7,554.91,528.39,3.3
6070,70,7,333.06,305.25,2.1
6071,71,7,566.48,573.45,0.2
6072,72,7,1085.25,1096.93,0.1
6073,73,7,505.54,502.92,0.1
6074,74,7,278.75,275.12,8.5
6075,75,7,987.55,988.06,0.3
6076,76,7,547.64,532.83,0.1
6077,77,7,366.86,378.45,0.1
6078,78,7,548.19,548.0,0.2
6079,79,7,283.76,302.34,0.2
6080,80,7,265.79,211.71,1.0
6081,81,7,601.05,607.94,4.9
6082,82,7,293.93,332.48,0.4
6083,83,7,243.04,245.55,0.4
6084,84,7,491.11,450.73,0.6
6085,85,7,329.48,302.13,0.2
6086,86,7,650.35,655.05,3.3
6087,87,7,255.17,246.56,4.0
6088,88,7,571.85,541.82,4.4
6089,89,7,980.95,946.14,0.2
6090,90,7,232.8,249.56,0.0
6091,91,7,553.02,527.61,0.8
6092,92,7,221.17,194.2,0.2
6093,93,7,263.88,269.22,3.5
6094,94,7,344.2,339.53,0.0
6095,95,7,250.0,255.1,2.7
6096,96,7,281.7,260.46,0.8
6097,97,7,522.65,540.67,0.5
6098,98,7,661.24,680.81,0.0
6099,99,7,809.69,803.76,6.6
6100,100,7,1012.85,1002.81,0.8
6101,101,7,251.24,264.49,0.1
6102,102,7,302.4,320.47,3.6
6103,103,7,280.1,281.09,0.2
6104,104,7,541.67,538.19,0.9
6105,105,7,986.72,1008.63,2.0
6106,106,7,297.54,335.59,3.8
6107,107,7,366.91,379.48,0.0
6108,108,7,286.16,296.6,0.1
6109,109,7,868.14,865.29,0.6
6110,110,7,314.37,307.99,6.8
6111,111,7,525.81,545.77,2.0
6112,112,7,255.53,256.25,3.7
6113,113,7,286.02,317.26,0.4
6114,114,7,193.27,203.51,2.6
6115,115,7,501.66,530.43,1.6
6116,116,7,647.31,609.7,0.3
6117,117,7,229.27,232.37,0.7
6118,118,7,347.28,305.01,1.9
6119,119,7,218.85,247.57,0.4
6120,120,7,246.66,263.93,1.2
6121,121,7,332.93,327.2,0.2
6122,122,7,249.79,272.47,0.0
6123,123,7,594.59,567.19,0.1
6124,124,7,998.32,951.7,2.8
6125,125,7,588.62,581.62,0.2
6126,126,7,565.0,578.36,3.3
6127,127,7,892.33,877.74,5.6
6128,128,7,1015.68,980.46,9.8
6129,129,7,377.37,374.94,1.8
6130,130,7,247.06,258.73,6.2
6131,131,7,207.23,225.72,0.1
6132,132,7,883.45,886.58,1.5
6133,133,7,300.22,276.82,0.1
6134,134,7,289.91,274.82,0.2
6135,135,7,530.38,528.66,2.8
6136,136,7,566.71,593.72,8.4
6137,137,7,504.28,489.27,2.2
6138,138,7,719.65,695.12,2.3
6139,139,7,572.74,587.84,0.6
6140,140,7,1081.0,1068.15,0.5
6141,141,7,334.21,346.42,0.0
6142,142,7,972.99,997.36,1.6
6143,143,7,502.69,470.75,0.2
6144,144,7,255.47,270.41,0.8
6145,145,7,827.28,810.35,0.1
6146,146,7,1000.0,976.16,0.1
6147,147,7,898.56,903.2,0.5
6148,148,7,984.97,982.57,0.8
6149,149,7,348.25,315.63,0.2
6150,150,7,339.63,348.57,2.1
6151,151,7,279.89,285.51,0.6
6152,152,7,804.12,808.39,0.1
6153,153,7,914.93,914.77,3.1
6154,154,7,923.78,925.57,0.3
6155,155,7,902.22,917.77,2.1
6156,156,7,621.61,625.55,8.8
6157,157,7,287.25,265.14,1.4
6158,158,7,260.14,259.2,0.3
6159,159,7,331.91,340.95,0.4
6160,160,7,564.01,555.77,0.4
6161,161,7,319.18,351.9,1.7
6162,162,7,1024.38,1033.74,0.5
6163,163,7,616.38,622.97,0.7
6164,164,7,310.55,322.44,0.1
6165,165,7,956.35,953.62,0.4
6166,166,7,525.63,538.71,1.4
6167,167,7,596.87,606.31,0.5
6168,168,7,268.26,269.28,0.9
6169,169,7,259.24,263.24,0.2
6170,170,7,295.5,294.58,7.0
6171,171,7,644.41,660.08,0.5
6172,172,7,658.38,641.83,0.4
6173,173,7,1069.61,1063.29,2.0
6174,174,7,886.6,850.68,0.0
6175,175,7,240.85,259.68,0.1
6176,176,7,886.07,907.44,3.1
6177,177,7,272.71,258.92,7.4
6178,178,7,287.08,256.02,2.2
6179,179,7,514.23,526.58,0.2
6180,180,7,934.59,940.76,1.5
6181,181,7,1023.17,1038.34,0.3
6182,182,7,885.89,901.24,0.3
6183,183,7,353.74,332.38,0.3
6184,184,7,300.05,311.43,0.1
6185,185,7,351.54,355.65,0.6
6186,186,7,541.5,566.51,1.4
6187,187,7,327.72,308.95,0.1
6188,188,7,288.8,313.96,2.7
6189,189,7,324.75,327.07,0.0
6190,190,7,530.16,538.83,3.5
6191,191,7,676.58,640.86,1.9
6192,192,7,224.4,213.99,0.4
6193,193,7,311.82,335.8,2.2
6194,194,7,604.94,597.97,4.9
6195,195,7,548.08,568.52,2.0
6196,196,7,396.6,371.67,2.8
6197,197,7,391.43,400.89,1.4
6198,198,7,895.31,879.24,0.2
6199,199,7,607.84,643.54,3.4
6200,200,7,317.57,352.29,0.8
6201,201,7,590.03,611.11,0.7
6202,202,7,607.3,637.15,2.2
6203,203,7,327.94,340.26,1.5
6204,204,7,312.26,372.75,0.6
6205,205,7,1112.86,1112.59,0.4
6206,206,7,581.26,588.6,3.6
6207,207,7,281.43,285.48,2.1
6208,208,7,571.38,560.1,0.3
6209,209,7,361.17,331.72,0.8
6210,210,7,531.38,525.62,5.0
6211,211,7,278.51,277.41,0.2
6212,212,7,287.02,301.97,0.3
6213,213,7,316.78,318.4,0.6
6214,214,7,890.39,942.6,1.0
6215,215,7,533.15,502.61,2.6
6216,216,7,1004.25,1006.56,0.7
6217,217,7,278.78,273.18,0.1
6218,218,7,700.0,724.09,3.2
6219,219,7,314.2,345.6,4.3
6220,220,7,662.36,652.57,0.1
6221,221,7,330.54,349.79,0.2
6222,222,7,598.28,601.78,0.1
6223,223,7,327.52,333.85,0.2
6224,224,7,264.14,268.14,1.9
6225,225,7,653.66,660.78,0.9
6226,226,7,423.3,405.71,3.9
6227,227,7,271.23,278.57,1.1
6228,228,7,934.87,930.13,0.2
6229,229,7,298.74,305.68,4.1
6230,230,7,624.3,637.34,1.6
6231,231,7,951.05,972.93,2.9
6232,232,7,491.11,518.91,0.1
6233,233,7,274.54,273.35,1.4
6234,234,7,584.08,570.39,0.7
6235,235,7,560.74,556.59,0.2
6236,236,7,310.54,338.92,4.0
6237,237,7,608.18,609.47,1.4
6238,238,7,890.48,873.87,1.3
6239,239,7,292.65,295.26,3.0
6240,240,7,316.4,306.18,4.7
6241,241,7,527.02,517.31,0.6
6242,242,7,314.82,301.21,1.3
6243,243,7,609.15,619.69,0.3
6244,244,7,216.77,215.49,0.8
6245,245,7,280.09,300.27,0.1
6246,246,7,508.78,482.26,0.7
6247,247,7,980.27,980.47,5.3
6248,248,7,343.81,332.51,0.3
6249,249,7,993.78,1030.57,0.0
6250,250,7,323.45,359.85,1.4
6251,251,7,347.4,312.69,0.5
6252,252,7,520.17,565.82,1.4
6253,253,7,249.58,241.26,0.1
6254,254,7,528.25,525.75,3.0
6255,255,7,281.08,250.33,0.2
6256,256,7,379.81,392.02,0.4
6257,257,7,300.61,266.16,0.3
6258,258,7,1032.11,1032.96,0.1
6259,259,7,940.42,946.07,0.6
6260,260,7,249.32,255.47,0.8
6261,261,7,308.35,338.25,1.0
6262,262,7,1001.81,1001.02,0.1
6263,263,7,303.52,310.25,0.6
6264,264,7,873.73,859.63,1.1
6265,265,7,604.23,605.68,0.4
6266,266,7,767.83,795.77,0.0
6267,267,7,322.25,340.54,0.1
6268,268,7,224.7,256.36,0.1
6269,269,7,237.84,258.92,0.8
6270,270,7,339.9,335.9,0.1
6271,271,7,326.97,360.1,2.0
6272,272,7,909.56,918.3,0.2
6273,273,7,388.16,398.67,0.2
6274,274,7,330.75,315.06,0.4
6275,275,7,266.75,303.38,2.3
6276,276,7,324.96,301.36,0.5
6277,277,7,584.7,537.18,1.3
6278,278,7,326.1,312.86,0.4
6279,279,7,613.05,628.81,2.4
6280,280,7,1018.0,1021.3,0.5
6281,281,7,226.88,204.87,0.1
6282,282,7,602.07,591.09,0.1
6283,283,7,251.76,267.57,2.8
6284,284,7,247.79,218.89,0.4
6285,285,7,839.74,824.23,2.2
6286,286,7,969.75,998.85,1.7
6287,287,7,283.84,270.86,0.4
6288,288,7,228.4,247.64,0.2
6289,289,7,271.07,241.95,1.6
6290,290,7,546.82,547.07,1.0
6291,291,7,608.68,616.96,0.3
6292,292,7,257.79,232.18,9.1
6293,293,7,978.42,985.5,0.0
6294,294,7,576.47,576.32,0.6
6295,295,7,302.36,302.2,2.6
6296,296,7,994.79,1014.65,1.2
6297,297,7,612.93,607.7,0.1
6298,298,7,370.15,349.08,1.6
6299,299,7,655.66,691.39,1.9
6300,300,7,1073.83,1103.33,1.2
6301,301,7,1067.43,1067.27,2.2
6302,302,7,339.43,356.51,1.4
6303,303,7,541.34,538.45,0.4
6304,304,7,876.67,874.54,0.0
6305,305,7,1006.92,1006.5,2.8
6306,306,7,332.06,340.63,1.3
6307,307,7,476.39,473.46,2.0
6308,308,7,1031.87,1055.73,0.6
6309,309,7,287.62,273.51,6.8
6310,310,7,391.35,399.02,0.1
6311,311,7,529.64,541.95,0.7
6312,312,7,560.54,567.26,0.6
6313,313,7,483.04,491.33,0.6
6314,314,7,275.61,252.92,0.4
6315,315,7,712.19,712.81,0.5
6316,316,7,281.94,297.55,0.3
6317,317,7,1004.05,978.8,2.7
6318,318,7,326.51,317.63,0.5
6319,319,7,293.19,315.4,0.1
6320,320,7,966.44,946.39,1.3
6321,321,7,618.61,623.09,0.5
6322,322,7,256.72,265.93,0.7
6323,323,7,294.3,280.59,0.7
6324,324,7,604.29,620.72,0.1
6325,325,7,940.89,994.51,1.0
6326,326,7,363.93,365.0,0.3
6327,327,7,964.98,980.65,0.3
6328,328,7,300.95,306.47,0.4
6329,329,7,636.51,633.11,1.6
6330,330,7,269.26,267.82,2.8
6331,331,7,227.13,191.16,0.9
6332,332,7,992.76,1019.31,1.5
6333,333,7,235.25,245.77,2.5
6334,334,7,917.41,946.62,4.4
6335,335,7,316.31,325.97,1.2
6336,336,7,250.32,250.02,1.2
6337,337,7,918.68,927.44,0.0
6338,338,7,567.54,538.88,0.1
6339,339,7,223.35,251.64,5.1
6340,340,7,701.78,707.44,0.2
6341,341,7,224.0,215.82,0.8
6342,342,7,935.03,943.79,0.6
6343,343,7,309.74,313.52,0.2
6344,344,7,612.43,602.34,4.2
6345,345,7,299.13,303.32,0.5
6346,346,7,699.06,709.3,0.1
6347,347,7,864.13,879.05,1.5
6348,348,7,970.08,966.03,0.1
6349,349,7,379.44,363.94,1.4
6350,350,7,328.66,339.9,0.4
6351,351,7,339.0,337.54,4.0
6352,352,7,921.03,904.12,0.2
6353,353,7,302.0,310.78,0.3
6354,354,7,607.2,620.46,1.0
6355,355,7,308.48,283.88,0.1
6356,356,7,969.75,944.94,0.4
6357,357,7,513.68,537.21,1.3
6358,358,7,647.35,654.78,4.8
6359,359,7,849.87,795.13,2.4
6360,360,7,959.01,959.35,0.1
6361,361,7,539.23,568.35,1.0
6362,362,7,578.46,584.15,1.7
6363,363,7,568.3,555.7,0.8
6364,364,7,312.24,341.41,3.0
6365,365,7,273.76,326.58,2.2
6366,366,7,602.04,600.9,0.4
6367,367,7,551.56,525.1,1.2
6368,368,7,330.2,346.95,2.1
6369,369,7,214.91,194.4,2.6
6370,370,7,619.95,627.1,0.1
6371,371,7,257.68,268.77,1.2
6372,372,7,576.82,574.68,0.1
6373,373,7,585.22,598.18,1.5
6374,374,7,280.47,252.06,1.1
6375,375,7,307.18,322.64,2.0
6376,376,7,306.09,276.53,0.1
6377,377,7,270.31,259.23,1.4
6378,378,7,675.44,658.45,2.0
6379,379,7,634.4,611.15,0.9
6380,380,7,1014.11,1029.43,0.5
6381,381,7,316.94,351.48,0.1
6382,382,7,563.73,599.04,0.1
6383,383,7,407.74,423.82,7.1
6384,384,7,802.93,779.05,0.4
6385,385,7,274.19,298.62,0.9
6386,386,7,555.44,558.81,0.7
6387,387,7,524.5,578.46,0.6
6388,388,7,234.84,232.74,0.6
6389,389,7,912.39,897.94,2.0
6390,390,7,358.42,359.93,0.8
6391,391,7,226.83,227.89,0.5
6392,392,7,550.95,538.53,0.9
6393,393,7,599.86,567.83,1.7
6394,394,7,279.96,324.35,0.1
6395,395,7,276.79,263.44,0.0
6396,396,7,261.99,230.23,0.7
6397,397,7,943.95,945.15,0.1
6398,398,7,462.81,429.77,0.5
6399,399,7,315.18,312.55,0.1
6400,400,7,296.26,298.86,1.4
6401,401,7,859.44,838.73,1.1
6402,402,7,979.42,965.88,0.3
6403,403,7,260.53,271.15,2.8
6404,404,7,582.72,560.71,0.4
6405,405,7,190.49,169.19,0.1
6406,406,7,271.86,288.25,1.6
6407,407,7,922.61,902.66,0.0
6408,408,7,902.14,879.32,1.1
6409,409,7,348.71,360.74,0.4
6410,410,7,948.77,944.51,0.3
6411,411,7,565.94,574.01,0.7
6412,412,7,605.65,606.61,0.1
6413,413,7,550.07,552.73,0.6
6414,414,7,478.74,467.22,0.9
6415,415,7,977.68,974.69,6.5
6416,416,7,311.42,331.74,0.1
6417,417,7,468.38,463.5,0.6
6418,418,7,293.16,268.02,4.5
6419,419,7,814.79,787.61,0.3
6420,420,7,248.7,237.97,0.3
6421,421,7,232.09,275.9,1.8
6422,422,7,557.83,563.18,1.0
6423,423,7,387.09,363.26,2.8
6424,424,7,312.25,305.73,2.8
6425,425,7,181.48,152.62,0.1
6426,426,7,582.62,569.86,0.8
6427,427,7,289.27,271.21,2.2
6428,428,7,243.95,231.15,6.6
6429,429,7,616.68,618.99,1.1
6430,430,7,1042.99,1053.6,0.6
6431,431,7,565.58,599.02,1.2
6432,432,7,216.81,220.54,1.3
6433,433,7,763.65,753.82,0.1
6434,434,7,965.72,924.75,4.6
6435,435,7,591.22,570.8,0.0
6436,436,7,573.2,583.18,1.6
6437,437,7,264.84,258.75,7.8
6438,438,7,564.66,545.83,0.0
6439,439,7,622.14,634.43,0.0
6440,440,7,308.98,309.46,0.2
6441,441,7,288.85,265.76,0.7
6442,442,7,239.57,268.35,0.1
6443,443,7,544.27,543.89,0.2
6444,444,7,272.88,260.8,1.3
6445,445,7,512.49,517.54,1.1
6446,446,7,851.61,866.02,0.1
6447,447,7,230.96,237.64,0.2
6448,448,7,354.24,384.64,1.0
6449,449,7,305.14,290.43,0.1
6450,450,7,325.26,315.59,1.8
6451,451,7,1005.58,1034.37,1.7
6452,452,7,604.3,588.0,4.4
6453,453,7,898.69,883.89,0.2
6454,454,7,950.76,920.52,0.5
6455,455,7,355.21,338.17,1.4
6456,456,7,540.34,516.59,0.2
6457,457,7,265.44,246.16,0.7
6458,458,7,326.6,331.06,0.2
6459,459,7,277.08,256.42,0.1
6460,460,7,257.12,245.67,0.1
6461,461,7,500.16,477.25,0.1
6462,462,7,615.08,603.88,0.2
6463,463,7,309.29,320.98,1.0
6464,464,7,356.1,367.0,0.8
6465,465,7,584.5,569.08,0.3
6466,466,7,554.46,576.78,0.0
6467,467,7,670.98,706.22,1.8
6468,468,7,313.45,331.9,0.6
6469,469,7,275.62,246.31,0.1
6470,470,7,468.85,452.63,1.1
6471,471,7,558.41,577.06,0.9
6472,472,7,221.67,239.05,0.7
6473,473,7,285.78,279.56,0.5
6474,474,7,273.58,316.53,0.4
6475,475,7,679.15,697.09,2.6
6476,476,7,220.43,195.63,1.2
6477,477,7,540.93,565.51,0.9
6478,478,7,1011.23,1002.8,0.8
6479,479,7,276.31,289.74,3.7
6480,480,7,144.2,155.41,1.0
6481,481,7,212.23,196.68,0.6
6482,482,7,242.95,259.26,1.0
6483,483,7,1013.46,1026.58,0.2
6484,484,7,1093.39,1090.4,0.7
6485,485,7,236.53,259.26,0.7
6486,486,7,940.94,955.59,6.5
6487,487,7,244.3,289.6,0.0
6488,488,7,630.66,656.94,0.9
6489,489,7,675.43,668.82,2.1
6490,490,7,307.53,315.06,3.0
6491,491,7,597.55,595.77,0.3
6492,492,7,557.07,583.38,1.0
6493,493,7,299.41,326.98,0.2
6494,494,7,1068.04,1028.93,0.8
6495,495,7,278.97,279.38,0.2
6496,496,7,176.99,200.7,0.7
6497,497,7,981.0,993.69,0.9
6498,498,7,256.54,245.7,0.6
6499,499,7,197.54,196.92,0.2
6500,500,7,310.6,315.06,0.5
6501,501,7,324.3,339.17,0.6
6502,502,7,391.99,398.08,2.3
6503,503,7,209.14,226.69,0.2
6504,504,7,571.97,577.13,3.2
6505,505,7,347.34,365.09,0.3
6506,506,7,871.23,886.76,7.6
6507,507,7,853.79,830.77,4.3
6508,508,7,245.75,254.29,3.3
6509,509,7,953.67,977.73,0.1
6510,510,7,903.16,862.11,1.1
6511,511,7,873.93,850.42,0.9
6512,512,7,663.58,671.6,5.5
6513,513,7,278.96,291.87,0.1
6514,514,7,204.31,197.67,3.3
6515,515,7,987.8,1006.46,0.6
6516,516,7,623.01,642.97,2.8
6517,517,7,965.29,954.51,2.3
6518,518,7,615.71,606.76,0.1
6519,519,7,373.7,365.16,1.8
6520,520,7,231.1,228.88,0.5
6521,521,7,977.81,967.42,0.0
6522,522,7,376.25,387.21,1.2
6523,523,7,450.57,470.14,3.3
6524,524,7,896.68,896.99,3.3
6525,525,7,360.45,343.0,0.0
6526,526,7,323.73,324.67,0.3
6527,527,7,568.81,506.43,0.9
6528,528,7,981.61,984.47,0.3
6529,529,7,464.91,444.02,0.2
6530,530,7,367.66,348.91,0.2
6531,531,7,239.0,241.64,0.9
6532,532,7,217.78,227.54,3.6
6533,533,7,318.39,307.93,0.2
6534,534,7,274.35,289.69,4.0
6535,535,7,1009.33,1032.45,3.7
6536,536,7,320.54,316.76,1.6
6537,537,7,1087.91,1076.83,0.7
6538,538,7,1020.69,1022.99,2.3
6539,539,7,482.86,456.17,4.1
6540,540,7,632.82,612.73,2.2
6541,541,7,231.67,230.03,0.4
6542,542,7,644.66,635.72,0.5
6543,543,7,302.23,300.98,0.0
6544,544,7,271.17,282.13,1.6
6545,545,7,509.97,465.65,0.1
6546,546,7,186.46,172.65,0.8
6547,547,7,201.54,197.39,0.3
6548,548,7,686.29,658.92,2.4
6549,549,7,241.59,262.02,3.4
6550,550,7,285.27,329.82,0.3
6551,551,7,266.9,272.87,1.0
6552,552,7,272.65,248.13,0.2
6553,553,7,596.76,624.59,0.4
6554,554,7,681.19,693.83,0.3
6555,555,7,328.23,317.85,0.0
6556,556,7,587.34,550.08,0.6
6557,557,7,1063.83,1037.03,0.9
6558,558,7,510.61,513.62,0.5
6559,559,7,587.18,568.75,2.4
6560,560,7,611.86,594.46,0.5
6561,561,7,1043.49,1056.29,0.1
6562,562,7,941.69,948.49,0.2
6563,563,7,263.28,281.14,0.0
6564,564,7,255.51,280.13,0.4
6565,565,7,232.78,233.4,0.8
6566,566,7,553.15,561.81,0.7
6567,567,7,269.74,273.04,0.1
6568,568,7,839.45,816.66,0.4
6569,569,7,320.57,325.89,2.6
6570,570,7,623.39,630.03,0.7
6571,571,7,246.01,260.05,2.6
6572,572,7,244.51,268.14,2.1
6573,573,7,258.81,256.21,0.9
6574,574,7,560.24,551.43,1.3
6575,575,7,242.23,229.69,0.4
6576,576,7,326.22,351.77,0.8
6577,577,7,443.98,449.68,0.2
6578,578,7,1100.15,1082.63,9.4
6579,579,7,521.43,502.79,3.5
6580,580,7,648.31,654.65,0.6
6581,581,7,342.42,334.97,2.8
6582,582,7,1029.85,1018.0,0.4
6583,583,7,362.99,349.34,0.2
6584,584,7,944.88,928.54,1.9
6585,585,7,991.18,1014.81,0.7
6586,586,7,256.36,250.52,0.2
6587,587,7,182.07,197.59,7.4
6588,588,7,537.64,552.87,0.5
6589,589,7,658.0,623.03,0.6
6590,590,7,560.81,561.12,1.1
6591,591,7,1098.18,1088.4,0.5
6592,592,7,703.29,711.71,1.2
6593,593,7,448.76,456.63,1.2
6594,594,7,694.27,707.73,1.0
6595,595,7,354.37,353.62,0.0
6596,596,7,615.26,613.47,0.2
6597,597,7,959.9,968.71,0.8
6598,598,7,282.37,318.31,3.8
6599,599,7,849.15,838.42,0.2
6600,600,7,1006.48,1018.29,6.7
6601,601,7,286.12,306.11,7.9
6602,602,7,926.92,914.47,0.9
6603,603,7,530.12,550.03,3.0
6604,604,7,285.46,267.27,3.1
6605,605,7,264.36,291.5,1.0
6606,606,7,242.58,205.77,0.0
6607,607,7,562.27,570.52,0.2
6608,608,7,252.35,290.72,0.5
6609,609,7,319.05,299.63,1.9
6610,610,7,941.13,956.34,0.9
6611,611,7,657.02,696.41,5.6
6612,612,7,609.3,569.7,7.2
6613,613,7,895.12,901.29,0.4
6614,614,7,291.57,272.08,1.0
6615,615,7,210.98,206.09,1.9
6616,616,7,615.9,594.08,0.9
6617,617,7,341.46,365.3,0.0
6618,618,7,313.69,326.77,0.7
6619,619,7,478.25,481.28,1.5
6620,620,7,223.05,223.8,0.2
6621,621,7,572.16,571.46,1.6
6622,622,7,601.41,621.77,0.1
6623,623,7,549.04,582.21,0.3
6624,624,7,260.27,279.71,0.2
6625,625,7,226.35,256.71,3.4
6626,626,7,964.8,945.9,0.4
6627,627,7,961.42,961.81,0.1
6628,628,7,345.78,331.42,0.9
6629,629,7,349.63,370.88,0.1
6630,630,7,491.85,526.14,2.1
6631,631,7,336.66,331.84,7.2
6632,632,7,298.38,289.47,0.3
6633,633,7,240.02,233.3,0.4
6634,634,7,294.81,256.27,4.0
6635,635,7,316.04,325.72,1.5
6636,636,7,307.16,303.77,0.5
6637,637,7,867.8,883.97,1.7
6638,638,7,259.73,236.95,4.0
6639,639,7,297.73,308.49,0.2
6640,640,7,340.18,346.88,0.8
6641,641,7,869.0,831.48,1.6
6642,642,7,244.55,221.42,0.2
6643,643,7,274.13,258.55,0.1
6644,644,7,582.88,594.1,0.0
6645,645,7,603.85,614.21,0.1
6646,646,7,1029.22,1057.99,0.7
6647,647,7,230.6,208.21,4.0
6648,648,7,302.9,325.43,0.1
6649,649,7,261.89,255.9,0.8
6650,650,7,503.06,515.06,0.8
6651,651,7,384.4,418.66,0.1
6652,652,7,217.63,188.33,2.0
6653,653,7,242.27,259.27,0.3
6654,654,7,935.27,928.44,2.4
6655,655,7,260.66,301.09,0.1
6656,656,7,316.27,341.55,1.3
6657,657,7,957.11,1007.65,0.1
6658,658,7,504.19,470.82,0.3
6659,659,7,632.15,606.56,0.0
6660,660,7,615.53,579.25,0.1
6661,661,7,322.98,329.01,0.9
6662,662,7,1034.76,1080.89,0.7
6663,663,7,155.19,141.34,7.1
6664,664,7,995.17,981.05,0.7
6665,665,7,245.1,243.13,0.6
6666,666,7,501.78,488.18,0.0
6667,667,7,571.82,567.44,1.5
6668,668,7,238.22,259.96,0.5
6669,669,7,393.63,405.48,0.0
6670,670,7,502.18,536.35,2.7
6671,671,7,232.58,219.86,2.0
6672,672,7,1037.12,1052.02,0.6
6673,673,7,267.83,270.73,0.1
6674,674,7,614.37,598.16,0.1
6675,675,7,504.38,513.78,0.5
6676,676,7,291.87,295.7,1.9
6677,677,7,525.41,540.73,0.8
6678,678,7,547.18,556.26,1.0
6679,679,7,599.53,603.2,2.0
6680,680,7,679.72,688.02,0.2
6681,681,7,588.87,572.72,0.0
6682,682,7,237.42,228.04,0.2
6683,683,7,272.88,251.92,0.2
6684,684,7,372.49,346.1,0.3
6685,685,7,538.49,526.05,3.3
6686,686,7,813.64,812.01,0.6
6687,687,7,191.75,163.89,1.3
6688,688,7,557.5,578.6,0.1
6689,689,7,310.51,310.44,0.6
6690,690,7,537.59,567.13,4.2
6691,691,7,624.74,627.36,0.7
6692,692,7,590.23,594.23,0.1
6693,693,7,668.87,635.25,0.1
6694,694,7,605.73,589.73,0.3
6695,695,7,302.88,304.03,2.0
6696,696,7,590.64,589.64,0.6
6697,697,7,216.55,194.19,1.0
6698,698,7,994.75,1012.56,5.9
6699,699,7,514.99,514.49,6.8
6700,700,7,279.74,263.61,1.2
6701,701,7,202.58,185.34,0.7
6702,702,7,243.08,244.98,0.9
6703,703,7,1019.02,1013.64,0.6
6704,704,7,322.86,315.41,1.9
6705,705,7,658.31,643.36,1.6
6706,706,7,337.08,335.43,0.3
6707,707,7,536.36,559.69,2.4
6708,708,7,569.47,565.25,0.2
6709,709,7,288.93,285.01,0.4
6710,710,7,606.34,570.65,0.9
6711,711,7,287.93,239.86,0.0
6712,712,7,946.9,952.85,6.0
6713,713,7,317.1,331.28,2.2
6714,714,7,647.07,625.39,0.2
6715,715,7,334.61,341.56,1.9
6716,716,7,660.67,663.94,0.1
6717,717,7,415.42,448.83,1.3
6718,718,7,634.15,630.87,0.6
6719,719,7,275.94,289.69,0.2
6720,720,7,324.59,300.49,1.2
6721,721,7,1022.44,1012.54,0.4
6722,722,7,329.68,314.28,1.1
6723,723,7,373.75,376.25,0.1
6724,724,7,463.31,466.61,2.8
6725,725,7,337.22,328.83,0.0
6726,726,7,1091.52,1123.26,0.2
6727,727,7,327.4,299.85,1.9
6728,728,7,977.18,975.36,4.3
6729,729,7,986.92,997.27,0.6
6730,730,7,284.35,300.58,2.2
6731,731,7,283.81,284.52,0.6
6732,732,7,630.68,646.16,0.7
6733,733,7,635.04,631.78,0.6
6734,734,7,330.33,333.4,0.1
6735,735,7,326.72,335.08,1.1
6736,736,7,338.33,333.88,0.0
6737,737,7,520.39,525.61,3.1
6738,738,7,640.61,623.43,0.4
6739,739,7,372.33,363.28,0.3
6740,740,7,567.79,557.73,0.5
6741,741,7,673.97,658.08,0.3
6742,742,7,810.16,812.37,0.3
6743,743,7,267.76,269.16,1.4
6744,744,7,266.94,251.41,0.0
6745,745,7,312.77,310.27,0.6
6746,746,7,612.92,587.48,9.3
6747,747,7,294.04,268.35,2.7
6748,748,7,339.68,381.89,0.6
6749,749,7,647.45,632.73,1.2
6750,750,7,567.49,561.85,3.5
6751,751,7,259.66,280.41,1.9
6752,752,7,335.68,340.43,5.7
6753,753,7,256.87,245.62,0.7
6754,754,7,304.5,308.81,3.6
6755,755,7,365.53,382.06,1.1
6756,756,7,274.0,247.79,1.2
6757,757,7,341.69,333.33,0.0
6758,758,7,1025.19,1019.94,0.3
6759,759,7,941.27,993.65,0.9
6760,760,7,310.08,291.85,1.0
6761,761,7,686.63,696.77,0.7
6762,762,7,326.68,353.7,1.5
6763,763,7,1034.49,1042.29,0.3
6764,764,7,1079.04,1081.44,5.9
6765,765,7,584.53,616.58,0.7
6766,766,7,519.32,497.89,0.3
6767,767,7,387.42,379.32,3.2
6768,768,7,305.83,290.31,5.0
6769,769,7,326.5,318.74,0.2
6770,770,7,260.88,262.17,2.1
6771,771,7,618.43,627.19,0.1
6772,772,7,244.15,270.99,0.2
6773,773,7,302.19,278.32,0.1
6774,774,7,566.6,577.24,2.9
6775,775,7,471.85,474.44,0.2
6776,776,7,583.84,561.81,6.9
6777,777,7,460.11,429.1,0.3
6778,778,7,799.85,837.7,1.2
6779,779,7,338.12,355.42,1.2
6780,780,7,554.74,564.09,0.0
6781,781,7,245.29,238.92,2.2
6782,782,7,310.07,322.31,1.8
6783,783,7,811.83,823.57,2.1
6784,784,7,335.1,331.36,0.2
6785,785,7,249.24,293.11,0.2
6786,786,7,282.74,292.66,2.2
6787,787,7,944.72,918.11,0.2
6788,788,7,1126.98,1143.26,0.6
6789,789,7,261.06,243.11,0.3
6790,790,7,610.33,599.82,1.0
6791,791,7,287.36,320.53,1.3
6792,792,7,523.34,509.5,6.4
6793,793,7,197.36,182.58,0.6
6794,794,7,268.95,277.69,2.2
6795,795,7,636.97,611.3,0.9
6796,796,7,981.9,965.2,0.3
6797,797,7,287.44,307.42,4.9
6798,798,7,344.54,359.6,3.9
6799,799,7,814.88,795.85,0.0
6800,800,7,265.11,273.23,0.7
6801,801,7,223.31,220.25,0.5
6802,802,7,615.04,628.63,7.8
6803,803,7,294.95,280.77,1.1
6804,804,7,321.84,315.91,0.3
6805,805,7,229.65,224.42,1.6
6806,806,7,289.41,310.64,1.1
6807,807,7,535.08,541.19,2.0
6808,808,7,986.69,996.24,3.6
6809,809,7,317.13,336.06,0.3
6810,810,7,553.81,554.96,0.1
6811,811,7,196.1,196.11,2.8
6812,812,7,265.01,276.66,0.2
6813,813,7,518.45,511.17,0.7
6814,814,7,234.21,270.82,0.1
6815,815,7,537.67,535.88,0.8
6816,816,7,226.69,230.66,0.5
6817,817,7,583.89,569.0,4.8
6818,818,7,1000.29,988.9,0.1
6819,819,7,272.42,268.82,0.3
6820,820,7,1010.37,1013.04,0.3
6821,821,7,252.12,217.99,0.3
6822,822,7,306.94,330.33,0.1
6823,823,7,224.47,232.43,0.7
6824,824,7,930.7,927.86,0.9
6825,825,7,573.73,552.74,0.0
6826,826,7,930.13,901.56,0.6
6827,827,7,626.22,653.19,0.5
6828,828,7,151.12,139.84,2.6
6829,829,7,910.54,923.76,0.4
6830,830,7,911.77,918.0,2.7
6831,831,7,581.93,578.97,4.9
6832,832,7,593.59,581.91,5.1
6833,833,7,981.4,992.79,1.2
6834,834,7,275.43,251.69,1.5
6835,835,7,983.25,997.9,0.2
6836,836,7,960.33,989.17,0.2
6837,837,7,558.51,530.77,0.1
6838,838,7,267.48,274.6,0.8
6839,839,7,221.81,199.43,0.3
6840,840,7,975.15,984.08,1.8
6841,841,7,1013.08,1019.24,0.3
6842,842,7,523.68,524.76,0.0
6843,843,7,981.99,954.4,0.2
6844,844,7,569.38,603.71,0.0
6845,845,7,1099.26,1106.84,0.3
6846,846,7,231.29,205.95,0.6
6847,847,7,247.51,226.47,1.5
6848,848,7,465.34,465.91,0.2
6849,849,7,254.55,299.06,0.4
6850,850,7,312.51,335.26,0.2
6851,851,7,554.71,567.4,5.8
6852,852,7,331.01,325.7,0.7
6853,853,7,612.55,615.91,15.8
6854,854,7,290.36,266.5,19.2
6855,855,7,982.59,964.79,0.0
6856,856,7,311.16,321.02,0.2
6857,857,7,558.93,552.07,0.3
6858,858,7,571.1,546.07,6.1
6859,859,7,289.57,285.91,0.0
6860,860,7,284.47,276.65,0.2
6861,861,7,276.09,275.87,2.4
6862,862,7,259.54,268.17,0.2
6863,863,7,295.34,323.38,0.2
6864,864,7,339.98,332.05,0.3
6865,865,7,508.29,518.41,0.5
6866,866,7,305.33,333.93,3.5
6867,867,7,308.21,324.85,0.2
6868,868,7,269.38,276.7,2.4
6869,869,7,213.63,225.21,5.7
6870,870,7,525.13,542.01,7.5
6871,871,7,530.71,549.3,19.2
6872,872,7,510.55,458.4,0.9
6873,873,7,253.95,226.98,3.3
6874,874,7,274.19,267.81,0.8
6875,875,7,215.36,233.18,2.9
6876,876,7,549.9,549.09,0.4
6877,877,7,242.79,241.07,3.9
6878,878,7,1036.9,1045.4,0.4
6879,879,7,622.96,625.58,1.8
6880,880,7,515.53,539.08,0.0
6881,881,7,554.71,567.89,4.2
6882,882,7,762.55,788.36,4.2
6883,883,7,234.68,194.19,0.0
6884,884,7,260.93,279.51,0.1
6885,885,7,960.8,949.69,4.3
6886,886,7,598.49,596.66,0.4
6887,887,7,283.71,246.13,0.3
6888,888,7,344.04,325.41,0.6
6889,889,7,270.58,267.8,2.5
6890,890,7,823.23,835.35,0.0
6891,891,7,333.35,352.81,0.9
6892,892,7,276.58,268.3,1.8
6893,893,7,286.65,325.07,2.0
6894,894,7,1091.33,1081.14,1.9
6895,895,7,596.49,554.04,3.2
6896,896,7,260.53,292.6,0.3
6897,897,7,964.7,950.05,1.2
6898,898,7,365.33,370.78,0.2
6899,899,7,548.41,577.12,1.0
6900,900,7,510.19,529.06,1.3
6901,901,7,332.81,400.33,0.3
6902,902,7,643.0,633.01,0.1
6903,903,7,1026.49,1042.03,0.6
6904,904,7,343.2,337.12,2.3
6905,905,7,321.57,330.76,3.0
6906,906,7,1026.74,1027.35,0.4
6907,907,7,249.3,235.02,1.9
6908,908,7,689.52,710.52,1.3
6909,909,7,237.32,235.48,6.0
6910,910,7,862.3,851.04,1.1
6911,911,7,532.16,520.5,1.7
6912,912,7,894.68,898.57,0.1
6913,913,7,270.44,288.24,1.4
6914,914,7,905.21,893.2,1.9
6915,915,7,554.48,512.87,0.6
6916,916,7,551.18,539.12,0.2
6917,917,7,567.65,533.28,0.0
6918,918,7,350.25,324.01,1.5
6919,919,7,533.39,550.09,2.4
6920,920,7,230.67,229.87,3.7
6921,921,7,342.04,327.49,0.1
6922,922,7,602.88,604.77,1.3
6923,923,7,260.57,233.28,1.1
6924,924,7,650.12,628.21,0.1
6925,925,7,259.3,284.61,0.6
6926,926,7,273.03,240.81,1.3
6927,927,7,481.84,469.86,0.0
6928,928,7,281.59,270.44,0.8
6929,929,7,1065.98,1017.92,6.3
6930,930,7,868.25,891.12,1.5
6931,931,7,215.36,257.22,6.2
6932,932,7,230.72,226.89,5.3
6933,933,7,313.72,320.38,0.9
6934,934,7,568.28,572.42,0.1
6935,935,7,268.53,304.75,1.6
6936,936,7,872.35,871.23,1.7
6937,937,7,985.88,978.41,0.9
6938,938,7,308.09,284.51,0.4
6939,939,7,581.07,566.69,0.7
6940,940,7,293.61,323.36,0.1
6941,941,7,520.76,511.27,1.5
6942,942,7,282.6,295.39,0.3
6943,943,7,545.71,506.77,0.4
6944,944,7,249.41,232.94,1.3
6945,945,7,876.98,869.31,0.1
6946,946,7,343.25,373.37,3.4
6947,947,7,486.68,479.8,1.4
6948,948,7,931.76,959.71,0.0
6949,949,7,593.51,595.39,0.5
6950,950,7,656.36,652.24,0.8
6951,951,7,360.64,342.31,5.3
6952,952,7,244.32,239.62,0.4
6953,953,7,337.47,301.22,5.7
6954,954,7,957.82,954.3,1.0
6955,955,7,212.9,203.24,0.9
6956,956,7,243.22,245.62,0.4
6957,957,7,512.71,497.05,0.0
6958,958,7,277.74,296.11,2.0
6959,959,7,883.06,890.39,0.3
6960,960,7,289.09,291.48,0.3
6961,961,7,306.81,276.53,0.3
6962,962,7,479.0,478.98,2.0
6963,963,7,522.79,563.05,0.5
6964,964,7,877.62,879.77,0.2
6965,965,7,326.64,355.48,1.3
6966,966,7,233.77,246.01,1.2
6967,967,7,326.99,312.57,0.7
6968,968,7,365.34,368.84,3.2
6969,969,7,596.55,588.33,4.2
6970,970,7,211.31,245.73,0.7
6971,971,7,642.75,642.96,1.6
6972,972,7,1030.89,1025.46,0.8
6973,973,7,241.96,185.07,0.3
6974,974,7,540.87,552.47,1.8
6975,975,7,318.16,310.0,0.7
6976,976,7,1004.77,997.86,0.0
6977,977,7,211.64,196.52,5.4
6978,978,7,590.11,615.3,0.8
6979,979,7,250.06,260.1,0.5
6980,980,7,235.46,226.6,2.3
6981,981,7,212.61,204.54,0.4
6982,982,7,358.52,363.78,1.4
6983,983,7,813.67,811.25,3.9
6984,984,7,268.32,232.17,0.0
6985,985,7,976.55,1022.98,0.1
6986,986,7,307.09,289.16,0.2
6987,987,7,266.75,231.86,4.1
6988,988,7,302.15,324.39,0.3
6989,989,7,260.02,258.96,0.2
6990,990,7,960.99,977.1,2.7
6991,991,7,256.53,249.98,0.7
6992,992,7,944.06,995.71,4.1
6993,993,7,248.79,241.83,0.7
6994,994,7,320.47,323.99,0.7
6995,995,7,354.08,360.27,3.9
6996,996,7,585.39,642.54,0.4
6997,997,7,474.69,451.25,1.9
6998,998,7,800.95,785.77,0.3
6999,999,7,221.47,258.0,1.9
7000,1000,7,220.19,207.22,2.0
7001,1,8,244.77,290.81,0.8
7002,2,8,280.38,302.14,0.2
7003,3,8,313.36,320.63,0.9
7004,4,8,326.43,345.95,0.1
7005,5,8,447.03,471.7,1.7
7006,6,8,255.66,249.22,1.3
7007,7,8,976.09,973.13,0.1
7008,8,8,454.97,470.57,0.3
7009,9,8,317.65,302.45,2.1
7010,10,8,529.46,536.67,1.8
7011,11,8,269.84,271.05,2.0
7012,12,8,1025.52,986.07,0.3
7013,13,8,882.07,849.72,0.9
7014,14,8,861.14,869.26,0.7
7015,15,8,641.42,636.09,0.8
7016,16,8,981.1,967.16,1.6
7017,17,8,664.97,677.65,1.0
7018,18,8,869.34,884.19,0.7
7019,19,8,230.78,268.57,0.0
7020,20,8,1020.73,1002.1,3.4
7021,21,8,678.8,674.19,0.4
7022,22,8,289.65,338.25,0.2
7023,23,8,893.48,889.35,0.2
7024,24,8,473.47,482.43,0.1
7025,25,8,1017.62,1043.36,5.1
7026,26,8,148.34,130.0,0.3
7027,27,8,551.48,558.44,2.3
7028,28,8,538.82,525.25,2.6
7029,29,8,266.79,289.64,0.1
7030,30,8,507.27,517.78,1.4
7031,31,8,545.32,533.14,0.3
7032,32,8,299.71,282.7,0.5
7033,33,8,535.22,514.84,0.2
7034,34,8,302.05,253.55,1.4
7035,35,8,932.04,942.74,0.7
7036,36,8,981.84,984.27,1.1
7037,37,8,366.96,377.38,5.8
7038,38,8,522.06,538.13,2.2
7039,39,8,355.86,385.64,0.9
7040,40,8,301.45,291.37,0.7
7041,41,8,981.2,975.85,0.2
7042,42,8,284.53,277.75,0.6
7043,43,8,309.34,324.59,1.8
7044,44,8,296.04,287.17,0.1
7045,45,8,555.67,590.09,1.2
7046,46,8,838.77,843.73,1.7
7047,47,8,320.87,355.54,0.2
7048,48,8,173.86,182.43,0.8
7049,49,8,290.13,298.56,0.5
7050,50,8,315.94,301.58,2.9
7051,51,8,216.71,200.47,3.1
7052,52,8,519.04,527.61,0.1
7053,53,8,579.54,573.09,5.9
7054,54,8,331.53,357.89,3.3
7055,55,8,615.27,646.77,2.2
7056,56,8,503.77,482.32,1.4
7057,57,8,204.1,217.08,0.2
7058,58,8,258.3,266.92,0.0
7059,59,8,513.04,524.1,0.2
7060,60,8,305.83,290.07,0.3
7061,61,8,958.36,974.0,0.7
7062,62,8,974.51,960.03,0.2
7063,63,8,1089.74,1073.2,0.3
7064,64,8,328.52,310.49,7.2
7065,65,8,359.58,381.87,3.0
7066,66,8,1045.03,1068.06,0.5
7067,67,8,291.5,248.04,1.8
7068,68,8,289.28,298.95,5.2
7069,69,8,554.91,555.94,1.6
7070,70,8,333.06,346.97,3.9
7071,71,8,566.48,557.47,0.7
7072,72,8,1085.25,1051.32,1.0
7073,73,8,505.54,488.52,0.0
7074,74,8,278.75,293.79,3.5
7075,75,8,987.55,999.16,0.0
7076,76,8,547.64,517.18,1.0
7077,77,8,366.86,374.57,1.1
7078,78,8,548.19,554.08,18.7
7079,79,8,283.76,292.79,2.4
7080,80,8,265.79,242.24,0.3
7081,81,8,601.05,606.19,0.9
7082,82,8,293.93,294.93,0.1
7083,83,8,243.04,241.18,1.5
7084,84,8,491.11,519.39,0.8
7085,85,8,329.48,298.52,1.0
7086,86,8,650.35,665.74,2.4
7087,87,8,255.17,230.63,1.8
7088,88,8,571.85,575.74,1.7
7089,89,8,980.95,962.92,3.4
7090,90,8,232.8,249.84,0.9
7091,91,8,553.02,545.35,1.3
7092,92,8,221.17,197.42,1.0
7093,93,8,263.88,274.84,0.2
7094,94,8,344.2,357.85,1.4
7095,95,8,250.0,250.33,1.2
7096,96,8,281.7,270.1,1.1
7097,97,8,522.65,483.09,0.1
7098,98,8,661.24,681.5,0.9
7099,99,8,809.69,824.42,1.7
7100,100,8,1012.85,1017.35,2.1
7101,101,8,251.24,205.79,0.2
7102,102,8,302.4,291.82,2.9
7103,103,8,280.1,271.61,0.4
7104,104,8,541.67,504.44,0.8
7105,105,8,986.72,944.72,0.5
7106,106,8,297.54,287.9,0.7
7107,107,8,366.91,353.19,0.0
7108,108,8,286.16,300.63,0.3
7109,109,8,868.14,835.27,0.1
7110,110,8,314.37,314.84,0.2
7111,111,8,525.81,541.54,2.6
7112,112,8,255.53,252.85,7.4
7113,113,8,286.02,300.0,2.2
7114,114,8,193.27,205.69,2.6
7115,115,8,501.66,500.42,1.1
7116,116,8,647.31,672.73,1.0
7117,117,8,229.27,239.7,6.9
7118,118,8,347.28,345.28,1.5
7119,119,8,218.85,220.65,0.1
7120,120,8,246.66,266.79,0.9
7121,121,8,332.93,372.48,0.1
7122,122,8,249.79,242.76,0.5
7123,123,8,594.59,589.66,0.1
7124,124,8,998.32,1009.6,4.5
7125,125,8,588.62,575.86,0.4
7126,126,8,565.0,597.73,1.8
7127,127,8,892.33,892.18,5.3
7128,128,8,1015.68,1020.07,6.0
7129,129,8,377.37,368.56,7.2
7130,130,8,247.06,234.95,0.5
7131,131,8,207.23,192.55,2.0
7132,132,8,883.45,862.19,0.0
7133,133,8,300.22,303.46,0.1
7134,134,8,289.91,298.56,0.3
7135,135,8,530.38,513.1,0.3
7136,136,8,566.71,529.48,0.3
7137,137,8,504.28,533.4,0.5
7138,138,8,719.65,670.99,1.9
7139,139,8,572.74,566.67,0.9
7140,140,8,1081.0,1076.8,0.6
7141,141,8,334.21,348.43,0.4
7142,142,8,972.99,991.03,1.5
7143,143,8,502.69,519.97,0.1
7144,144,8,255.47,255.64,0.5
7145,145,8,827.28,813.89,1.0
7146,146,8,1000.0,971.78,0.5
7147,147,8,898.56,916.77,0.7
7148,148,8,984.97,938.71,0.5
7149,149,8,348.25,343.82,0.6
7150,150,8,339.63,335.45,1.4
7151,151,8,279.89,265.78,0.6
7152,152,8,804.12,844.34,0.4
7153,153,8,914.93,921.28,1.8
7154,154,8,923.78,905.37,2.3
7155,155,8,902.22,878.01,0.4
7156,156,8,621.61,597.47,10.3
7157,157,8,287.25,263.57,1.3
7158,158,8,260.14,257.01,1.1
7159,159,8,331.91,323.09,3.2
7160,160,8,564.01,606.95,0.5
7161,161,8,319.18,331.38,1.4
7162,162,8,1024.38,1018.98,0.0
7163,163,8,616.38,592.73,0.3
7164,164,8,310.55,310.11,0.7
7165,165,8,956.35,937.25,0.0
7166,166,8,525.63,526.47,1.7
7167,167,8,596.87,597.05,0.4
7168,168,8,268.26,277.38,1.1
7169,169,8,259.24,244.08,0.2
7170,170,8,295.5,318.54,4.0
7171,171,8,644.41,659.99,1.8
7172,172,8,658.38,678.67,1.5
7173,173,8,1069.61,1092.14,1.4
7174,174,8,886.6,891.03,0.8
7175,175,8,240.85,234.95,0.9
7176,176,8,886.07,923.58,2.5
7177,177,8,272.71,264.72,2.3
7178,178,8,287.08,279.56,1.5
7179,179,8,514.23,501.72,0.2
7180,180,8,934.59,957.48,3.2
7181,181,8,1023.17,1037.0,0.7
7182,182,8,885.89,880.81,0.3
7183,183,8,353.74,350.6,0.3
7184,184,8,300.05,309.25,0.6
7185,185,8,351.54,336.57,3.5
7186,186,8,541.5,525.75,4.7
7187,187,8,327.72,345.05,0.8
7188,188,8,288.8,300.02,0.2
7189,189,8,324.75,339.79,0.9
7190,190,8,530.16,560.22,4.2
7191,191,8,676.58,660.33,2.8
7192,192,8,224.4,231.49,2.5
7193,193,8,311.82,307.93,2.4
7194,194,8,604.94,603.77,0.1
7195,195,8,548.08,556.94,0.4
7196,196,8,396.6,421.42,0.4
7197,197,8,391.43,364.48,2.6
7198,198,8,895.31,915.15,0.2
7199,199,8,607.84,567.46,2.8
7200,200,8,317.57,305.25,3.4
7201,201,8,590.03,564.56,2.1
7202,202,8,607.3,569.77,2.3
7203,203,8,327.94,336.19,0.8
7204,204,8,312.26,340.41,0.5
7205,205,8,1112.86,1102.13,0.6
7206,206,8,581.26,564.43,1.0
7207,207,8,281.43,293.65,0.0
7208,208,8,571.38,522.08,0.6
7209,209,8,361.17,361.73,0.3
7210,210,8,531.38,484.61,0.6
7211,211,8,278.51,260.35,0.7
7212,212,8,287.02,276.49,0.1
7213,213,8,316.78,286.83,0.3
7214,214,8,890.39,881.46,0.4
7215,215,8,533.15,527.87,0.1
7216,216,8,1004.25,1015.04,0.0
7217,217,8,278.78,252.09,0.0
7218,218,8,700.0,727.07,0.0
7219,219,8,314.2,288.84,1.2
7220,220,8,662.36,705.18,0.0
7221,221,8,330.54,333.32,1.1
7222,222,8,598.28,577.57,0.4
7223,223,8,327.52,315.23,0.7
7224,224,8,264.14,240.41,11.2
7225,225,8,653.66,644.79,0.1
7226,226,8,423.3,423.78,1.6
7227,227,8,271.23,304.6,0.7
7228,228,8,934.87,937.26,1.7
7229,229,8,298.74,271.23,5.7
7230,230,8,624.3,638.48,0.7
7231,231,8,951.05,988.15,2.0
7232,232,8,491.11,503.19,0.2
7233,233,8,274.54,258.8,0.5
7234,234,8,584.08,599.57,0.2
7235,235,8,560.74,574.53,4.0
7236,236,8,310.54,274.7,0.4
7237,237,8,608.18,639.59,0.3
7238,238,8,890.48,861.69,4.2
7239,239,8,292.65,296.76,1.8
7240,240,8,316.4,341.85,0.1
7241,241,8,527.02,534.42,3.4
7242,242,8,314.82,298.65,0.4
7243,243,8,609.15,613.85,2.5
7244,244,8,216.77,220.88,0.5
7245,245,8,280.09,254.01,0.7
7246,246,8,508.78,525.4,0.0
7247,247,8,980.27,998.31,0.5
7248,248,8,343.81,346.46,0.2
7249,249,8,993.78,991.46,1.5
7250,250,8,323.45,323.11,0.1
7251,251,8,347.4,350.6,0.6
7252,252,8,520.17,533.21,1.7
7253,253,8,249.58,255.09,0.9
7254,254,8,528.25,512.25,3.2
7255,255,8,281.08,277.74,1.1
7256,256,8,379.81,401.09,1.2
7257,257,8,300.61,306.19,2.2
7258,258,8,1032.11,1028.99,0.1
7259,259,8,940.42,898.63,5.6
7260,260,8,249.32,239.13,0.1
7261,261,8,308.35,294.12,0.2
7262,262,8,1001.81,962.37,0.9
7263,263,8,303.52,285.39,0.0
7264,264,8,873.73,848.36,0.6
7265,265,8,604.23,582.17,0.5
7266,266,8,767.83,777.8,3.3
7267,267,8,322.25,313.25,0.4
7268,268,8,224.7,201.17,3.7
7269,269,8,237.84,250.42,1.5
7270,270,8,339.9,374.4,1.5
7271,271,8,326.97,335.52,0.3
7272,272,8,909.56,925.65,1.2
7273,273,8,388.16,368.84,1.0
7274,274,8,330.75,349.76,0.0
7275,275,8,266.75,273.53,4.4
7276,276,8,324.96,332.54,0.7
7277,277,8,584.7,594.59,2.9
7278,278,8,326.1,329.42,3.9
7279,279,8,613.05,593.44,2.4
7280,280,8,1018.0,1036.16,0.1
7281,281,8,226.88,194.14,1.2
7282,282,8,602.07,626.8,0.7
7283,283,8,251.76,273.79,2.4
7284,284,8,247.79,214.46,4.9
7285,285,8,839.74,813.98,0.7
7286,286,8,969.75,970.97,0.9
7287,287,8,283.84,260.96,0.4
7288,288,8,228.4,241.62,0.2
7289,289,8,271.07,322.52,0.5
7290,290,8,546.82,518.61,1.1
7291,291,8,608.68,574.16,0.4
7292,292,8,257.79,272.02,6.1
7293,293,8,978.42,970.93,0.4
7294,294,8,576.47,565.7,3.5
7295,295,8,302.36,281.06,1.2
7296,296,8,994.79,995.94,0.3
7297,297,8,612.93,586.71,0.8
7298,298,8,370.15,392.15,0.3
7299,299,8,655.66,633.03,5.6
7300,300,8,1073.83,1064.28,2.4
7301,301,8,1067.43,1060.55,1.4
7302,302,8,339.43,367.85,0.3
7303,303,8,541.34,549.8,0.5
7304,304,8,876.67,869.22,0.5
7305,305,8,1006.92,1018.9,0.8
7306,306,8,332.06,321.47,1.4
7307,307,8,476.39,484.99,5.6
7308,308,8,1031.87,1026.81,1.0
7309,309,8,287.62,280.45,3.8
7310,310,8,391.35,399.83,0.4
7311,311,8,529.64,533.54,0.0
7312,312,8,560.54,565.71,0.1
7313,313,8,483.04,481.96,2.4
7314,314,8,275.61,282.21,1.7
7315,315,8,712.19,697.25,0.7
7316,316,8,281.94,278.03,0.3
7317,317,8,1004.05,1016.64,0.2
7318,318,8,326.51,335.14,0.2
7319,319,8,293.19,277.94,0.3
7320,320,8,966.44,948.64,2.6
7321,321,8,618.61,605.55,2.5
7322,322,8,256.72,252.01,0.3
7323,323,8,294.3,269.59,0.3
7324,324,8,604.29,596.2,1.3
7325,325,8,940.89,950.69,1.0
7326,326,8,363.93,409.4,2.5
7327,327,8,964.98,946.32,2.8
7328,328,8,300.95,296.32,0.0
7329,329,8,636.51,636.32,0.1
7330,330,8,269.26,279.6,1.3
7331,331,8,227.13,208.64,0.0
7332,332,8,992.76,975.39,0.3
7333,333,8,235.25,261.19,1.6
7334,334,8,917.41,818.85,3.0
7335,335,8,316.31,298.9,2.2
7336,336,8,250.32,261.1,1.5
7337,337,8,918.68,953.59,0.4
7338,338,8,567.54,538.41,0.5
7339,339,8,223.35,221.93,2.0
7340,340,8,701.78,713.0,0.2
7341,341,8,224.0,237.59,3.0
7342,342,8,935.03,928.27,1.2
7343,343,8,309.74,287.59,1.4
7344,344,8,612.43,614.16,0.2
7345,345,8,299.13,292.37,1.0
7346,346,8,699.06,670.78,3.3
7347,347,8,864.13,913.55,0.4
7348,348,8,970.08,961.65,8.2
7349,349,8,379.44,376.27,0.1
7350,350,8,328.66,318.07,1.1
7351,351,8,339.0,357.04,3.4
7352,352,8,921.03,931.55,0.1
7353,353,8,302.0,301.04,0.2
7354,354,8,607.2,617.32,4.6
7355,355,8,308.48,282.04,0.3
7356,356,8,969.75,975.63,0.1
7357,357,8,513.68,538.88,0.2
7358,358,8,647.35,658.32,5.7
7359,359,8,849.87,847.66,5.0
7360,360,8,959.01,956.61,1.1
7361,361,8,539.23,519.7,0.1
7362,362,8,578.46,556.66,0.1
7363,363,8,568.3,524.58,1.4
7364,364,8,312.24,321.2,1.1
7365,365,8,273.76,267.17,0.8
7366,366,8,602.04,606.97,5.1
7367,367,8,551.56,548.49,3.4
7368,368,8,330.2,329.24,0.4
7369,369,8,214.91,245.59,4.8
7370,370,8,619.95,596.14,0.5
7371,371,8,257.68,237.84,3.0
7372,372,8,576.82,601.54,0.4
7373,373,8,585.22,603.78,2.7
7374,374,8,280.47,269.77,0.2
7375,375,8,307.18,299.03,1.6
7376,376,8,306.09,304.17,1.2
7377,377,8,270.31,255.88,2.2
7378,378,8,675.44,692.28,2.6
7379,379,8,634.4,618.22,1.2
7380,380,8,1014.11,1019.07,0.8
7381,381,8,316.94,308.82,0.3
7382,382,8,563.73,552.45,1.2
7383,383,8,407.74,425.88,3.5
7384,384,8,802.93,813.43,0.6
7385,385,8,274.19,287.54,0.7
7386,386,8,555.44,505.71,0.2
7387,387,8,524.5,548.5,2.9
7388,388,8,234.84,251.28,0.8
7389,389,8,912.39,943.19,0.2
7390,390,8,358.42,357.66,3.6
7391,391,8,226.83,193.47,2.7
7392,392,8,550.95,601.51,0.0
7393,393,8,599.86,587.04,1.4
7394,394,8,279.96,240.85,2.5
7395,395,8,276.79,260.89,1.7
7396,396,8,261.99,268.84,0.0
7397,397,8,943.95,939.19,0.4
7398,398,8,462.81,437.95,1.9
7399,399,8,315.18,326.97,0.8
7400,400,8,296.26,321.4,0.8
7401,401,8,859.44,847.23,0.8
7402,402,8,979.42,996.3,0.2
7403,403,8,260.53,281.96,6.9
7404,404,8,582.72,558.51,0.3
7405,405,8,190.49,221.82,0.3
7406,406,8,271.86,279.06,2.3
7407,407,8,922.61,919.48,7.7
7408,408,8,902.14,885.96,1.1
7409,409,8,348.71,347.41,1.0
7410,410,8,948.77,961.87,0.4
7411,411,8,565.94,560.52,0.0
7412,412,8,605.65,607.17,0.7
7413,413,8,550.07,550.42,1.1
7414,414,8,478.74,482.6,0.1
7415,415,8,977.68,962.95,0.7
7416,416,8,311.42,315.98,0.1
7417,417,8,468.38,469.88,0.5
7418,418,8,293.16,286.02,1.6
7419,419,8,814.79,806.14,0.3
7420,420,8,248.7,229.97,0.4
7421,421,8,232.09,252.79,0.4
7422,422,8,557.83,577.15,1.5
7423,423,8,387.09,374.07,3.0
7424,424,8,312.25,302.0,3.5
7425,425,8,181.48,171.51,0.4
7426,426,8,582.62,570.87,0.2
7427,427,8,289.27,271.85,2.0
7428,428,8,243.95,261.78,0.9
7429,429,8,616.68,616.76,4.2
7430,430,8,1042.99,1066.02,0.8
7431,431,8,565.58,549.98,1.5
7432,432,8,216.81,247.82,1.0
7433,433,8,763.65,768.24,0.2
7434,434,8,965.72,964.29,0.5
7435,435,8,591.22,620.71,2.4
7436,436,8,573.2,568.13,1.2
7437,437,8,264.84,254.86,3.9
7438,438,8,564.66,526.07,1.2
7439,439,8,622.14,603.44,3.3
7440,440,8,308.98,325.57,5.6
7441,441,8,288.85,283.32,0.7
7442,442,8,239.57,232.33,2.1
7443,443,8,544.27,564.02,0.1
7444,444,8,272.88,280.16,5.9
7445,445,8,512.49,484.73,1.2
7446,446,8,851.61,861.65,0.4
7447,447,8,230.96,246.66,0.0
7448,448,8,354.24,359.16,1.0
7449,449,8,305.14,325.76,0.1
7450,450,8,325.26,310.36,0.9
7451,451,8,1005.58,1012.88,0.1
7452,452,8,604.3,596.03,2.7
7453,453,8,898.69,880.14,0.2
7454,454,8,950.76,940.17,0.5
7455,455,8,355.21,340.87,0.5
7456,456,8,540.34,547.14,0.9
7457,457,8,265.44,270.22,0.0
7458,458,8,326.6,326.84,1.5
7459,459,8,277.08,294.19,0.2
7460,460,8,257.12,263.76,0.2
7461,461,8,500.16,493.22,0.6
7462,462,8,615.08,618.53,0.1
7463,463,8,309.29,302.96,0.4
7464,464,8,356.1,329.68,0.7
7465,465,8,584.5,580.35,0.6
7466,466,8,554.46,572.62,0.6
7467,467,8,670.98,648.89,1.0
7468,468,8,313.45,320.11,1.7
7469,469,8,275.62,289.87,1.5
7470,470,8,468.85,478.15,0.4
7471,471,8,558.41,587.56,1.4
7472,472,8,221.67,208.92,0.3
7473,473,8,285.78,342.4,0.1
7474,474,8,273.58,311.18,0.3
7475,475,8,679.15,680.86,1.1
7476,476,8,220.43,215.03,0.5
7477,477,8,540.93,561.03,0.2
7478,478,8,1011.23,1005.94,1.4
7479,479,8,276.31,240.53,4.8
7480,480,8,144.2,120.72,7.2
7481,481,8,212.23,234.29,0.1
7482,482,8,242.95,242.88,0.3
7483,483,8,1013.46,1009.85,0.2
7484,484,8,1093.39,1108.57,11.2
7485,485,8,236.53,227.54,8.1
7486,486,8,940.94,882.6,2.2
7487,487,8,244.3,240.62,0.0
7488,488,8,630.66,622.07,0.4
7489,489,8,675.43,662.76,0.5
7490,490,8,307.53,317.5,1.5
7491,491,8,597.55,574.7,0.3
7492,492,8,557.07,551.44,0.5
7493,493,8,299.41,295.92,1.2
7494,494,8,1068.04,1052.19,0.9
7495,495,8,278.97,281.44,0.3
7496,496,8,176.99,155.4,0.8
7497,497,8,981.0,949.25,0.8
7498,498,8,256.54,243.54,1.4
7499,499,8,197.54,222.55,0.4
7500,500,8,310.6,326.24,0.2
7501,501,8,324.3,295.46,0.0
7502,502,8,391.99,408.95,4.4
7503,503,8,209.14,190.16,1.2
7504,504,8,571.97,573.23,1.5
7505,505,8,347.34,325.04,1.2
7506,506,8,871.23,883.32,2.4
7507,507,8,853.79,843.03,0.6
7508,508,8,245.75,251.02,1.8
7509,509,8,953.67,977.88,1.0
7510,510,8,903.16,898.42,0.9
7511,511,8,873.93,894.4,0.6
7512,512,8,663.58,648.52,2.9
7513,513,8,278.96,278.71,1.4
7514,514,8,204.31,197.35,1.9
7515,515,8,987.8,996.11,0.3
7516,516,8,623.01,593.93,0.4
7517,517,8,965.29,941.6,0.0
7518,518,8,615.71,578.37,2.6
7519,519,8,373.7,365.99,0.3
7520,520,8,231.1,230.84,0.6
7521,521,8,977.81,949.99,0.7
7522,522,8,376.25,356.19,1.2
7523,523,8,450.57,485.24,0.8
7524,524,8,896.68,898.82,0.3
7525,525,8,360.45,349.03,0.6
7526,526,8,323.73,323.11,0.8
7527,527,8,568.81,581.09,0.1
7528,528,8,981.61,1008.47,3.4
7529,529,8,464.91,463.39,0.9
7530,530,8,367.66,363.55,0.2
7531,531,8,239.0,224.52,2.1
7532,532,8,217.78,213.47,0.2
7533,533,8,318.39,361.33,0.9
7534,534,8,274.35,300.28,1.0
7535,535,8,1009.33,1016.54,2.2
7536,536,8,320.54,356.48,2.7
7537,537,8,1087.91,1076.04,2.9
7538,538,8,1020.69,1011.72,0.2
7539,539,8,482.86,480.63,0.6
7540,540,8,632.82,647.03,1.5
7541,541,8,231.67,216.62,0.1
7542,542,8,644.66,632.54,0.2
7543,543,8,302.23,310.53,0.0
7544,544,8,271.17,272.96,2.5
7545,545,8,509.97,471.0,1.1
7546,546,8,186.46,188.5,1.8
7547,547,8,201.54,147.3,3.8
7548,548,8,686.29,655.59,1.0
7549,549,8,241.59,226.28,3.8
7550,550,8,285.27,286.15,1.2
7551,551,8,266.9,267.96,0.9
7552,552,8,272.65,280.19,1.7
7553,553,8,596.76,619.43,3.5
7554,554,8,681.19,717.85,0.0
7555,555,8,328.23,315.52,8.2
7556,556,8,587.34,587.05,0.6
7557,557,8,1063.83,1079.09,0.7
7558,558,8,510.61,506.22,0.7
7559,559,8,587.18,565.01,1.4
7560,560,8,611.86,616.94,0.7
7561,561,8,1043.49,1066.0,0.8
7562,562,8,941.69,951.47,0.5
7563,563,8,263.28,242.95,0.4
7564,564,8,255.51,264.39,1.2
7565,565,8,232.78,231.9,0.2
7566,566,8,553.15,528.08,0.3
7567,567,8,269.74,265.92,1.8
7568,568,8,839.45,820.07,0.0
7569,569,8,320.57,331.46,0.9
7570,570,8,623.39,646.81,7.2
7571,571,8,246.01,240.17,0.7
7572,572,8,244.51,242.05,0.3
7573,573,8,258.81,253.43,4.9
7574,574,8,560.24,556.17,2.7
7575,575,8,242.23,214.27,7.5
7576,576,8,326.22,318.4,1.1
7577,577,8,443.98,464.02,0.9
7578,578,8,1100.15,1123.73,6.6
7579,579,8,521.43,514.67,0.9
7580,580,8,648.31,620.88,0.4
7581,581,8,342.42,382.75,8.4
7582,582,8,1029.85,1013.23,5.5
7583,583,8,362.99,372.82,0.2
7584,584,8,944.88,935.64,4.2
7585,585,8,991.18,1013.29,3.0
7586,586,8,256.36,265.99,4.3
7587,587,8,182.07,204.29,0.5
7588,588,8,537.64,556.28,0.9
7589,589,8,658.0,669.1,0.6
7590,590,8,560.81,576.83,3.2
7591,591,8,1098.18,1093.26,0.6
7592,592,8,703.29,727.31,0.9
7593,593,8,448.76,465.38,0.6
7594,594,8,694.27,694.24,1.2
7595,595,8,354.37,376.31,2.4
7596,596,8,615.26,619.26,0.7
7597,597,8,959.9,996.53,0.5
7598,598,8,282.37,285.64,2.5
7599,599,8,849.15,850.01,0.6
7600,600,8,1006.48,1001.35,0.5
7601,601,8,286.12,278.92,3.0
7602,602,8,926.92,920.09,0.6
7603,603,8,530.12,523.82,3.2
7604,604,8,285.46,260.58,0.7
7605,605,8,264.36,241.67,0.4
7606,606,8,242.58,238.6,0.4
7607,607,8,562.27,559.76,2.5
7608,608,8,252.35,212.87,4.2
7609,609,8,319.05,321.36,0.5
7610,610,8,941.13,912.82,2.2
7611,611,8,657.02,640.74,0.1
7612,612,8,609.3,610.15,0.1
7613,613,8,895.12,881.77,0.1
7614,614,8,291.57,273.53,0.8
7615,615,8,210.98,221.03,0.0
7616,616,8,615.9,657.34,0.5
7617,617,8,341.46,355.5,0.6
7618,618,8,313.69,333.37,0.3
7619,619,8,478.25,479.64,0.1
7620,620,8,223.05,212.81,3.2
7621,621,8,572.16,533.53,0.9
7622,622,8,601.41,598.59,1.2
7623,623,8,549.04,570.24,3.0
7624,624,8,260.27,230.61,0.4
7625,625,8,226.35,220.54,1.0
7626,626,8,964.8,978.35,2.0
7627,627,8,961.42,960.98,0.2
7628,628,8,345.78,352.19,0.3
7629,629,8,349.63,379.43,1.1
7630,630,8,491.85,485.73,3.5
7631,631,8,336.66,338.91,0.9
7632,632,8,298.38,325.17,0.9
7633,633,8,240.02,250.21,0.1
7634,634,8,294.81,280.06,5.1
7635,635,8,316.04,319.5,0.1
7636,636,8,307.16,336.51,0.3
7637,637,8,867.8,876.83,1.6
7638,638,8,259.73,243.68,0.8
7639,639,8,297.73,280.49,0.3
7640,640,8,340.18,340.4,0.4
7641,641,8,869.0,862.8,1.1
7642,642,8,244.55,271.52,0.5
7643,643,8,274.13,287.12,0.0
7644,644,8,582.88,610.14,0.7
7645,645,8,603.85,596.6,0.4
7646,646,8,1029.22,1027.67,2.5
7647,647,8,230.6,243.65,16.1
7648,648,8,302.9,306.01,0.5
7649,649,8,261.89,283.4,1.8
7650,650,8,503.06,492.66,0.1
7651,651,8,384.4,415.2,0.3
7652,652,8,217.63,209.16,1.5
7653,653,8,242.27,217.47,1.2
7654,654,8,935.27,920.11,0.0
7655,655,8,260.66,267.14,0.4
7656,656,8,316.27,321.12,0.5
7657,657,8,957.11,964.54,2.0
7658,658,8,504.19,526.9,3.0
7659,659,8,632.15,661.21,0.3
7660,660,8,615.53,615.33,0.4
7661,661,8,322.98,323.26,0.5
7662,662,8,1034.76,1006.71,0.4
7663,663,8,155.19,161.12,3.3
7664,664,8,995.17,1002.41,0.1
7665,665,8,245.1,200.79,0.2
7666,666,8,501.78,508.94,0.9
7667,667,8,571.82,602.37,3.9
7668,668,8,238.22,255.59,0.4
7669,669,8,393.63,386.58,0.4
7670,670,8,502.18,543.75,2.5
7671,671,8,232.58,225.31,0.1
7672,672,8,1037.12,1033.76,0.0
7673,673,8,267.83,258.66,1.9
7674,674,8,614.37,624.44,0.4
7675,675,8,504.38,470.22,4.8
7676,676,8,291.87,286.27,0.2
7677,677,8,525.41,486.46,0.2
7678,678,8,547.18,519.61,3.8
7679,679,8,599.53,577.86,2.1
7680,680,8,679.72,688.21,2.3
7681,681,8,588.87,560.83,0.3
7682,682,8,237.42,249.94,0.1
7683,683,8,272.88,329.67,0.1
7684,684,8,372.49,353.86,0.3
7685,685,8,538.49,548.94,0.3
7686,686,8,813.64,839.49,0.5
7687,687,8,191.75,193.53,1.1
7688,688,8,557.5,529.5,0.5
7689,689,8,310.51,319.08,5.4
7690,690,8,537.59,523.61,4.3
7691,691,8,624.74,625.7,0.2
7692,692,8,590.23,583.1,0.1
7693,693,8,668.87,665.09,4.5
7694,694,8,605.73,552.55,2.7
7695,695,8,302.88,273.65,0.1
7696,696,8,590.64,610.97,0.8
7697,697,8,216.55,186.26,5.4
7698,698,8,994.75,999.48,3.3
7699,699,8,514.99,504.85,0.1
7700,700,8,279.74,286.9,4.6
7701,701,8,202.58,208.01,3.1
7702,702,8,243.08,229.03,0.6
7703,703,8,1019.02,1040.26,0.6
7704,704,8,322.86,351.46,0.9
7705,705,8,658.31,661.89,6.8
7706,706,8,337.08,315.19,0.1
7707,707,8,536.36,575.1,0.1
7708,708,8,569.47,549.71,1.6
7709,709,8,288.93,299.68,0.1
7710,710,8,606.34,626.07,0.3
7711,711,8,287.93,269.01,0.3
7712,712,8,946.9,985.65,0.2
7713,713,8,317.1,313.93,0.3
7714,714,8,647.07,680.23,0.0
7715,715,8,334.61,294.98,3.1
7716,716,8,660.67,649.96,0.1
7717,717,8,415.42,377.42,0.8
7718,718,8,634.15,611.22,0.6
7719,719,8,275.94,319.5,1.2
7720,720,8,324.59,326.12,2.2
7721,721,8,1022.44,1039.76,1.8
7722,722,8,329.68,287.0,0.9
7723,723,8,373.75,354.81,3.2
7724,724,8,463.31,484.01,0.4
7725,725,8,337.22,366.19,0.5
7726,726,8,1091.52,1088.1,1.4
7727,727,8,327.4,328.86,0.2
7728,728,8,977.18,965.7,0.7
7729,729,8,986.92,992.54,0.0
7730,730,8,284.35,278.32,5.3
7731,731,8,283.81,286.34,3.1
7732,732,8,630.68,647.79,1.7
7733,733,8,635.04,655.53,3.7
7734,734,8,330.33,344.32,0.1
7735,735,8,326.72,364.78,0.7
7736,736,8,338.33,348.29,0.1
7737,737,8,520.39,558.58,5.4
7738,738,8,640.61,670.22,0.0
7739,739,8,372.33,368.37,0.6
7740,740,8,567.79,588.58,0.4
7741,741,8,673.97,662.85,0.7
7742,742,8,810.16,799.84,10.7
7743,743,8,267.76,258.84,10.7
7744,744,8,266.94,254.86,1.2
7745,745,8,312.77,307.77,1.6
7746,746,8,612.92,632.19,0.1
7747,747,8,294.04,283.84,3.1
7748,748,8,339.68,310.28,0.6
7749,749,8,647.45,597.79,0.1
7750,750,8,567.49,591.14,3.2
7751,751,8,259.66,254.11,1.5
7752,752,8,335.68,319.63,7.8
7753,753,8,256.87,229.88,1.9
7754,754,8,304.5,330.14,0.6
7755,755,8,365.53,330.3,0.6
7756,756,8,274.0,268.78,0.2
7757,757,8,341.69,362.81,0.3
7758,758,8,1025.19,1002.6,0.6
7759,759,8,941.27,924.41,1.6
7760,760,8,310.08,298.35,3.0
7761,761,8,686.63,701.88,0.9
7762,762,8,326.68,331.84,4.1
7763,763,8,1034.49,1056.23,0.6
7764,764,8,1079.04,1090.09,3.8
7765,765,8,584.53,599.67,1.8
7766,766,8,519.32,509.97,0.2
7767,767,8,387.42,407.56,0.1
7768,768,8,305.83,355.49,1.6
7769,769,8,326.5,328.91,3.0
7770,770,8,260.88,273.68,11.9
7771,771,8,618.43,616.53,0.6
7772,772,8,244.15,261.87,1.7
7773,773,8,302.19,298.67,0.1
7774,774,8,566.6,524.01,0.7
7775,775,8,471.85,494.27,0.4
7776,776,8,583.84,589.07,6.4
7777,777,8,460.11,473.12,1.2
7778,778,8,799.85,800.14,2.6
7779,779,8,338.12,353.49,6.7
7780,780,8,554.74,536.86,1.7
7781,781,8,245.29,267.68,0.1
7782,782,8,310.07,310.6,0.6
7783,783,8,811.83,780.24,1.5
7784,784,8,335.1,311.96,0.5
7785,785,8,249.24,251.47,0.0
7786,786,8,282.74,289.87,2.0
7787,787,8,944.72,965.87,0.5
7788,788,8,1126.98,1133.63,0.1
7789,789,8,261.06,281.16,0.9
7790,790,8,610.33,636.55,0.3
7791,791,8,287.36,266.29,0.3
7792,792,8,523.34,485.55,0.1
7793,793,8,197.36,174.64,1.3
7794,794,8,268.95,280.71,0.3
7795,795,8,636.97,638.83,0.9
7796,796,8,981.9,933.38,0.2
7797,797,8,287.44,293.91,0.1
7798,798,8,344.54,355.19,0.4
7799,799,8,814.88,804.3,0.5
7800,800,8,265.11,277.61,0.3
7801,801,8,223.31,222.89,0.3
7802,802,8,615.04,591.78,9.4
7803,803,8,294.95,247.63,1.0
7804,804,8,321.84,298.02,0.3
7805,805,8,229.65,226.71,0.6
7806,806,8,289.41,285.68,0.9
7807,807,8,535.08,521.37,0.4
7808,808,8,986.69,983.19,0.2
7809,809,8,317.13,329.05,0.1
7810,810,8,553.81,539.52,0.6
7811,811,8,196.1,216.98,1.1
7812,812,8,265.01,260.01,6.9
7813,813,8,518.45,529.93,0.8
7814,814,8,234.21,249.52,0.0
7815,815,8,537.67,553.36,0.2
7816,816,8,226.69,250.18,0.3
7817,817,8,583.89,558.01,1.8
7818,818,8,1000.29,978.67,0.2
7819,819,8,272.42,276.92,4.7
7820,820,8,1010.37,999.23,2.0
7821,821,8,252.12,255.05,0.6
7822,822,8,306.94,318.75,0.6
7823,823,8,224.47,234.79,0.1
7824,824,8,930.7,893.98,2.9
7825,825,8,573.73,556.46,0.6
7826,826,8,930.13,935.54,1.0
7827,827,8,626.22,603.39,5.0
7828,828,8,151.12,173.58,1.0
7829,829,8,910.54,924.25,4.8
7830,830,8,911.77,929.85,2.3
7831,831,8,581.93,593.01,2.9
7832,832,8,593.59,583.06,3.7
7833,833,8,981.4,984.55,0.8
7834,834,8,275.43,325.98,4.6
7835,835,8,983.25,986.37,0.0
7836,836,8,960.33,942.41,1.6
7837,837,8,558.51,553.14,0.8
7838,838,8,267.48,279.26,0.0
7839,839,8,221.81,225.5,1.0
7840,840,8,975.15,981.45,1.5
7841,841,8,1013.08,1000.25,0.6
7842,842,8,523.68,518.71,0.4
7843,843,8,981.99,1017.46,0.1
7844,844,8,569.38,573.37,1.8
7845,845,8,1099.26,1084.09,0.0
7846,846,8,231.29,263.98,1.8
7847,847,8,247.51,253.87,1.6
7848,848,8,465.34,438.89,0.3
7849,849,8,254.55,273.36,0.2
7850,850,8,312.51,312.8,0.2
7851,851,8,554.71,557.09,0.2
7852,852,8,331.01,321.91,0.0
7853,853,8,612.55,611.56,1.4
7854,854,8,290.36,224.26,1.7
7855,855,8,982.59,953.4,3.5
7856,856,8,311.16,336.19,0.5
7857,857,8,558.93,557.02,0.4
7858,858,8,571.1,576.89,0.5
7859,859,8,289.57,286.36,0.6
7860,860,8,284.47,283.76,0.9
7861,861,8,276.09,249.54,3.0
7862,862,8,259.54,283.21,0.2
7863,863,8,295.34,337.16,2.0
7864,864,8,339.98,322.0,0.3
7865,865,8,508.29,497.37,0.4
7866,866,8,305.33,287.1,0.4
7867,867,8,308.21,270.81,0.3
7868,868,8,269.38,310.92,1.2
7869,869,8,213.63,208.95,0.4
7870,870,8,525.13,527.99,0.1
7871,871,8,530.71,509.85,7.5
7872,872,8,510.55,507.9,0.1
7873,873,8,253.95,271.23,1.4
7874,874,8,274.19,277.58,0.3
7875,875,8,215.36,209.01,0.4
7876,876,8,549.9,566.54,3.1
7877,877,8,242.79,235.58,10.1
7878,878,8,1036.9,1034.52,0.1
7879,879,8,622.96,605.55,4.2
7880,880,8,515.53,511.65,0.0
7881,881,8,554.71,520.58,4.6
7882,882,8,762.55,790.77,0.6
7883,883,8,234.68,213.98,0.9
7884,884,8,260.93,264.47,0.3
7885,885,8,960.8,935.48,1.6
7886,886,8,598.49,574.63,0.7
7887,887,8,283.71,288.18,1.4
7888,888,8,344.04,337.24,0.2
7889,889,8,270.58,236.64,1.0
7890,890,8,823.23,829.36,0.4
7891,891,8,333.35,357.77,2.0
7892,892,8,276.58,253.55,5.0
7893,893,8,286.65,271.49,0.4
7894,894,8,1091.33,1105.76,3.4
7895,895,8,596.49,599.43,0.1
7896,896,8,260.53,245.02,0.3
7897,897,8,964.7,976.65,1.6
7898,898,8,365.33,359.76,0.0
7899,899,8,548.41,559.5,0.1
7900,900,8,510.19,546.74,0.0
7901,901,8,332.81,361.67,0.2
7902,902,8,643.0,630.96,0.5
7903,903,8,1026.49,1019.2,0.5
7904,904,8,343.2,337.23,3.7
7905,905,8,321.57,335.28,1.5
7906,906,8,1026.74,1028.94,1.3
7907,907,8,249.3,257.23,0.6
7908,908,8,689.52,672.29,0.4
7909,909,8,237.32,236.71,0.3
7910,910,8,862.3,835.13,9.2
7911,911,8,532.16,535.84,0.2
7912,912,8,894.68,878.69,0.1
7913,913,8,270.44,247.78,4.9
7914,914,8,905.21,906.46,2.3
7915,915,8,554.48,556.77,1.6
7916,916,8,551.18,540.88,1.8
7917,917,8,567.65,565.9,0.2
7918,918,8,350.25,335.22,0.1
7919,919,8,533.39,519.02,2.4
7920,920,8,230.67,215.51,0.1
7921,921,8,342.04,349.19,1.7
7922,922,8,602.88,605.35,7.3
7923,923,8,260.57,215.47,2.5
7924,924,8,650.12,677.41,0.3
7925,925,8,259.3,215.99,1.5
7926,926,8,273.03,252.84,0.2
7927,927,8,481.84,501.94,0.8
7928,928,8,281.59,273.25,0.0
7929,929,8,1065.98,1079.06,6.2
7930,930,8,868.25,878.51,2.6
7931,931,8,215.36,200.45,0.2
7932,932,8,230.72,247.69,3.3
7933,933,8,313.72,321.92,0.5
7934,934,8,568.28,570.33,0.3
7935,935,8,268.53,266.33,0.4
7936,936,8,872.35,918.59,2.1
7937,937,8,985.88,978.98,2.7
7938,938,8,308.09,326.36,1.6
7939,939,8,581.07,601.39,1.6
7940,940,8,293.61,316.89,0.3
7941,941,8,520.76,547.8,0.1
7942,942,8,282.6,283.62,0.0
7943,943,8,545.71,546.29,0.2
7944,944,8,249.41,271.28,0.7
7945,945,8,876.98,866.78,2.3
7946,946,8,343.25,328.52,0.7
7947,947,8,486.68,500.69,1.7
7948,948,8,931.76,912.44,1.0
7949,949,8,593.51,587.71,0.5
7950,950,8,656.36,655.2,0.4
7951,951,8,360.64,358.28,2.4
7952,952,8,244.32,245.59,1.8
7953,953,8,337.47,353.11,0.2
7954,954,8,957.82,987.63,0.7
7955,955,8,212.9,197.84,0.8
7956,956,8,243.22,248.65,0.2
7957,957,8,512.71,511.65,0.1
7958,958,8,277.74,282.18,5.7
7959,959,8,883.06,878.73,0.2
7960,960,8,289.09,272.49,0.5
7961,961,8,306.81,316.02,0.3
7962,962,8,479.0,464.91,0.1
7963,963,8,522.79,532.2,0.3
7964,964,8,877.62,895.04,1.1
7965,965,8,326.64,299.47,2.7
7966,966,8,233.77,247.69,0.2
7967,967,8,326.99,310.91,2.4
7968,968,8,365.34,318.62,0.3
7969,969,8,596.55,603.42,1.3
7970,970,8,211.31,210.15,0.6
7971,971,8,642.75,649.82,1.5
7972,972,8,1030.89,1023.82,0.6
7973,973,8,241.96,209.14,0.1
7974,974,8,540.87,556.95,1.4
7975,975,8,318.16,309.17,1.9
7976,976,8,1004.77,1027.71,0.0
7977,977,8,211.64,197.92,2.2
7978,978,8,590.11,612.35,4.1
7979,979,8,250.06,227.49,0.4
7980,980,8,235.46,224.05,0.2
7981,981,8,212.61,207.04,7.7
7982,982,8,358.52,356.38,3.0
7983,983,8,813.67,805.4,1.8
7984,984,8,268.32,295.89,1.7
7985,985,8,976.55,980.67,1.4
7986,986,8,307.09,316.75,1.4
7987,987,8,266.75,279.2,0.2
7988,988,8,302.15,321.51,0.8
7989,989,8,260.02,287.31,2.1
7990,990,8,960.99,969.01,0.3
7991,991,8,256.53,223.04,0.1
7992,992,8,944.06,954.59,1.9
7993,993,8,248.79,218.16,2.3
7994,994,8,320.47,330.22,1.1
7995,995,8,354.08,332.0,7.9
7996,996,8,585.39,589.44,1.2
7997,997,8,474.69,468.11,0.1
7998,998,8,800.95,820.83,0.1
7999,999,8,221.47,230.83,0.9
8000,1000,8,220.19,179.06,0.3
8001,1,9,244.77,235.2,1.2
8002,2,9,280.38,305.99,0.8
8003,3,9,313.36,315.33,0.8
8004,4,9,326.43,307.16,0.1
8005,5,9,447.03,458.95,6.7
8006,6,9,255.66,248.48,0.9
8007,7,9,976.09,965.01,0.2
8008,8,9,454.97,453.49,0.1
8009,9,9,317.65,291.97,1.8
8010,10,9,529.46,539.04,0.4
8011,11,9,269.84,258.01,0.5
8012,12,9,1025.52,985.75,1.0
8013,13,9,882.07,860.92,0.8
8014,14,9,861.14,936.82,0.2
8015,15,9,641.42,636.01,1.2
8016,16,9,981.1,1003.97,1.0
8017,17,9,664.97,621.62,0.7
8018,18,9,869.34,866.7,0.2
8019,19,9,230.78,199.33,1.2
8020,20,9,1020.73,998.01,0.1
8021,21,9,678.8,668.01,0.6
8022,22,9,289.65,323.68,1.7
8023,23,9,893.48,915.87,0.8
8024,24,9,473.47,455.72,1.7
8025,25,9,1017.62,1025.6,2.5
8026,26,9,148.34,150.3,1.6
8027,27,9,551.48,533.75,1.2
8028,28,9,538.82,497.8,0.5
8029,29,9,266.79,293.93,0.3
8030,30,9,507.27,528.31,0.0
8031,31,9,545.32,546.79,1.1
8032,32,9,299.71,287.45,1.0
8033,33,9,535.22,530.19,0.4
8034,34,9,302.05,303.74,1.0
8035,35,9,932.04,954.75,1.3
8036,36,9,981.84,976.68,0.6
8037,37,9,366.96,352.6,8.4
8038,38,9,522.06,527.8,8.7
8039,39,9,355.86,358.06,0.2
8040,40,9,301.45,315.91,4.5
8041,41,9,981.2,925.71,0.1
8042,42,9,284.53,270.02,0.1
8043,43,9,309.34,308.46,1.9
8044,44,9,296.04,266.95,0.8
8045,45,9,555.67,561.79,0.0
8046,46,9,838.77,816.73,0.9
8047,47,9,320.87,310.24,0.1
8048,48,9,173.86,164.03,1.0
8049,49,9,290.13,327.36,0.6
8050,50,9,315.94,306.74,0.4
8051,51,9,216.71,228.62,0.3
8052,52,9,519.04,487.66,0.6
8053,53,9,579.54,611.36,8.2
8054,54,9,331.53,316.63,0.3
8055,55,9,615.27,601.44,2.5
8056,56,9,503.77,493.68,1.9
8057,57,9,204.1,187.22,0.6
8058,58,9,258.3,237.57,0.4
8059,59,9,513.04,535.53,2.3
8060,60,9,305.83,301.19,2.6
8061,61,9,958.36,944.18,5.3
8062,62,9,974.51,1008.64,0.2
8063,63,9,1089.74,1068.05,0.1
8064,64,9,328.52,331.67,1.2
8065,65,9,359.58,319.27,0.5
8066,66,9,1045.03,1020.03,2.1
8067,67,9,291.5,293.78,0.0
8068,68,9,289.28,300.75,0.7
8069,69,9,554.91,545.45,2.4
8070,70,9,333.06,369.2,3.1
8071,71,9,566.48,543.94,0.1
8072,72,9,1085.25,1070.88,0.3
8073,73,9,505.54,489.53,5.8
8074,74,9,278.75,277.31,8.5
8075,75,9,987.55,1019.0,0.6
8076,76,9,547.64,580.97,0.0
8077,77,9,366.86,344.11,0.2
8078,78,9,548.19,525.9,5.2
8079,79,9,283.76,243.8,0.2
8080,80,9,265.79,279.22,0.5
8081,81,9,601.05,628.31,0.2
8082,82,9,293.93,289.99,0.1
8083,83,9,243.04,245.74,1.2
8084,84,9,491.11,502.2,0.0
8085,85,9,329.48,305.26,0.3
8086,86,9,650.35,647.7,0.7
8087,87,9,255.17,227.85,0.2
8088,88,9,571.85,586.41,3.4
8089,89,9,980.95,979.05,2.6
8090,90,9,232.8,225.57,0.5
8091,91,9,553.02,551.82,1.7
8092,92,9,221.17,209.35,0.8
8093,93,9,263.88,264.8,1.5
8094,94,9,344.2,332.57,1.5
8095,95,9,250.0,273.72,10.4
8096,96,9,281.7,253.25,3.7
8097,97,9,522.65,554.67,2.6
8098,98,9,661.24,668.39,4.4
8099,99,9,809.69,823.34,1.2
8100,100,9,1012.85,957.86,0.3
8101,101,9,251.24,248.25,0.7
8102,102,9,302.4,272.22,0.4
8103,103,9,280.1,281.82,0.1
8104,104,9,541.67,508.97,1.2
8105,105,9,986.72,1008.53,0.2
8106,106,9,297.54,316.43,0.8
8107,107,9,366.91,370.86,0.9
8108,108,9,286.16,266.44,1.0
8109,109,9,868.14,871.93,2.0
8110,110,9,314.37,312.74,3.0
8111,111,9,525.81,492.2,0.4
8112,112,9,255.53,258.37,1.1
8113,113,9,286.02,269.14,0.7
8114,114,9,193.27,202.06,3.1
8115,115,9,501.66,519.52,0.0
8116,116,9,647.31,626.1,0.3
8117,117,9,229.27,206.36,4.8
8118,118,9,347.28,354.21,2.7
8119,119,9,218.85,193.28,0.3
8120,120,9,246.66,257.25,0.9
8121,121,9,332.93,334.69,1.6
8122,122,9,249.79,244.02,4.1
8123,123,9,594.59,601.31,0.3
8124,124,9,998.32,991.5,0.0
8125,125,9,588.62,556.42,1.1
8126,126,9,565.0,545.65,2.1
8127,127,9,892.33,912.76,5.8
8128,128,9,1015.68,1018.87,3.1
8129,129,9,377.37,391.45,3.2
8130,130,9,247.06,246.64,1.0
8131,131,9,207.23,193.96,1.3
8132,132,9,883.45,895.75,0.8
8133,133,9,300.22,305.06,0.1
8134,134,9,289.91,266.74,1.3
8135,135,9,530.38,555.27,0.0
8136,136,9,566.71,589.76,0.7
8137,137,9,504.28,484.66,1.6
8138,138,9,719.65,724.82,1.0
8139,139,9,572.74,588.07,1.4
8140,140,9,1081.0,1079.12,0.6
8141,141,9,334.21,374.0,0.6
8142,142,9,972.99,965.18,1.9
8143,143,9,502.69,502.0,0.1
8144,144,9,255.47,302.57,4.7
8145,145,9,827.28,806.59,0.5
8146,146,9,1000.0,1001.24,5.0
8147,147,9,898.56,909.09,0.3
8148,148,9,984.97,998.67,1.0
8149,149,9,348.25,332.83,0.3
8150,150,9,339.63,362.89,1.3
8151,151,9,279.89,278.12,0.4
8152,152,9,804.12,792.51,0.4
8153,153,9,914.93,933.84,1.6
8154,154,9,923.78,899.69,3.0
8155,155,9,902.22,902.47,0.4
8156,156,9,621.61,616.88,4.1
8157,157,9,287.25,283.54,3.0
8158,158,9,260.14,277.58,1.3
8159,159,9,331.91,323.16,2.4
8160,160,9,564.01,547.92,0.3
8161,161,9,319.18,296.42,5.4
8162,162,9,1024.38,1053.96,0.1
8163,163,9,616.38,581.01,2.0
8164,164,9,310.55,310.74,0.2
8165,165,9,956.35,965.21,0.4
8166,166,9,525.63,524.23,0.1
8167,167,9,596.87,597.29,0.6
8168,168,9,268.26,267.86,2.2
8169,169,9,259.24,250.27,1.5
8170,170,9,295.5,308.26,0.8
8171,171,9,644.41,595.69,4.3
8172,172,9,658.38,670.21,0.0
8173,173,9,1069.61,1099.86,0.5
8174,174,9,886.6,882.18,0.5
8175,175,9,240.85,251.89,2.5
8176,176,9,886.07,876.58,0.2
8177,177,9,272.71,276.41,1.1
8178,178,9,287.08,266.79,3.2
8179,179,9,514.23,513.09,0.4
8180,180,9,934.59,951.62,3.4
8181,181,9,1023.17,983.64,1.1
8182,182,9,885.89,873.86,1.6
8183,183,9,353.74,340.41,6.7
8184,184,9,300.05,348.73,0.4
8185,185,9,351.54,363.41,0.7
8186,186,9,541.5,535.21,1.0
8187,187,9,327.72,364.94,0.3
8188,188,9,288.8,310.45,2.8
8189,189,9,324.75,312.96,0.9
8190,190,9,530.16,531.45,3.0
8191,191,9,676.58,704.3,2.3
8192,192,9,224.4,244.68,1.9
8193,193,9,311.82,311.45,1.9
8194,194,9,604.94,617.32,0.2
8195,195,9,548.08,556.76,5.7
8196,196,9,396.6,414.14,0.4
8197,197,9,391.43,377.95,0.1
8198,198,9,895.31,877.16,1.1
8199,199,9,607.84,607.64,1.4
8200,200,9,317.57,285.91,1.5
8201,201,9,590.03,623.93,1.5
8202,202,9,607.3,612.86,0.7
8203,203,9,327.94,311.29,0.1
8204,204,9,312.26,305.65,0.7
8205,205,9,1112.86,1077.68,0.3
8206,206,9,581.26,572.78,7.7
8207,207,9,281.43,306.9,3.1
8208,208,9,571.38,534.91,0.3
8209,209,9,361.17,333.58,0.3
8210,210,9,531.38,528.67,4.2
8211,211,9,278.51,307.5,0.9
8212,212,9,287.02,291.4,1.2
8213,213,9,316.78,294.57,0.1
8214,214,9,890.39,888.5,0.2
8215,215,9,533.15,526.38,1.9
8216,216,9,1004.25,989.46,0.0
8217,217,9,278.78,253.61,0.5
8218,218,9,700.0,696.53,0.5
8219,219,9,314.2,302.68,0.4
8220,220,9,662.36,645.33,0.8
8221,221,9,330.54,327.94,0.2
8222,222,9,598.28,602.32,0.7
8223,223,9,327.52,328.63,0.5
8224,224,9,264.14,264.49,2.4
8225,225,9,653.66,681.49,0.7
8226,226,9,423.3,451.81,2.5
8227,227,9,271.23,285.87,0.5
8228,228,9,934.87,962.81,0.6
8229,229,9,298.74,351.51,0.3
8230,230,9,624.3,617.76,0.0
8231,231,9,951.05,979.68,0.5
8232,232,9,491.11,484.69,0.3
8233,233,9,274.54,296.67,4.0
8234,234,9,584.08,603.51,0.5
8235,235,9,560.74,568.08,8.1
8236,236,9,310.54,324.2,0.2
8237,237,9,608.18,631.31,0.0
8238,238,9,890.48,900.21,2.8
8239,239,9,292.65,312.35,2.6
8240,240,9,316.4,308.06,7.3
8241,241,9,527.02,533.49,4.0
8242,242,9,314.82,305.29,0.3
8243,243,9,609.15,580.85,2.0
8244,244,9,216.77,222.36,0.9
8245,245,9,280.09,294.23,0.1
8246,246,9,508.78,504.29,0.1
8247,247,9,980.27,985.49,3.9
8248,248,9,343.81,399.07,0.1
8249,249,9,993.78,997.85,0.9
8250,250,9,323.45,349.88,0.3
8251,251,9,347.4,356.89,0.4
8252,252,9,520.17,520.69,10.4
8253,253,9,249.58,237.13,2.4
8254,254,9,528.25,515.1,0.5
8255,255,9,281.08,242.7,0.1
8256,256,9,379.81,370.18,0.0
8257,257,9,300.61,259.55,0.9
8258,258,9,1032.11,1042.22,0.3
8259,259,9,940.42,948.89,1.2
8260,260,9,249.32,258.52,0.4
8261,261,9,308.35,305.56,0.4
8262,262,9,1001.81,1004.51,1.7
8263,263,9,303.52,302.57,1.8
8264,264,9,873.73,883.29,0.1
8265,265,9,604.23,614.26,0.5
8266,266,9,767.83,752.47,1.8
8267,267,9,322.25,353.34,1.0
8268,268,9,224.7,236.97,1.5
8269,269,9,237.84,216.8,0.4
8270,270,9,339.9,349.85,1.1
8271,271,9,326.97,353.2,0.3
8272,272,9,909.56,887.52,0.7
8273,273,9,388.16,339.83,1.8
8274,274,9,330.75,308.23,0.7
8275,275,9,266.75,303.54,0.5
8276,276,9,324.96,302.94,0.2
8277,277,9,584.7,597.13,1.5
8278,278,9,326.1,324.02,1.0
8279,279,9,613.05,658.79,1.1
8280,280,9,1018.0,1043.33,1.3
8281,281,9,226.88,234.72,1.3
8282,282,9,602.07,594.29,0.7
8283,283,9,251.76,272.67,2.4
8284,284,9,247.79,210.56,0.4
8285,285,9,839.74,825.16,2.5
8286,286,9,969.75,975.26,1.2
8287,287,9,283.84,250.22,4.0
8288,288,9,228.4,228.39,0.3
8289,289,9,271.07,238.11,0.1
8290,290,9,546.82,551.44,0.1
8291,291,9,608.68,604.39,0.1
8292,292,9,257.79,253.85,1.3
8293,293,9,978.42,984.33,1.3
8294,294,9,576.47,574.2,0.1
8295,295,9,302.36,317.34,2.0
8296,296,9,994.79,973.57,0.3
8297,297,9,612.93,581.55,0.3
8298,298,9,370.15,401.26,0.1
8299,299,9,655.66,638.61,0.5
8300,300,9,1073.83,1068.14,2.0
8301,301,9,1067.43,1081.14,2.2
8302,302,9,339.43,324.45,0.2
8303,303,9,541.34,511.56,1.8
8304,304,9,876.67,876.68,0.2
8305,305,9,1006.92,987.34,0.5
8306,306,9,332.06,368.7,0.3
8307,307,9,476.39,482.07,1.7
8308,308,9,1031.87,1060.56,0.8
8309,309,9,287.62,282.46,1.9
8310,310,9,391.35,403.25,0.8
8311,311,9,529.64,521.53,0.2
8312,312,9,560.54,547.01,1.0
8313,313,9,483.04,458.31,0.1
8314,314,9,275.61,288.16,0.0
8315,315,9,712.19,723.71,0.7
8316,316,9,281.94,269.39,0.4
8317,317,9,1004.05,992.6,1.0
8318,318,9,326.51,341.56,0.3
8319,319,9,293.19,283.84,0.1
8320,320,9,966.44,960.01,11.0
8321,321,9,618.61,658.91,0.1
8322,322,9,256.72,256.55,1.4
8323,323,9,294.3,279.4,0.2
8324,324,9,604.29,593.01,1.6
8325,325,9,940.89,969.78,1.9
8326,326,9,363.93,365.57,2.4
8327,327,9,964.98,960.85,2.8
8328,328,9,300.95,270.93,0.3
8329,329,9,636.51,590.95,0.4
8330,330,9,269.26,283.91,1.1
8331,331,9,227.13,192.35,0.2
8332,332,9,992.76,987.43,0.0
8333,333,9,235.25,217.33,4.7
8334,334,9,917.41,931.06,1.0
8335,335,9,316.31,311.91,0.5
8336,336,9,250.32,267.96,3.4
8337,337,9,918.68,923.61,0.8
8338,338,9,567.54,578.21,0.5
8339,339,9,223.35,237.13,1.3
8340,340,9,701.78,718.71,0.5
8341,341,9,224.0,252.33,1.9
8342,342,9,935.03,934.08,0.0
8343,343,9,309.74,280.55,1.4
8344,344,9,612.43,613.5,0.7
8345,345,9,299.13,300.18,0.4
8346,346,9,699.06,703.01,0.9
8347,347,9,864.13,846.79,1.9
8348,348,9,970.08,980.45,2.4
8349,349,9,379.44,361.3,1.7
8350,350,9,328.66,351.93,2.8
8351,351,9,339.0,359.44,1.2
8352,352,9,921.03,949.22,0.3
8353,353,9,302.0,298.16,1.9
8354,354,9,607.2,581.97,0.9
8355,355,9,308.48,312.8,1.7
8356,356,9,969.75,983.96,0.3
8357,357,9,513.68,485.48,0.5
8358,358,9,647.35,626.94,0.7
8359,359,9,849.87,876.83,2.0
8360,360,9,959.01,990.75,1.5
8361,361,9,539.23,551.64,0.2
8362,362,9,578.46,580.16,0.2
8363,363,9,568.3,546.25,0.5
8364,364,9,312.24,325.65,1.5
8365,365,9,273.76,256.16,0.1
8366,366,9,602.04,647.59,1.1
8367,367,9,551.56,580.07,0.8
8368,368,9,330.2,315.68,1.3
8369,369,9,214.91,223.56,2.0
8370,370,9,619.95,605.44,0.3
8371,371,9,257.68,263.32,0.7
8372,372,9,576.82,597.19,0.1
8373,373,9,585.22,588.7,0.1
8374,374,9,280.47,278.57,0.7
8375,375,9,307.18,321.07,0.7
8376,376,9,306.09,321.65,2.1
8377,377,9,270.31,247.72,0.4
8378,378,9,675.44,668.55,3.9
8379,379,9,634.4,634.23,2.0
8380,380,9,1014.11,1016.08,1.6
8381,381,9,316.94,352.41,1.3
8382,382,9,563.73,556.95,0.1
8383,383,9,407.74,401.22,3.5
8384,384,9,802.93,788.9,0.4
8385,385,9,274.19,280.9,0.5
8386,386,9,555.44,521.87,0.7
8387,387,9,524.5,520.4,18.6
8388,388,9,234.84,244.82,0.6
8389,389,9,912.39,925.86,1.2
8390,390,9,358.42,370.1,0.3
8391,391,9,226.83,219.39,3.7
8392,392,9,550.95,544.69,0.7
8393,393,9,599.86,602.97,1.7
8394,394,9,279.96,278.59,2.5
8395,395,9,276.79,274.79,1.1
8396,396,9,261.99,246.66,1.2
8397,397,9,943.95,941.55,0.1
8398,398,9,462.81,427.6,1.4
8399,399,9,315.18,319.99,1.6
8400,400,9,296.26,283.13,2.0
8401,401,9,859.44,863.57,2.1
8402,402,9,979.42,983.54,0.4
8403,403,9,260.53,265.3,0.6
8404,404,9,582.72,571.39,1.6
8405,405,9,190.49,215.75,0.5
8406,406,9,271.86,239.55,0.7
8407,407,9,922.61,945.23,3.7
8408,408,9,902.14,904.49,0.3
8409,409,9,348.71,334.35,1.5
8410,410,9,948.77,970.38,0.3
8411,411,9,565.94,587.8,0.7
8412,412,9,605.65,593.19,0.3
8413,413,9,550.07,597.68,0.4
8414,414,9,478.74,475.88,0.7
8415,415,9,977.68,962.95,3.2
8416,416,9,311.42,303.94,1.7
8417,417,9,468.38,440.34,1.3
8418,418,9,293.16,273.38,6.2
8419,419,9,814.79,783.82,0.1
8420,420,9,248.7,269.6,0.0
8421,421,9,232.09,231.64,0.7
8422,422,9,557.83,554.73,0.1
8423,423,9,387.09,362.73,0.6
8424,424,9,312.25,301.49,1.2
8425,425,9,181.48,150.01,0.9
8426,426,9,582.62,564.55,0.1
8427,427,9,289.27,273.16,0.8
8428,428,9,243.95,262.86,3.7
8429,429,9,616.68,605.73,0.2
8430,430,9,1042.99,1069.19,0.3
8431,431,9,565.58,540.17,11.4
8432,432,9,216.81,202.7,1.3
8433,433,9,763.65,771.15,0.7
8434,434,9,965.72,962.54,3.1
8435,435,9,591.22,584.67,0.0
8436,436,9,573.2,576.63,0.2
8437,437,9,264.84,257.85,5.0
8438,438,9,564.66,523.92,0.5
8439,439,9,622.14,580.4,5.3
8440,440,9,308.98,350.56,1.0
8441,441,9,288.85,317.8,0.3
8442,442,9,239.57,255.58,0.3
8443,443,9,544.27,551.35,0.2
8444,444,9,272.88,272.83,5.2
8445,445,9,512.49,524.27,2.8
8446,446,9,851.61,837.34,1.4
8447,447,9,230.96,224.59,0.3
8448,448,9,354.24,374.24,1.5
8449,449,9,305.14,323.1,0.1
8450,450,9,325.26,327.77,3.9
8451,451,9,1005.58,996.54,1.9
8452,452,9,604.3,629.16,4.2
8453,453,9,898.69,884.6,0.6
8454,454,9,950.76,957.62,0.7
8455,455,9,355.21,394.5,0.5
8456,456,9,540.34,548.2,0.9
8457,457,9,265.44,265.41,0.1
8458,458,9,326.6,303.61,1.6
8459,459,9,277.08,287.11,4.2
8460,460,9,257.12,238.01,0.2
8461,461,9,500.16,470.26,1.2
8462,462,9,615.08,609.36,0.0
8463,463,9,309.29,301.97,0.0
8464,464,9,356.1,343.93,0.3
8465,465,9,584.5,585.13,2.0
8466,466,9,554.46,558.71,0.3
8467,467,9,670.98,682.1,0.7
8468,468,9,313.45,327.21,0.4
8469,469,9,275.62,299.67,0.1
8470,470,9,468.85,463.33,0.2
8471,471,9,558.41,567.57,1.5
8472,472,9,221.67,184.91,0.0
8473,473,9,285.78,289.46,0.3
8474,474,9,273.58,269.27,0.1
8475,475,9,679.15,651.01,0.2
8476,476,9,220.43,211.97,0.2
8477,477,9,540.93,534.91,0.3
8478,478,9,1011.23,1020.04,2.8
8479,479,9,276.31,275.91,7.6
8480,480,9,144.2,139.15,2.8
8481,481,9,212.23,194.27,0.8
8482,482,9,242.95,264.63,0.8
8483,483,9,1013.46,1063.27,0.7
8484,484,9,1093.39,1091.82,0.5
8485,485,9,236.53,235.06,4.7
8486,486,9,940.94,950.29,0.2
8487,487,9,244.3,217.82,6.3
8488,488,9,630.66,610.09,0.2
8489,489,9,675.43,685.76,0.9
8490,490,9,307.53,324.58,0.9
8491,491,9,597.55,595.37,0.9
8492,492,9,557.07,561.38,0.0
8493,493,9,299.41,291.36,1.5
8494,494,9,1068.04,1078.39,3.0
8495,495,9,278.97,270.37,1.6
8496,496,9,176.99,171.86,1.1
8497,497,9,981.0,1036.5,0.3
8498,498,9,256.54,260.76,2.5
8499,499,9,197.54,189.41,0.7
8500,500,9,310.6,323.65,0.3
8501,501,9,324.3,299.07,0.2
8502,502,9,391.99,366.7,5.7
8503,503,9,209.14,191.62,0.6
8504,504,9,571.97,605.97,1.4
8505,505,9,347.34,340.69,0.2
8506,506,9,871.23,876.05,0.1
8507,507,9,853.79,847.51,0.3
8508,508,9,245.75,267.03,1.3
8509,509,9,953.67,942.82,0.5
8510,510,9,903.16,883.82,0.4
8511,511,9,873.93,882.9,0.3
8512,512,9,663.58,649.86,21.5
8513,513,9,278.96,273.61,0.2
8514,514,9,204.31,202.56,2.0
8515,515,9,987.8,991.47,0.2
8516,516,9,623.01,625.8,0.6
8517,517,9,965.29,927.17,0.8
8518,518,9,615.71,590.93,1.0
8519,519,9,373.7,354.6,5.6
8520,520,9,231.1,241.16,0.6
8521,521,9,977.81,990.99,0.2
8522,522,9,376.25,376.25,2.6
8523,523,9,450.57,422.33,3.0
8524,524,9,896.68,907.09,2.8
8525,525,9,360.45,383.87,0.0
8526,526,9,323.73,337.99,0.1
8527,527,9,568.81,588.59,0.7
8528,528,9,981.61,958.79,1.5
8529,529,9,464.91,458.1,0.6
8530,530,9,367.66,401.87,0.1
8531,531,9,239.0,223.63,0.4
8532,532,9,217.78,219.48,0.2
8533,533,9,318.39,286.79,0.1
8534,534,9,274.35,260.45,0.8
8535,535,9,1009.33,984.21,4.4
8536,536,9,320.54,299.62,1.0
8537,537,9,1087.91,1095.2,0.2
8538,538,9,1020.69,1034.93,2.3
8539,539,9,482.86,502.41,0.6
8540,540,9,632.82,624.41,0.7
8541,541,9,231.67,228.1,0.9
8542,542,9,644.66,640.62,2.3
8543,543,9,302.23,329.29,0.4
8544,544,9,271.17,296.6,1.2
8545,545,9,509.97,521.04,0.4
8546,546,9,186.46,188.14,5.8
8547,547,9,201.54,202.34,3.1
8548,548,9,686.29,688.69,1.6
8549,549,9,241.59,219.07,0.2
8550,550,9,285.27,287.33,0.7
8551,551,9,266.9,232.86,1.9
8552,552,9,272.65,269.43,0.4
8553,553,9,596.76,590.65,1.1
8554,554,9,681.19,665.92,0.1
8555,555,9,328.23,323.6,3.3
8556,556,9,587.34,621.82,0.5
8557,557,9,1063.83,1047.83,0.4
8558,558,9,510.61,516.37,0.5
8559,559,9,587.18,599.92,1.4
8560,560,9,611.86,572.61,0.3
8561,561,9,1043.49,1059.07,0.5
8562,562,9,941.69,927.85,1.0
8563,563,9,263.28,245.41,0.1
8564,564,9,255.51,262.64,0.7
8565,565,9,232.78,240.62,0.1
8566,566,9,553.15,576.8,0.3
8567,567,9,269.74,250.04,4.2
8568,568,9,839.45,818.45,5.6
8569,569,9,320.57,310.42,0.2
8570,570,9,623.39,639.68,3.1
8571,571,9,246.01,240.29,1.8
8572,572,9,244.51,194.66,2.4
8573,573,9,258.81,254.03,1.2
8574,574,9,560.24,554.37,0.6
8575,575,9,242.23,224.86,6.0
8576,576,9,326.22,336.19,9.5
8577,577,9,443.98,448.74,0.0
8578,578,9,1100.15,1104.96,2.8
8579,579,9,521.43,510.77,5.2
8580,580,9,648.31,634.7,1.2
8581,581,9,342.42,319.6,0.1
8582,582,9,1029.85,1036.93,4.1
8583,583,9,362.99,382.64,0.8
8584,584,9,944.88,954.49,1.1
8585,585,9,991.18,984.45,2.2
8586,586,9,256.36,253.66,6.5
8587,587,9,182.07,175.83,0.3
8588,588,9,537.64,544.47,4.4
8589,589,9,658.0,661.21,1.6
8590,590,9,560.81,572.82,4.9
8591,591,9,1098.18,1119.46,0.7
8592,592,9,703.29,699.83,1.1
8593,593,9,448.76,435.48,1.1
8594,594,9,694.27,648.92,0.8
8595,595,9,354.37,369.74,0.1
8596,596,9,615.26,595.04,0.0
8597,597,9,959.9,957.21,0.7
8598,598,9,282.37,278.02,0.8
8599,599,9,849.15,795.6,0.3
8600,600,9,1006.48,1025.56,7.9
8601,601,9,286.12,307.09,1.5
8602,602,9,926.92,930.47,0.6
8603,603,9,530.12,505.22,0.0
8604,604,9,285.46,283.07,0.4
8605,605,9,264.36,274.68,6.4
8606,606,9,242.58,231.39,0.8
8607,607,9,562.27,595.25,0.4
8608,608,9,252.35,253.54,0.2
8609,609,9,319.05,346.72,0.9
8610,610,9,941.13,923.09,0.2
8611,611,9,657.02,679.44,1.6
8612,612,9,609.3,622.52,1.4
8613,613,9,895.12,882.23,1.1
8614,614,9,291.57,293.23,0.6
8615,615,9,210.98,224.96,3.4
8616,616,9,615.9,592.22,0.2
8617,617,9,341.46,302.32,0.6
8618,618,9,313.69,285.89,1.6
8619,619,9,478.25,469.86,5.8
8620,620,9,223.05,218.41,0.0
8621,621,9,572.16,564.15,0.3
8622,622,9,601.41,576.05,1.0
8623,623,9,549.04,569.83,0.3
8624,624,9,260.27,274.59,0.2
8625,625,9,226.35,237.88,1.4
8626,626,9,964.8,961.76,0.9
8627,627,9,961.42,990.51,0.2
8628,628,9,345.78,354.42,0.9
8629,629,9,349.63,324.26,0.1
8630,630,9,491.85,507.2,1.1
8631,631,9,336.66,322.05,1.7
8632,632,9,298.38,264.12,2.0
8633,633,9,240.02,272.55,0.0
8634,634,9,294.81,286.74,3.4
8635,635,9,316.04,292.8,1.9
8636,636,9,307.16,312.82,0.4
8637,637,9,867.8,876.5,0.2
8638,638,9,259.73,250.45,0.5
8639,639,9,297.73,264.76,0.2
8640,640,9,340.18,325.77,0.0
8641,641,9,869.0,880.72,0.3
8642,642,9,244.55,267.29,0.0
8643,643,9,274.13,328.59,0.9
8644,644,9,582.88,545.3,0.1
8645,645,9,603.85,604.6,0.5
8646,646,9,1029.22,1017.99,8.2
8647,647,9,230.6,232.14,1.8
8648,648,9,302.9,270.3,0.4
8649,649,9,261.89,271.67,1.4
8650,650,9,503.06,497.97,0.6
8651,651,9,384.4,393.72,0.9
8652,652,9,217.63,160.42,0.8
8653,653,9,242.27,254.27,2.7
8654,654,9,935.27,901.98,1.1
8655,655,9,260.66,264.19,1.7
8656,656,9,316.27,356.39,9.2
8657,657,9,957.11,923.61,0.2
8658,658,9,504.19,499.75,0.2
8659,659,9,632.15,626.88,0.5
8660,660,9,615.53,615.45,2.8
8661,661,9,322.98,294.14,0.0
8662,662,9,1034.76,1029.21,0.1
8663,663,9,155.19,164.11,0.0
8664,664,9,995.17,1002.75,1.6
8665,665,9,245.1,225.74,0.4
8666,666,9,501.78,473.56,2.4
8667,667,9,571.82,574.29,0.7
8668,668,9,238.22,241.82,2.2
8669,669,9,393.63,415.85,0.0
8670,670,9,502.18,517.44,1.2
8671,671,9,232.58,266.33,1.0
8672,672,9,1037.12,1029.14,2.7
8673,673,9,267.83,263.32,3.4
8674,674,9,614.37,609.37,0.4
8675,675,9,504.38,485.81,0.7
8676,676,9,291.87,312.27,0.2
8677,677,9,525.41,544.19,0.0
8678,678,9,547.18,543.8,1.8
8679,679,9,599.53,623.05,0.4
8680,680,9,679.72,669.57,7.4
8681,681,9,588.87,572.79,0.1
8682,682,9,237.42,267.29,2.2
8683,683,9,272.88,283.88,0.1
8684,684,9,372.49,393.76,0.1
8685,685,9,538.49,542.09,6.4
8686,686,9,813.64,816.92,2.7
8687,687,9,191.75,208.77,0.7
8688,688,9,557.5,550.44,0.5
8689,689,9,310.51,317.54,8.5
8690,690,9,537.59,575.98,0.5
8691,691,9,624.74,632.83,0.3
8692,692,9,590.23,557.24,0.3
8693,693,9,668.87,664.62,1.1
8694,694,9,605.73,598.67,8.7
8695,695,9,302.88,299.34,1.1
8696,696,9,590.64,583.75,1.3
8697,697,9,216.55,227.4,2.5
8698,698,9,994.75,976.23,6.5
8699,699,9,514.99,513.71,4.4
8700,700,9,279.74,283.1,0.9
8701,701,9,202.58,253.96,2.0
8702,702,9,243.08,248.09,0.5
8703,703,9,1019.02,997.01,1.1
8704,704,9,322.86,297.5,11.9
8705,705,9,658.31,675.31,0.9
8706,706,9,337.08,371.24,1.3
8707,707,9,536.36,507.84,4.6
8708,708,9,569.47,581.51,0.1
8709,709,9,288.93,267.83,0.0
8710,710,9,606.34,604.65,0.6
8711,711,9,287.93,313.67,1.3
8712,712,9,946.9,944.05,1.9
8713,713,9,317.1,306.93,0.2
8714,714,9,647.07,704.25,0.1
8715,715,9,334.61,373.28,0.8
8716,716,9,660.67,660.28,1.3
8717,717,9,415.42,418.79,0.6
8718,718,9,634.15,626.22,0.7
8719,719,9,275.94,285.28,0.5
8720,720,9,324.59,296.9,1.1
8721,721,9,1022.44,1038.67,4.1
8722,722,9,329.68,284.99,7.5
8723,723,9,373.75,392.35,0.6
8724,724,9,463.31,469.63,2.5
8725,725,9,337.22,311.93,0.4
8726,726,9,1091.52,1116.83,4.6
8727,727,9,327.4,316.19,1.3
8728,728,9,977.18,1000.36,3.3
8729,729,9,986.92,947.21,0.4
8730,730,9,284.35,259.46,2.6
8731,731,9,283.81,265.21,4.3
8732,732,9,630.68,629.15,1.1
8733,733,9,635.04,639.93,1.3
8734,734,9,330.33,335.51,0.5
8735,735,9,326.72,295.95,1.8
8736,736,9,338.33,319.36,0.1
8737,737,9,520.39,506.18,2.5
8738,738,9,640.61,606.11,0.3
8739,739,9,372.33,366.86,0.3
8740,740,9,567.79,542.32,0.3
8741,741,9,673.97,663.15,0.0
8742,742,9,810.16,807.88,0.5
8743,743,9,267.76,272.21,9.7
8744,744,9,266.94,259.79,0.1
8745,745,9,312.77,309.49,0.4
8746,746,9,612.92,612.3,0.3
8747,747,9,294.04,298.13,0.4
8748,748,9,339.68,270.24,2.2
8749,749,9,647.45,634.16,0.1
8750,750,9,567.49,580.76,1.7
8751,751,9,259.66,223.03,1.3
8752,752,9,335.68,357.6,6.4
8753,753,9,256.87,258.93,0.9
8754,754,9,304.5,309.25,1.9
8755,755,9,365.53,377.16,1.3
8756,756,9,274.0,282.77,0.6
8757,757,9,341.69,360.13,0.2
8758,758,9,1025.19,1038.56,0.3
8759,759,9,941.27,926.79,1.7
8760,760,9,310.08,298.44,1.9
8761,761,9,686.63,712.03,1.1
8762,762,9,326.68,342.03,2.8
8763,763,9,1034.49,1055.72,0.8
8764,764,9,1079.04,1066.64,0.6
8765,765,9,584.53,568.98,1.3
8766,766,9,519.32,527.25,0.3
8767,767,9,387.42,392.29,0.1
8768,768,9,305.83,323.13,0.1
8769,769,9,326.5,340.91,0.2
8770,770,9,260.88,256.41,3.7
8771,771,9,618.43,659.46,0.1
8772,772,9,244.15,250.57,0.9
8773,773,9,302.19,308.84,0.1
8774,774,9,566.6,516.0,8.3
8775,775,9,471.85,464.41,0.5
8776,776,9,583.84,544.5,8.2
8777,777,9,460.11,422.98,0.6
8778,778,9,799.85,808.04,1.5
8779,779,9,338.12,340.76,2.1
8780,780,9,554.74,571.66,2.2
8781,781,9,245.29,267.37,5.9
8782,782,9,310.07,314.57,0.1
8783,783,9,811.83,829.06,0.7
8784,784,9,335.1,334.79,0.4
8785,785,9,249.24,279.1,0.5
8786,786,9,282.74,286.57,0.6
8787,787,9,944.72,964.45,0.1
8788,788,9,1126.98,1142.76,1.1
8789,789,9,261.06,258.3,3.2
8790,790,9,610.33,624.98,7.9
8791,791,9,287.36,286.51,3.6
8792,792,9,523.34,543.01,0.7
8793,793,9,197.36,199.0,0.4
8794,794,9,268.95,247.09,0.3
8795,795,9,636.97,639.05,0.2
8796,796,9,981.9,984.74,0.4
8797,797,9,287.44,300.0,0.3
8798,798,9,344.54,350.31,0.3
8799,799,9,814.88,820.2,3.0
8800,800,9,265.11,312.28,0.8
8801,801,9,223.31,225.48,0.5
8802,802,9,615.04,560.31,0.2
8803,803,9,294.95,287.49,2.4
8804,804,9,321.84,322.33,0.2
8805,805,9,229.65,242.45,3.0
8806,806,9,289.41,296.43,0.3
8807,807,9,535.08,538.18,0.2
8808,808,9,986.69,990.57,5.1
8809,809,9,317.13,298.31,0.0
8810,810,9,553.81,538.24,0.9
8811,811,9,196.1,228.81,0.5
8812,812,9,265.01,259.62,0.6
8813,813,9,518.45,527.67,8.1
8814,814,9,234.21,247.04,0.5
8815,815,9,537.67,541.47,0.4
8816,816,9,226.69,229.82,0.7
8817,817,9,583.89,583.45,0.6
8818,818,9,1000.29,966.74,0.3
8819,819,9,272.42,289.53,0.2
8820,820,9,1010.37,1005.81,0.3
8821,821,9,252.12,253.21,0.2
8822,822,9,306.94,304.32,0.3
8823,823,9,224.47,253.25,0.8
8824,824,9,930.7,911.66,1.3
8825,825,9,573.73,567.18,0.6
8826,826,9,930.13,936.11,0.7
8827,827,9,626.22,646.21,0.0
8828,828,9,151.12,145.76,3.7
8829,829,9,910.54,904.8,0.3
8830,830,9,911.77,925.61,3.8
8831,831,9,581.93,590.14,0.0
8832,832,9,593.59,609.84,7.4
8833,833,9,981.4,968.1,1.9
8834,834,9,275.43,272.9,0.1
8835,835,9,983.25,981.31,0.2
8836,836,9,960.33,992.83,0.4
8837,837,9,558.51,590.35,0.8
8838,838,9,267.48,261.65,0.5
8839,839,9,221.81,185.0,0.4
8840,840,9,975.15,936.36,1.1
8841,841,9,1013.08,1010.83,2.2
8842,842,9,523.68,511.47,0.7
8843,843,9,981.99,1010.72,3.4
8844,844,9,569.38,593.86,0.1
8845,845,9,1099.26,1136.05,0.1
8846,846,9,231.29,240.26,2.3
8847,847,9,247.51,199.37,0.9
8848,848,9,465.34,456.42,0.2
8849,849,9,254.55,229.83,0.7
8850,850,9,312.51,328.49,0.8
8851,851,9,554.71,536.06,1.1
8852,852,9,331.01,339.99,1.0
8853,853,9,612.55,605.22,2.9
8854,854,9,290.36,279.02,0.0
8855,855,9,982.59,1025.01,3.6
8856,856,9,311.16,314.59,1.7
8857,857,9,558.93,550.95,0.8
8858,858,9,571.1,561.99,1.3
8859,859,9,289.57,293.22,3.4
8860,860,9,284.47,308.4,0.8
8861,861,9,276.09,317.7,2.5
8862,862,9,259.54,251.88,0.0
8863,863,9,295.34,282.99,0.4
8864,864,9,339.98,356.76,0.4
8865,865,9,508.29,514.17,0.2
8866,866,9,305.33,285.42,1.6
8867,867,9,308.21,275.26,0.1
8868,868,9,269.38,244.36,1.2
8869,869,9,213.63,204.64,3.2
8870,870,9,525.13,553.4,0.9
8871,871,9,530.71,500.49,3.0
8872,872,9,510.55,515.3,0.1
8873,873,9,253.95,261.08,0.9
8874,874,9,274.19,295.11,6.5
8875,875,9,215.36,192.5,1.7
8876,876,9,549.9,536.42,3.9
8877,877,9,242.79,252.21,0.8
8878,878,9,1036.9,1055.33,0.3
8879,879,9,622.96,624.53,0.3
8880,880,9,515.53,520.65,0.2
8881,881,9,554.71,569.01,3.0
8882,882,9,762.55,727.66,2.2
8883,883,9,234.68,223.81,0.7
8884,884,9,260.93,244.73,0.8
8885,885,9,960.8,962.13,1.5
8886,886,9,598.49,571.71,1.4
8887,887,9,283.71,272.87,0.1
8888,888,9,344.04,338.28,0.7
8889,889,9,270.58,272.36,1.8
8890,890,9,823.23,841.92,0.4
8891,891,9,333.35,381.18,0.3
8892,892,9,276.58,280.07,1.7
8893,893,9,286.65,264.57,0.3
8894,894,9,1091.33,1098.66,1.1
8895,895,9,596.49,594.83,1.8
8896,896,9,260.53,268.93,0.5
8897,897,9,964.7,967.39,0.6
8898,898,9,365.33,346.26,1.3
8899,899,9,548.41,559.06,0.0
8900,900,9,510.19,530.82,0.2
8901,901,9,332.81,339.23,4.2
8902,902,9,643.0,662.87,0.5
8903,903,9,1026.49,1028.91,3.6
8904,904,9,343.2,322.71,2.3
8905,905,9,321.57,327.87,0.4
8906,906,9,1026.74,1026.76,1.0
8907,907,9,249.3,253.01,0.7
8908,908,9,689.52,685.02,2.0
8909,909,9,237.32,232.95,1.2
8910,910,9,862.3,872.57,1.8
8911,911,9,532.16,552.51,0.3
8912,912,9,894.68,862.95,0.3
8913,913,9,270.44,279.36,0.3
8914,914,9,905.21,935.41,0.5
8915,915,9,554.48,571.06,0.3
8916,916,9,551.18,552.11,11.1
8917,917,9,567.65,568.11,3.8
8918,918,9,350.25,349.08,0.1
8919,919,9,533.39,565.3,0.1
8920,920,9,230.67,229.04,0.0
8921,921,9,342.04,325.0,3.6
8922,922,9,602.88,603.42,2.1
8923,923,9,260.57,243.22,1.1
8924,924,9,650.12,664.07,0.0
8925,925,9,259.3,241.03,0.8
8926,926,9,273.03,312.03,2.6
8927,927,9,481.84,500.07,0.0
8928,928,9,281.59,257.88,1.4
8929,929,9,1065.98,1066.6,2.5
8930,930,9,868.25,841.21,0.1
8931,931,9,215.36,208.52,0.2
8932,932,9,230.72,259.94,0.2
8933,933,9,313.72,283.34,2.3
8934,934,9,568.28,544.63,0.3
8935,935,9,268.53,262.03,4.5
8936,936,9,872.35,872.34,1.1
8937,937,9,985.88,983.34,0.3
8938,938,9,308.09,282.59,0.6
8939,939,9,581.07,532.01,2.4
8940,940,9,293.61,315.37,0.3
8941,941,9,520.76,524.98,0.7
8942,942,9,282.6,256.14,0.9
8943,943,9,545.71,540.39,0.4
8944,944,9,249.41,240.54,1.2
8945,945,9,876.98,850.36,0.1
8946,946,9,343.25,328.68,1.5
8947,947,9,486.68,451.36,1.6
8948,948,9,931.76,921.95,0.4
8949,949,9,593.51,589.29,0.2
8950,950,9,656.36,612.81,1.1
8951,951,9,360.64,350.63,0.1
8952,952,9,244.32,239.82,0.1
8953,953,9,337.47,297.05,0.6
8954,954,9,957.82,983.86,5.3
8955,955,9,212.9,231.86,0.0
8956,956,9,243.22,264.59,0.2
8957,957,9,512.71,488.4,0.3
8958,958,9,277.74,302.03,0.7
8959,959,9,883.06,871.01,0.3
8960,960,9,289.09,315.85,0.2
8961,961,9,306.81,302.96,0.2
8962,962,9,479.0,462.07,0.2
8963,963,9,522.79,506.22,0.1
8964,964,9,877.62,902.77,0.3
8965,965,9,326.64,343.55,0.3
8966,966,9,233.77,207.94,0.1
8967,967,9,326.99,322.45,0.0
8968,968,9,365.34,339.54,3.6
8969,969,9,596.55,604.54,0.4
8970,970,9,211.31,190.52,1.1
8971,971,9,642.75,634.67,0.5
8972,972,9,1030.89,1024.85,0.6
8973,973,9,241.96,271.58,0.4
8974,974,9,540.87,511.33,0.4
8975,975,9,318.16,308.48,0.5
8976,976,9,1004.77,1018.99,0.2
8977,977,9,211.64,226.1,1.6
8978,978,9,590.11,572.22,0.5
8979,979,9,250.06,258.93,0.2
8980,980,9,235.46,257.01,3.3
8981,981,9,212.61,226.32,0.6
8982,982,9,358.52,344.07,2.8
8983,983,9,813.67,805.28,0.7
8984,984,9,268.32,242.69,1.7
8985,985,9,976.55,967.16,1.1
8986,986,9,307.09,301.14,0.3
8987,987,9,266.75,262.84,1.9
8988,988,9,302.15,307.2,0.5
8989,989,9,260.02,259.38,0.4
8990,990,9,960.99,953.09,6.7
8991,991,9,256.53,220.12,0.1
8992,992,9,944.06,940.65,2.4
8993,993,9,248.79,270.08,2.5
8994,994,9,320.47,335.38,3.3
8995,995,9,354.08,322.59,4.9
8996,996,9,585.39,578.94,0.9
8997,997,9,474.69,468.74,0.1
8998,998,9,800.95,806.1,1.6
8999,999,9,221.47,213.77,1.8
9000,1000,9,220.19,254.41,0.3
9001,1,10,244.77,249.37,0.7
9002,2,10,280.38,268.14,0.3
9003,3,10,313.36,321.9,0.8
9004,4,10,326.43,327.78,1.4
9005,5,10,447.03,433.51,10.2
9006,6,10,255.66,233.54,0.5
9007,7,10,976.09,993.86,0.1
9008,8,10,454.97,476.56,0.1
9009,9,10,317.65,309.01,0.0
9010,10,10,529.46,515.69,0.0
9011,11,10,269.84,291.15,1.6
9012,12,10,1025.52,1026.08,0.1
9013,13,10,882.07,882.68,4.5
9014,14,10,861.14,828.73,1.5
9015,15,10,641.42,637.87,0.6
9016,16,10,981.1,986.19,1.2
9017,17,10,664.97,651.06,1.0
9018,18,10,869.34,861.51,0.2
9019,19,10,230.78,227.24,0.5
9020,20,10,1020.73,1004.44,3.2
9021,21,10,678.8,693.19,0.5
9022,22,10,289.65,313.57,4.1
9023,23,10,893.48,883.98,4.0
9024,24,10,473.47,425.34,0.7
9025,25,10,1017.62,1005.21,3.0
9026,26,10,148.34,151.13,0.6
9027,27,10,551.48,543.78,1.0
9028,28,10,538.82,574.18,1.3
9029,29,10,266.79,268.15,0.2
9030,30,10,507.27,485.82,2.1
9031,31,10,545.32,549.72,3.8
9032,32,10,299.71,334.36,0.6
9033,33,10,535.22,516.52,0.5
9034,34,10,302.05,304.58,0.5
9035,35,10,932.04,958.03,0.8
9036,36,10,981.84,981.27,2.7
9037,37,10,366.96,365.62,5.0
9038,38,10,522.06,521.14,7.1
9039,39,10,355.86,374.6,2.5
9040,40,10,301.45,325.93,5.8
9041,41,10,981.2,1024.23,0.6
9042,42,10,284.53,311.1,0.6
9043,43,10,309.34,312.73,0.1
9044,44,10,296.04,279.85,0.2
9045,45,10,555.67,559.91,0.1
9046,46,10,838.77,858.55,0.5
9047,47,10,320.87,336.89,0.2
9048,48,10,173.86,168.42,4.3
9049,49,10,290.13,250.75,0.5
9050,50,10,315.94,332.75,4.5
9051,51,10,216.71,233.14,1.5
9052,52,10,519.04,524.31,1.5
9053,53,10,579.54,608.99,3.6
9054,54,10,331.53,320.61,0.5
9055,55,10,615.27,610.88,1.0
9056,56,10,503.77,490.21,3.9
9057,57,10,204.1,185.58,1.1
9058,58,10,258.3,252.28,1.3
9059,59,10,513.04,527.14,1.3
9060,60,10,305.83,305.58,7.1
9061,61,10,958.36,921.86,2.3
9062,62,10,974.51,952.52,0.1
9063,63,10,1089.74,1063.81,0.3
9064,64,10,328.52,356.02,0.4
9065,65,10,359.58,347.45,1.0
9066,66,10,1045.03,1052.2,0.2
9067,67,10,291.5,281.97,0.2
9068,68,10,289.28,264.07,4.7
9069,69,10,554.91,514.72,1.1
9070,70,10,333.06,350.69,1.2
9071,71,10,566.48,578.57,0.5
9072,72,10,1085.25,1118.68,0.4
9073,73,10,505.54,501.57,3.7
9074,74,10,278.75,301.92,4.2
9075,75,10,987.55,967.79,2.3
9076,76,10,547.64,515.72,0.1
9077,77,10,366.86,340.34,0.2
9078,78,10,548.19,588.04,0.3
9079,79,10,283.76,278.61,0.9
9080,80,10,265.79,231.24,0.7
9081,81,10,601.05,614.3,0.4
9082,82,10,293.93,289.98,0.2
9083,83,10,243.04,234.7,0.0
9084,84,10,491.11,505.62,0.6
9085,85,10,329.48,297.56,0.5
9086,86,10,650.35,675.06,3.6
9087,87,10,255.17,267.06,1.5
9088,88,10,571.85,594.18,1.1
9089,89,10,980.95,1011.08,1.5
9090,90,10,232.8,208.26,0.3
9091,91,10,553.02,559.7,0.1
9092,92,10,221.17,241.37,10.0
9093,93,10,263.88,247.77,1.6
9094,94,10,344.2,359.27,0.3
9095,95,10,250.0,250.2,2.7
9096,96,10,281.7,248.21,8.7
9097,97,10,522.65,575.39,0.4
9098,98,10,661.24,679.59,3.1
9099,99,10,809.69,819.15,0.6
9100,100,10,1012.85,1011.06,0.7
9101,101,10,251.24,255.46,0.2
9102,102,10,302.4,288.57,0.5
9103,103,10,280.1,270.95,0.7
9104,104,10,541.67,539.92,0.8
9105,105,10,986.72,977.11,0.5
9106,106,10,297.54,299.23,3.1
9107,107,10,366.91,341.01,0.1
9108,108,10,286.16,280.07,0.5
9109,109,10,868.14,859.71,0.2
9110,110,10,314.37,307.84,0.9
9111,111,10,525.81,529.31,1.3
9112,112,10,255.53,271.02,0.1
9113,113,10,286.02,299.87,0.2
9114,114,10,193.27,153.51,0.1
9115,115,10,501.66,509.39,1.0
9116,116,10,647.31,673.75,2.4
9117,117,10,229.27,258.22,2.1
9118,118,10,347.28,350.16,0.4
9119,119,10,218.85,214.51,1.0
9120,120,10,246.66,261.56,1.9
9121,121,10,332.93,299.9,0.7
9122,122,10,249.79,233.9,8.2
9123,123,10,594.59,605.53,0.2
9124,124,10,998.32,989.06,3.2
9125,125,10,588.62,601.63,0.4
9126,126,10,565.0,559.84,0.6
9127,127,10,892.33,881.08,7.6
9128,128,10,1015.68,1041.64,2.4
9129,129,10,377.37,368.07,0.7
9130,130,10,247.06,248.43,1.1
9131,131,10,207.23,198.2,0.6
9132,132,10,883.45,907.29,0.5
9133,133,10,300.22,289.0,0.4
9134,134,10,289.91,271.23,0.5
9135,135,10,530.38,531.27,2.6
9136,136,10,566.71,537.97,1.9
9137,137,10,504.28,500.14,4.3
9138,138,10,719.65,718.55,7.2
9139,139,10,572.74,576.51,0.3
9140,140,10,1081.0,1054.69,0.2
9141,141,10,334.21,328.5,0.1
9142,142,10,972.99,953.33,2.0
9143,143,10,502.69,483.6,0.2
9144,144,10,255.47,243.8,2.3
9145,145,10,827.28,799.1,0.9
9146,146,10,1000.0,995.09,0.1
9147,147,10,898.56,860.34,0.9
9148,148,10,984.97,967.41,0.3
9149,149,10,348.25,364.06,1.4
9150,150,10,339.63,343.92,2.1
9151,151,10,279.89,295.93,0.9
9152,152,10,804.12,785.59,1.0
9153,153,10,914.93,922.07,3.5
9154,154,10,923.78,950.94,0.8
9155,155,10,902.22,920.28,0.4
9156,156,10,621.61,604.6,0.5
9157,157,10,287.25,285.87,1.5
9158,158,10,260.14,267.05,3.4
9159,159,10,331.91,337.1,5.0
9160,160,10,564.01,600.46,0.5
9161,161,10,319.18,329.95,1.8
9162,162,10,1024.38,998.14,0.4
9163,163,10,616.38,623.25,2.6
9164,164,10,310.55,324.77,0.8
9165,165,10,956.35,970.5,0.4
9166,166,10,525.63,531.81,0.8
9167,167,10,596.87,604.16,0.2
9168,168,10,268.26,231.7,1.5
9169,169,10,259.24,253.18,1.6
9170,170,10,295.5,295.85,1.2
9171,171,10,644.41,626.28,1.7
9172,172,10,658.38,649.67,0.4
9173,173,10,1069.61,1087.08,1.7
9174,174,10,886.6,882.83,0.4
9175,175,10,240.85,233.14,0.0
9176,176,10,886.07,881.62,0.9
9177,177,10,272.71,294.73,1.0
9178,178,10,287.08,292.65,0.1
9179,179,10,514.23,500.88,0.4
9180,180,10,934.59,916.81,4.0
9181,181,10,1023.17,1012.91,0.4
9182,182,10,885.89,902.93,2.5
9183,183,10,353.74,346.12,0.9
9184,184,10,300.05,334.39,0.6
9185,185,10,351.54,362.18,0.1
9186,186,10,541.5,581.07,0.1
9187,187,10,327.72,331.46,1.8
9188,188,10,288.8,291.23,7.1
9189,189,10,324.75,330.94,0.4
9190,190,10,530.16,507.68,2.8
9191,191,10,676.58,665.95,2.0
9192,192,10,224.4,221.26,9.8
9193,193,10,311.82,294.25,2.6
9194,194,10,604.94,585.26,0.1
9195,195,10,548.08,566.01,0.3
9196,196,10,396.6,404.17,0.0
9197,197,10,391.43,405.97,18.1
9198,198,10,895.31,906.34,0.8
9199,199,10,607.84,571.0,2.6
9200,200,10,317.57,293.71,0.9
9201,201,10,590.03,573.27,0.7
9202,202,10,607.3,575.59,0.5
9203,203,10,327.94,350.59,0.1
9204,204,10,312.26,311.54,0.0
9205,205,10,1112.86,1114.96,1.0
9206,206,10,581.26,601.41,2.7
9207,207,10,281.43,285.89,0.6
9208,208,10,571.38,564.66,0.3
9209,209,10,361.17,351.11,0.1
9210,210,10,531.38,555.46,2.4
9211,211,10,278.51,271.57,4.4
9212,212,10,287.02,321.84,1.5
9213,213,10,316.78,280.69,0.9
9214,214,10,890.39,889.94,0.9
9215,215,10,533.15,525.11,1.6
9216,216,10,1004.25,981.17,0.4
9217,217,10,278.78,262.01,0.5
9218,218,10,700.0,680.12,0.3
9219,219,10,314.2,320.0,2.8
9220,220,10,662.36,645.2,0.9
9221,221,10,330.54,317.46,0.0
9222,222,10,598.28,600.18,0.2
9223,223,10,327.52,341.71,4.1
9224,224,10,264.14,236.83,3.3
9225,225,10,653.66,614.83,1.7
9226,226,10,423.3,411.72,0.9
9227,227,10,271.23,279.05,0.5
9228,228,10,934.87,930.99,0.5
9229,229,10,298.74,279.58,3.8
9230,230,10,624.3,631.69,2.4
9231,231,10,951.05,936.59,6.7
9232,232,10,491.11,502.52,3.6
9233,233,10,274.54,267.19,1.0
9234,234,10,584.08,565.11,0.8
9235,235,10,560.74,591.95,3.0
9236,236,10,310.54,338.2,2.4
9237,237,10,608.18,610.62,0.1
9238,238,10,890.48,908.63,1.9
9239,239,10,292.65,289.69,0.2
9240,240,10,316.4,290.16,1.0
9241,241,10,527.02,512.44,2.1
9242,242,10,314.82,318.83,0.5
9243,243,10,609.15,620.18,4.1
9244,244,10,216.77,242.47,2.6
9245,245,10,280.09,264.76,0.4
9246,246,10,508.78,519.84,0.6
9247,247,10,980.27,960.37,1.2
9248,248,10,343.81,350.04,1.0
9249,249,10,993.78,972.18,0.3
9250,250,10,323.45,340.43,0.2
9251,251,10,347.4,352.7,2.4
9252,252,10,520.17,491.57,6.1
9253,253,10,249.58,258.44,0.6
9254,254,10,528.25,481.05,1.2
9255,255,10,281.08,269.67,1.6
9256,256,10,379.81,389.12,0.2
9257,257,10,300.61,297.37,5.2
9258,258,10,1032.11,1018.18,0.6
9259,259,10,940.42,914.85,4.1
9260,260,10,249.32,210.56,0.1
9261,261,10,308.35,292.37,0.3
9262,262,10,1001.81,976.03,2.1
9263,263,10,303.52,309.82,1.4
9264,264,10,873.73,844.94,0.1
9265,265,10,604.23,585.05,1.1
9266,266,10,767.83,781.3,0.3
9267,267,10,322.25,355.86,0.8
9268,268,10,224.7,202.27,0.8
9269,269,10,237.84,249.03,0.0
9270,270,10,339.9,360.64,1.0
9271,271,10,326.97,311.07,1.2
9272,272,10,909.56,900.79,1.0
9273,273,10,388.16,390.35,5.1
9274,274,10,330.75,334.69,0.2
9275,275,10,266.75,272.04,2.2
9276,276,10,324.96,333.21,1.4
9277,277,10,584.7,621.91,1.7
9278,278,10,326.1,323.36,1.8
9279,279,10,613.05,632.6,4.9
9280,280,10,1018.0,965.52,0.7
9281,281,10,226.88,214.42,0.7
9282,282,10,602.07,560.54,1.6
9283,283,10,251.76,308.36,2.0
9284,284,10,247.79,277.8,0.9
9285,285,10,839.74,817.17,1.5
9286,286,10,969.75,953.79,0.1
9287,287,10,283.84,255.77,0.0
9288,288,10,228.4,228.41,0.3
9289,289,10,271.07,273.08,0.8
9290,290,10,546.82,525.53,0.5
9291,291,10,608.68,615.08,0.1
9292,292,10,257.79,237.25,8.8
9293,293,10,978.42,968.99,0.0
9294,294,10,576.47,586.38,1.3
9295,295,10,302.36,282.32,2.4
9296,296,10,994.79,955.46,0.7
9297,297,10,612.93,613.57,0.6
9298,298,10,370.15,365.21,0.3
9299,299,10,655.66,706.91,0.4
9300,300,10,1073.83,1100.34,0.3
9301,301,10,1067.43,1077.86,1.8
9302,302,10,339.43,316.38,0.2
9303,303,10,541.34,533.99,2.9
9304,304,10,876.67,847.78,0.5
9305,305,10,1006.92,1009.49,0.4
9306,306,10,332.06,306.95,1.5
9307,307,10,476.39,504.88,11.0
9308,308,10,1031.87,1034.82,1.4
9309,309,10,287.62,291.4,0.6
9310,310,10,391.35,385.23,0.4
9311,311,10,529.64,502.13,0.5
9312,312,10,560.54,569.93,1.0
9313,313,10,483.04,427.14,0.9
9314,314,10,275.61,271.26,2.7
9315,315,10,712.19,738.98,0.4
9316,316,10,281.94,295.06,0.3
9317,317,10,1004.05,1020.01,4.7
9318,318,10,326.51,340.16,0.4
9319,319,10,293.19,290.37,0.4
9320,320,10,966.44,961.92,1.8
9321,321,10,618.61,620.74,1.3
9322,322,10,256.72,242.2,1.3
9323,323,10,294.3,256.22,0.2
9324,324,10,604.29,589.94,0.2
9325,325,10,940.89,959.69,1.6
9326,326,10,363.93,351.16,1.3
9327,327,10,964.98,944.79,7.8
9328,328,10,300.95,300.47,0.1
9329,329,10,636.51,639.74,0.3
9330,330,10,269.26,274.49,0.3
9331,331,10,227.13,209.3,0.7
9332,332,10,992.76,1049.97,1.5
9333,333,10,235.25,235.3,0.8
9334,334,10,917.41,959.55,5.5
9335,335,10,316.31,361.58,0.3
9336,336,10,250.32,241.84,6.6
9337,337,10,918.68,953.21,0.1
9338,338,10,567.54,558.99,0.5
9339,339,10,223.35,195.97,0.3
9340,340,10,701.78,697.33,0.1
9341,341,10,224.0,212.85,1.4
9342,342,10,935.03,931.5,1.0
9343,343,10,309.74,324.57,2.1
9344,344,10,612.43,610.07,0.2
9345,345,10,299.13,306.03,1.2
9346,346,10,699.06,719.65,2.7
9347,347,10,864.13,880.56,0.7
9348,348,10,970.08,966.57,11.3
9349,349,10,379.44,409.44,1.1
9350,350,10,328.66,332.49,1.9
9351,351,10,339.0,354.79,1.7
9352,352,10,921.03,912.76,0.3
9353,353,10,302.0,292.56,8.3
9354,354,10,607.2,612.2,1.8
9355,355,10,308.48,281.02,0.2
9356,356,10,969.75,959.34,0.3
9357,357,10,513.68,507.85,0.5
9358,358,10,647.35,624.85,0.7
9359,359,10,849.87,853.36,3.4
9360,360,10,959.01,945.36,0.0
9361,361,10,539.23,565.02,0.5
9362,362,10,578.46,587.42,1.0
9363,363,10,568.3,542.14,2.6
9364,364,10,312.24,339.1,1.1
9365,365,10,273.76,288.57,0.1
9366,366,10,602.04,583.92,9.0
9367,367,10,551.56,573.62,6.7
9368,368,10,330.2,339.45,1.4
9369,369,10,214.91,245.89,2.6
9370,370,10,619.95,594.86,3.6
9371,371,10,257.68,286.41,3.1
9372,372,10,576.82,553.37,0.5
9373,373,10,585.22,575.71,1.1
9374,374,10,280.47,265.46,2.3
9375,375,10,307.18,310.59,3.2
9376,376,10,306.09,303.31,0.6
9377,377,10,270.31,279.55,1.0
9378,378,10,675.44,693.2,2.8
9379,379,10,634.4,628.82,0.2
9380,380,10,1014.11,1022.69,2.2
9381,381,10,316.94,288.22,0.3
9382,382,10,563.73,553.03,0.1
9383,383,10,407.74,395.65,1.2
9384,384,10,802.93,774.94,2.1
9385,385,10,274.19,271.63,2.7
9386,386,10,555.44,587.69,1.3
9387,387,10,524.5,520.05,0.9
9388,388,10,234.84,204.3,1.6
9389,389,10,912.39,885.01,4.7
9390,390,10,358.42,377.29,0.7
9391,391,10,226.83,250.51,3.0
9392,392,10,550.95,567.81,0.0
9393,393,10,599.86,606.91,1.1
9394,394,10,279.96,269.31,0.9
9395,395,10,276.79,258.58,2.5
9396,396,10,261.99,251.22,1.1
9397,397,10,943.95,931.7,0.4
9398,398,10,462.81,467.67,2.6
9399,399,10,315.18,361.62,0.4
9400,400,10,296.26,259.76,1.1
9401,401,10,859.44,881.0,0.0
9402,402,10,979.42,1001.26,0.1
9403,403,10,260.53,246.96,2.9
9404,404,10,582.72,587.9,0.5
9405,405,10,190.49,143.1,0.6
9406,406,10,271.86,281.78,4.5
9407,407,10,922.61,925.83,1.9
9408,408,10,902.14,922.47,7.6
9409,409,10,348.71,322.39,0.4
9410,410,10,948.77,942.06,0.1
9411,411,10,565.94,566.83,1.1
9412,412,10,605.65,584.98,0.2
9413,413,10,550.07,531.42,0.8
9414,414,10,478.74,490.35,0.0
9415,415,10,977.68,1009.23,2.7
9416,416,10,311.42,325.99,0.8
9417,417,10,468.38,455.85,0.8
9418,418,10,293.16,305.58,4.1
9419,419,10,814.79,832.71,0.4
9420,420,10,248.7,289.55,0.0
9421,421,10,232.09,225.11,0.1
9422,422,10,557.83,563.92,0.9
9423,423,10,387.09,366.08,2.2
9424,424,10,312.25,297.91,0.5
9425,425,10,181.48,162.61,0.2
9426,426,10,582.62,574.99,2.3
9427,427,10,289.27,293.78,0.4
9428,428,10,243.95,208.89,1.4
9429,429,10,616.68,626.71,0.1
9430,430,10,1042.99,1026.67,0.3
9431,431,10,565.58,594.64,3.7
9432,432,10,216.81,217.84,0.1
9433,433,10,763.65,792.38,0.3
9434,434,10,965.72,959.45,1.6
9435,435,10,591.22,612.42,0.7
9436,436,10,573.2,583.54,11.1
9437,437,10,264.84,246.24,20.1
9438,438,10,564.66,624.5,0.0
9439,439,10,622.14,624.67,3.1
9440,440,10,308.98,279.76,7.6
9441,441,10,288.85,290.79,0.3
9442,442,10,239.57,222.12,0.7
9443,443,10,544.27,527.87,1.0
9444,444,10,272.88,234.83,2.7
9445,445,10,512.49,487.58,1.1
9446,446,10,851.61,825.41,1.4
9447,447,10,230.96,234.98,0.3
9448,448,10,354.24,360.24,1.1
9449,449,10,305.14,280.05,3.2
9450,450,10,325.26,284.19,3.0
9451,451,10,1005.58,1009.43,4.5
9452,452,10,604.3,595.21,3.0
9453,453,10,898.69,890.69,0.4
9454,454,10,950.76,970.14,0.5
9455,455,10,355.21,372.99,0.0
9456,456,10,540.34,556.86,0.4
9457,457,10,265.44,283.7,0.4
9458,458,10,326.6,355.76,0.1
9459,459,10,277.08,280.31,2.2
9460,460,10,257.12,282.95,0.8
9461,461,10,500.16,500.08,0.0
9462,462,10,615.08,598.5,0.4
9463,463,10,309.29,327.78,0.2
9464,464,10,356.1,337.83,0.0
9465,465,10,584.5,616.87,0.1
9466,466,10,554.46,594.85,0.7
9467,467,10,670.98,688.62,0.2
9468,468,10,313.45,331.62,2.4
9469,469,10,275.62,288.3,2.1
9470,470,10,468.85,477.86,1.1
9471,471,10,558.41,587.18,0.5
9472,472,10,221.67,248.41,3.0
9473,473,10,285.78,259.99,0.6
9474,474,10,273.58,241.38,0.1
9475,475,10,679.15,642.16,0.4
9476,476,10,220.43,239.99,1.8
9477,477,10,540.93,534.25,2.3
9478,478,10,1011.23,1005.66,0.8
9479,479,10,276.31,303.98,0.5
9480,480,10,144.2,158.45,1.1
9481,481,10,212.23,241.42,0.3
9482,482,10,242.95,226.24,0.5
9483,483,10,1013.46,1012.5,0.5
9484,484,10,1093.39,1110.53,1.1
9485,485,10,236.53,261.03,0.5
9486,486,10,940.94,961.23,0.9
9487,487,10,244.3,289.03,0.6
9488,488,10,630.66,633.16,0.1
9489,489,10,675.43,668.32,0.6
9490,490,10,307.53,299.75,0.6
9491,491,10,597.55,603.25,0.6
9492,492,10,557.07,527.4,0.6
9493,493,10,299.41,319.74,0.9
9494,494,10,1068.04,1092.13,0.8
9495,495,10,278.97,292.39,0.1
9496,496,10,176.99,163.45,0.7
9497,497,10,981.0,994.53,0.5
9498,498,10,256.54,255.59,1.7
9499,499,10,197.54,226.61,0.0
9500,500,10,310.6,296.31,0.0
9501,501,10,324.3,347.91,0.6
9502,502,10,391.99,383.62,4.3
9503,503,10,209.14,189.64,1.0
9504,504,10,571.97,560.16,0.7
9505,505,10,347.34,353.12,0.2
9506,506,10,871.23,864.29,1.9
9507,507,10,853.79,869.04,4.6
9508,508,10,245.75,228.75,0.1
9509,509,10,953.67,929.88,0.5
9510,510,10,903.16,906.62,3.8
9511,511,10,873.93,881.19,0.5
9512,512,10,663.58,640.73,10.6
9513,513,10,278.96,260.91,0.2
9514,514,10,204.31,238.02,6.0
9515,515,10,987.8,990.68,0.3
9516,516,10,623.01,574.72,0.9
9517,517,10,965.29,992.29,0.9
9518,518,10,615.71,641.46,1.9
9519,519,10,373.7,382.94,0.5
9520,520,10,231.1,196.16,1.0
9521,521,10,977.81,988.89,0.0
9522,522,10,376.25,391.69,0.2
9523,523,10,450.57,441.66,1.8
9524,524,10,896.68,899.69,3.8
9525,525,10,360.45,333.41,0.2
9526,526,10,323.73,328.76,0.5
9527,527,10,568.81,559.49,3.5
9528,528,10,981.61,967.97,9.1
9529,529,10,464.91,485.07,1.0
9530,530,10,367.66,352.38,0.0
9531,531,10,239.0,212.99,0.0
9532,532,10,217.78,204.85,2.0
9533,533,10,318.39,308.4,1.5
9534,534,10,274.35,258.72,6.5
9535,535,10,1009.33,1006.41,0.4
9536,536,10,320.54,310.01,3.2
9537,537,10,1087.91,1105.15,3.1
9538,538,10,1020.69,1030.89,0.4
9539,539,10,482.86,461.66,0.6
9540,540,10,632.82,610.13,3.3
9541,541,10,231.67,227.83,2.6
9542,542,10,644.66,645.15,1.0
9543,543,10,302.23,301.1,1.3
9544,544,10,271.17,234.16,0.8
9545,545,10,509.97,513.55,1.8
9546,546,10,186.46,198.6,1.8
9547,547,10,201.54,174.62,1.5
9548,548,10,686.29,721.32,0.4
9549,549,10,241.59,267.57,2.0
9550,550,10,285.27,297.52,0.4
9551,551,10,266.9,255.04,2.3
9552,552,10,272.65,260.39,0.1
9553,553,10,596.76,588.33,1.9
9554,554,10,681.19,696.09,0.4
9555,555,10,328.23,322.09,7.2
9556,556,10,587.34,577.04,0.3
9557,557,10,1063.83,1081.74,0.1
9558,558,10,510.61,540.53,0.1
9559,559,10,587.18,545.7,2.2
9560,560,10,611.86,594.8,0.3
9561,561,10,1043.49,1002.33,0.6
9562,562,10,941.69,930.11,0.6
9563,563,10,263.28,272.04,0.0
9564,564,10,255.51,258.92,1.5
9565,565,10,232.78,250.25,0.2
9566,566,10,553.15,560.9,0.3
9567,567,10,269.74,271.03,3.9
9568,568,10,839.45,830.52,3.0
9569,569,10,320.57,338.48,0.4
9570,570,10,623.39,631.62,2.0
9571,571,10,246.01,263.0,0.4
9572,572,10,244.51,265.09,0.0
9573,573,10,258.81,239.87,2.4
9574,574,10,560.24,568.12,0.4
9575,575,10,242.23,234.42,4.2
9576,576,10,326.22,363.06,0.4
9577,577,10,443.98,452.46,0.1
9578,578,10,1100.15,1131.11,2.6
9579,579,10,521.43,491.93,0.7
9580,580,10,648.31,650.25,0.3
9581,581,10,342.42,323.55,1.9
9582,582,10,1029.85,1042.47,2.2
9583,583,10,362.99,358.57,1.8
9584,584,10,944.88,931.36,1.2
9585,585,10,991.18,1026.41,0.1
9586,586,10,256.36,229.51,4.8
9587,587,10,182.07,190.46,1.0
9588,588,10,537.64,557.01,3.2
9589,589,10,658.0,634.33,0.6
9590,590,10,560.81,574.17,1.6
9591,591,10,1098.18,1076.7,0.5
9592,592,10,703.29,708.4,3.4
9593,593,10,448.76,452.72,1.4
9594,594,10,694.27,696.63,0.9
9595,595,10,354.37,345.74,1.0
9596,596,10,615.26,636.27,0.1
9597,597,10,959.9,952.09,0.1
9598,598,10,282.37,284.4,0.7
9599,599,10,849.15,820.67,0.0
9600,600,10,1006.48,1010.23,9.5
9601,601,10,286.12,303.66,1.4
9602,602,10,926.92,924.27,1.2
9603,603,10,530.12,553.99,3.1
9604,604,10,285.46,251.46,2.8
9605,605,10,264.36,292.26,6.6
9606,606,10,242.58,244.79,0.5
9607,607,10,562.27,533.19,0.6
9608,608,10,252.35,276.13,1.0
9609,609,10,319.05,353.47,0.5
9610,610,10,941.13,941.23,0.4
9611,611,10,657.02,652.97,5.3
9612,612,10,609.3,570.52,1.2
9613,613,10,895.12,906.13,0.2
9614,614,10,291.57,328.65,0.4
9615,615,10,210.98,196.3,1.5
9616,616,10,615.9,576.56,0.6
9617,617,10,341.46,365.66,1.5
9618,618,10,313.69,306.19,0.8
9619,619,10,478.25,449.66,4.0
9620,620,10,223.05,239.73,2.3
9621,621,10,572.16,580.17,0.6
9622,622,10,601.41,611.26,0.2
9623,623,10,549.04,556.42,0.3
9624,624,10,260.27,243.78,0.2
9625,625,10,226.35,228.91,4.4
9626,626,10,964.8,951.07,1.4
9627,627,10,961.42,962.06,0.2
9628,628,10,345.78,394.23,0.3
9629,629,10,349.63,331.92,0.5
9630,630,10,491.85,473.14,2.5
9631,631,10,336.66,343.25,4.5
9632,632,10,298.38,283.94,3.7
9633,633,10,240.02,238.96,0.3
9634,634,10,294.81,308.05,1.6
9635,635,10,316.04,345.98,0.1
9636,636,10,307.16,299.57,0.2
9637,637,10,867.8,890.4,0.7
9638,638,10,259.73,291.47,1.3
9639,639,10,297.73,299.14,0.2
9640,640,10,340.18,320.85,0.2
9641,641,10,869.0,857.97,1.2
9642,642,10,244.55,243.96,0.7
9643,643,10,274.13,296.36,0.1
9644,644,10,582.88,590.05,3.2
9645,645,10,603.85,575.07,0.1
9646,646,10,1029.22,1068.83,2.8
9647,647,10,230.6,224.13,3.1
9648,648,10,302.9,303.9,1.6
9649,649,10,261.89,270.99,1.8
9650,650,10,503.06,501.3,0.2
9651,651,10,384.4,387.51,1.3
9652,652,10,217.63,220.97,0.4
9653,653,10,242.27,255.2,5.3
9654,654,10,935.27,933.22,0.7
9655,655,10,260.66,259.01,0.6
9656,656,10,316.27,309.18,0.1
9657,657,10,957.11,967.55,0.2
9658,658,10,504.19,522.63,0.7
9659,659,10,632.15,638.1,1.9
9660,660,10,615.53,630.03,0.1
9661,661,10,322.98,311.17,0.7
9662,662,10,1034.76,1057.76,0.3
9663,663,10,155.19,128.5,3.9
9664,664,10,995.17,999.08,0.5
9665,665,10,245.1,245.32,0.0
9666,666,10,501.78,524.07,0.5
9667,667,10,571.82,575.26,1.5
9668,668,10,238.22,237.58,0.4
9669,669,10,393.63,395.4,1.4
9670,670,10,502.18,511.87,3.6
9671,671,10,232.58,236.19,2.0
9672,672,10,1037.12,1011.6,0.0
9673,673,10,267.83,256.6,0.4
9674,674,10,614.37,634.06,0.8
9675,675,10,504.38,515.71,0.1
9676,676,10,291.87,289.21,1.1
9677,677,10,525.41,529.28,1.4
9678,678,10,547.18,505.86,2.7
9679,679,10,599.53,610.92,4.5
9680,680,10,679.72,697.45,1.5
9681,681,10,588.87,606.74,0.1
9682,682,10,237.42,267.26,0.1
9683,683,10,272.88,311.1,0.7
9684,684,10,372.49,354.34,0.5
9685,685,10,538.49,574.67,0.3
9686,686,10,813.64,820.51,5.5
9687,687,10,191.75,186.01,1.8
9688,688,10,557.5,593.7,0.2
9689,689,10,310.51,359.52,3.0
9690,690,10,537.59,566.25,2.0
9691,691,10,624.74,627.46,0.3
9692,692,10,590.23,586.49,0.3
9693,693,10,668.87,663.6,2.8
9694,694,10,605.73,628.78,17.7
9695,695,10,302.88,296.76,0.9
9696,696,10,590.64,613.63,1.8
9697,697,10,216.55,225.63,4.4
9698,698,10,994.75,993.59,3.2
9699,699,10,514.99,521.89,4.5
9700,700,10,279.74,291.43,0.4
9701,701,10,202.58,206.89,0.0
9702,702,10,243.08,261.18,0.9
9703,703,10,1019.02,1036.59,0.8
9704,704,10,322.86,345.11,1.0
9705,705,10,658.31,660.37,4.2
9706,706,10,337.08,324.38,4.9
9707,707,10,536.36,577.5,0.1
9708,708,10,569.47,549.55,0.1
9709,709,10,288.93,303.25,0.2
9710,710,10,606.34,611.51,0.3
9711,711,10,287.93,287.29,0.6
9712,712,10,946.9,971.44,0.0
9713,713,10,317.1,324.48,1.0
9714,714,10,647.07,639.35,0.0
9715,715,10,334.61,312.92,2.1
9716,716,10,660.67,678.37,0.3
9717,717,10,415.42,403.77,0.4
9718,718,10,634.15,647.31,0.4
9719,719,10,275.94,269.66,5.1
9720,720,10,324.59,315.78,0.7
9721,721,10,1022.44,1035.93,0.0
9722,722,10,329.68,322.71,4.9
9723,723,10,373.75,386.09,0.9
9724,724,10,463.31,469.27,3.2
9725,725,10,337.22,352.85,0.0
9726,726,10,1091.52,1069.25,0.2
9727,727,10,327.4,314.06,0.5
9728,728,10,977.18,990.91,1.1
9729,729,10,986.92,975.15,1.9
9730,730,10,284.35,294.4,0.6
9731,731,10,283.81,291.34,1.9
9732,732,10,630.68,638.93,0.1
9733,733,10,635.04,633.27,0.6
9734,734,10,330.33,324.73,1.6
9735,735,10,326.72,355.17,0.6
9736,736,10,338.33,307.21,0.1
9737,737,10,520.39,500.67,0.5
9738,738,10,640.61,660.84,0.0
9739,739,10,372.33,367.53,0.4
9740,740,10,567.79,574.91,1.1
9741,741,10,673.97,659.66,0.2
9742,742,10,810.16,761.31,0.6
9743,743,10,267.76,248.47,9.9
9744,744,10,266.94,281.03,8.1
9745,745,10,312.77,295.35,1.7
9746,746,10,612.92,622.28,1.5
9747,747,10,294.04,292.84,0.1
9748,748,10,339.68,329.6,1.2
9749,749,10,647.45,662.18,1.3
9750,750,10,567.49,545.73,3.9
9751,751,10,259.66,256.05,0.8
9752,752,10,335.68,365.65,3.1
9753,753,10,256.87,258.67,2.3
9754,754,10,304.5,317.84,1.9
9755,755,10,365.53,365.87,2.1
9756,756,10,274.0,271.33,8.5
9757,757,10,341.69,360.31,0.2
9758,758,10,1025.19,973.27,0.6
9759,759,10,941.27,928.32,0.8
9760,760,10,310.08,312.62,0.6
9761,761,10,686.63,699.71,3.3
9762,762,10,326.68,304.71,0.4
9763,763,10,1034.49,1055.22,1.5
9764,764,10,1079.04,1075.78,0.5
9765,765,10,584.53,584.48,8.1
9766,766,10,519.32,559.22,0.2
9767,767,10,387.42,401.73,0.9
9768,768,10,305.83,306.97,0.4
9769,769,10,326.5,337.27,0.4
9770,770,10,260.88,249.06,0.4
9771,771,10,618.43,621.61,0.0
9772,772,10,244.15,280.26,1.9
9773,773,10,302.19,342.39,0.0
9774,774,10,566.6,532.43,3.7
9775,775,10,471.85,479.45,0.7
9776,776,10,583.84,560.07,8.5
9777,777,10,460.11,438.37,1.2
9778,778,10,799.85,821.44,1.4
9779,779,10,338.12,349.95,4.7
9780,780,10,554.74,532.42,1.2
9781,781,10,245.29,259.2,2.0
9782,782,10,310.07,322.92,1.0
9783,783,10,811.83,799.58,0.1
9784,784,10,335.1,369.88,0.2
9785,785,10,249.24,252.3,0.1
9786,786,10,282.74,278.37,1.4
9787,787,10,944.72,1000.83,0.1
9788,788,10,1126.98,1141.13,0.4
9789,789,10,261.06,254.48,0.1
9790,790,10,610.33,609.6,3.4
9791,791,10,287.36,276.79,2.5
9792,792,10,523.34,507.62,3.6
9793,793,10,197.36,209.69,0.7
9794,794,10,268.95,280.15,0.4
9795,795,10,636.97,672.24,2.4
9796,796,10,981.9,970.64,0.0
9797,797,10,287.44,311.56,0.1
9798,798,10,344.54,323.02,0.3
9799,799,10,814.88,817.24,1.4
9800,800,10,265.11,275.51,0.1
9801,801,10,223.31,229.48,0.9
9802,802,10,615.04,615.94,2.1
9803,803,10,294.95,280.27,6.9
9804,804,10,321.84,303.13,0.1
9805,805,10,229.65,213.54,14.4
9806,806,10,289.41,284.02,0.9
9807,807,10,535.08,540.5,4.3
9808,808,10,986.69,976.29,1.7
9809,809,10,317.13,318.09,0.0
9810,810,10,553.81,537.13,0.2
9811,811,10,196.1,210.58,2.3
9812,812,10,265.01,275.45,1.2
9813,813,10,518.45,530.79,0.8
9814,814,10,234.21,237.47,0.8
9815,815,10,537.67,568.48,0.1
9816,816,10,226.69,211.62,1.0
9817,817,10,583.89,591.85,0.7
9818,818,10,1000.29,997.73,1.6
9819,819,10,272.42,267.98,0.2
9820,820,10,1010.37,1039.48,3.5
9821,821,10,252.12,259.36,0.2
9822,822,10,306.94,287.09,0.3
9823,823,10,224.47,196.63,0.3
9824,824,10,930.7,927.31,1.2
9825,825,10,573.73,567.04,0.4
9826,826,10,930.13,923.43,0.2
9827,827,10,626.22,617.8,1.7
9828,828,10,151.12,130.69,0.3
9829,829,10,910.54,911.47,0.8
9830,830,10,911.77,943.91,1.1
9831,831,10,581.93,582.66,1.1
9832,832,10,593.59,583.68,2.2
9833,833,10,981.4,977.18,2.1
9834,834,10,275.43,280.86,0.4
9835,835,10,983.25,1010.63,0.2
9836,836,10,960.33,939.2,0.1
9837,837,10,558.51,534.95,0.8
9838,838,10,267.48,290.45,1.9
9839,839,10,221.81,241.81,2.2
9840,840,10,975.15,962.31,0.1
9841,841,10,1013.08,1027.87,0.2
9842,842,10,523.68,530.24,0.6
9843,843,10,981.99,978.91,0.3
9844,844,10,569.38,570.77,0.0
9845,845,10,1099.26,1109.98,1.7
9846,846,10,231.29,280.37,0.1
9847,847,10,247.51,266.91,0.6
9848,848,10,465.34,478.74,0.7
9849,849,10,254.55,269.49,0.3
9850,850,10,312.51,289.37,0.1
9851,851,10,554.71,563.97,0.3
9852,852,10,331.01,317.33,0.1
9853,853,10,612.55,574.16,0.1
9854,854,10,290.36,315.36,2.8
9855,855,10,982.59,966.94,0.2
9856,856,10,311.16,277.31,1.0
9857,857,10,558.93,549.4,0.6
9858,858,10,571.1,539.37,0.1
9859,859,10,289.57,329.95,1.0
9860,860,10,284.47,317.4,0.5
9861,861,10,276.09,271.22,4.2
9862,862,10,259.54,262.11,0.1
9863,863,10,295.34,292.66,0.3
9864,864,10,339.98,341.87,0.1
9865,865,10,508.29,497.16,0.5
9866,866,10,305.33,303.33,0.4
9867,867,10,308.21,279.1,0.1
9868,868,10,269.38,254.59,3.4
9869,869,10,213.63,242.68,3.0
9870,870,10,525.13,561.63,5.1
9871,871,10,530.71,530.08,3.1
9872,872,10,510.55,518.06,1.7
9873,873,10,253.95,255.59,0.8
9874,874,10,274.19,240.71,0.4
9875,875,10,215.36,208.25,0.3
9876,876,10,549.9,533.18,0.9
9877,877,10,242.79,243.59,7.4
9878,878,10,1036.9,1031.3,0.0
9879,879,10,622.96,589.22,0.5
9880,880,10,515.53,507.5,0.1
9881,881,10,554.71,513.83,5.7
9882,882,10,762.55,759.29,0.8
9883,883,10,234.68,226.54,0.1
9884,884,10,260.93,242.46,1.2
9885,885,10,960.8,962.69,2.2
9886,886,10,598.49,580.57,0.2
9887,887,10,283.71,272.01,0.7
9888,888,10,344.04,302.5,0.9
9889,889,10,270.58,296.94,0.5
9890,890,10,823.23,834.84,0.9
9891,891,10,333.35,330.06,0.2
9892,892,10,276.58,284.57,1.1
9893,893,10,286.65,322.05,0.1
9894,894,10,1091.33,1093.45,0.1
9895,895,10,596.49,558.77,1.3
9896,896,10,260.53,298.52,0.6
9897,897,10,964.7,950.16,2.2
9898,898,10,365.33,355.62,0.1
9899,899,10,548.41,556.29,0.8
9900,900,10,510.19,486.5,0.1
9901,901,10,332.81,353.74,1.3
9902,902,10,643.0,642.71,0.8
9903,903,10,1026.49,1026.31,0.5
9904,904,10,343.2,342.18,0.0
9905,905,10,321.57,329.52,0.6
9906,906,10,1026.74,1053.63,1.1
9907,907,10,249.3,227.15,0.1
9908,908,10,689.52,687.37,0.5
9909,909,10,237.32,218.3,0.5
9910,910,10,862.3,856.36,1.5
9911,911,10,532.16,534.6,0.9
9912,912,10,894.68,886.91,0.5
9913,913,10,270.44,294.81,1.0
9914,914,10,905.21,926.83,2.7
9915,915,10,554.48,524.41,0.6
9916,916,10,551.18,550.65,0.3
9917,917,10,567.65,557.37,0.3
9918,918,10,350.25,340.66,2.8
9919,919,10,533.39,549.53,0.4
9920,920,10,230.67,211.51,0.9
9921,921,10,342.04,348.55,1.0
9922,922,10,602.88,601.83,3.2
9923,923,10,260.57,271.71,1.5
9924,924,10,650.12,676.61,3.1
9925,925,10,259.3,289.32,0.4
9926,926,10,273.03,285.71,8.0
9927,927,10,481.84,506.17,0.5
9928,928,10,281.59,255.02,1.2
9929,929,10,1065.98,1052.94,0.0
9930,930,10,868.25,870.69,1.4
9931,931,10,215.36,187.09,2.8
9932,932,10,230.72,215.3,0.1
9933,933,10,313.72,320.36,2.2
9934,934,10,568.28,592.58,1.7
9935,935,10,268.53,279.74,0.2
9936,936,10,872.35,863.38,0.3
9937,937,10,985.88,997.51,2.4
9938,938,10,308.09,287.89,0.2
9939,939,10,581.07,590.29,0.0
9940,940,10,293.61,298.49,2.1
9941,941,10,520.76,474.04,0.0
9942,942,10,282.6,239.57,0.2
9943,943,10,545.71,536.74,0.0
9944,944,10,249.41,247.86,2.6
9945,945,10,876.98,849.56,0.1
9946,946,10,343.25,347.77,2.5
9947,947,10,486.68,503.34,0.5
9948,948,10,931.76,927.75,1.2
9949,949,10,593.51,600.06,0.1
9950,950,10,656.36,653.31,0.0
9951,951,10,360.64,337.43,3.7
9952,952,10,244.32,255.72,1.5
9953,953,10,337.47,328.3,9.6
9954,954,10,957.82,976.03,0.7
9955,955,10,212.9,221.32,0.1
9956,956,10,243.22,221.6,0.6
9957,957,10,512.71,483.94,0.1
9958,958,10,277.74,286.97,2.5
9959,959,10,883.06,873.81,1.7
9960,960,10,289.09,281.03,1.2
9961,961,10,306.81,310.31,0.3
9962,962,10,479.0,461.64,0.7
9963,963,10,522.79,490.82,0.6
9964,964,10,877.62,909.13,3.8
9965,965,10,326.64,332.77,3.3
9966,966,10,233.77,225.29,0.6
9967,967,10,326.99,283.88,0.4
9968,968,10,365.34,318.96,0.1
9969,969,10,596.55,578.41,1.0
9970,970,10,211.31,211.26,0.8
9971,971,10,642.75,655.66,0.2
9972,972,10,1030.89,1034.17,0.3
9973,973,10,241.96,249.83,0.1
9974,974,10,540.87,518.48,1.2
9975,975,10,318.16,310.58,0.5
9976,976,10,1004.77,980.05,0.6
9977,977,10,211.64,205.85,4.9
9978,978,10,590.11,592.28,3.0
9979,979,10,250.06,275.32,0.4
9980,980,10,235.46,218.51,0.6
9981,981,10,212.61,214.38,0.8
9982,982,10,358.52,356.25,10.3
9983,983,10,813.67,805.6,0.7
9984,984,10,268.32,300.7,1.0
9985,985,10,976.55,969.75,0.3
9986,986,10,307.09,314.45,0.8
9987,987,10,266.75,260.38,0.7
9988,988,10,302.15,291.63,0.2
9989,989,10,260.02,283.9,0.2
9990,990,10,960.99,979.89,5.3
9991,991,10,256.53,246.55,0.3
9992,992,10,944.06,917.81,0.0
9993,993,10,248.79,284.26,1.9
9994,994,10,320.47,309.98,0.2
9995,995,10,354.08,339.15,2.5
9996,996,10,585.39,590.09,0.6
9997,997,10,474.69,449.18,1.5
9998,998,10,800.95,811.6,0.9
9999,999,10,221.47,220.15,3.5
10000,1000,10,220.19,223.4,0.6
10001,1,11,244.77,234.38,0.0
10002,2,11,280.38,283.48,0.3
10003,3,11,313.36,315.66,1.7
10004,4,11,326.43,304.04,1.0
10005,5,11,447.03,441.32,2.0
10006,6,11,255.66,231.64,0.6
10007,7,11,976.09,1005.45,1.2
10008,8,11,454.97,398.37,0.7
10009,9,11,317.65,296.01,1.0
10010,10,11,529.46,553.53,0.0
10011,11,11,269.84,268.52,1.7
10012,12,11,1025.52,1012.85,0.3
10013,13,11,882.07,913.34,7.5
10014,14,11,861.14,841.86,0.5
10015,15,11,641.42,641.51,9.7
10016,16,11,981.1,1028.84,0.8
10017,17,11,664.97,672.64,3.8
10018,18,11,869.34,857.03,0.0
10019,19,11,230.78,219.87,0.1
10020,20,11,1020.73,1040.04,2.1
10021,21,11,678.8,711.24,0.6
10022,22,11,289.65,261.85,4.4
10023,23,11,893.48,919.25,0.8
10024,24,11,473.47,508.58,3.1
10025,25,11,1017.62,1010.57,0.9
10026,26,11,148.34,167.03,0.1
10027,27,11,551.48,555.57,2.0
10028,28,11,538.82,556.69,5.4
10029,29,11,266.79,305.89,0.5
10030,30,11,507.27,482.49,3.4
10031,31,11,545.32,559.59,5.2
10032,32,11,299.71,274.89,0.3
10033,33,11,535.22,524.34,0.9
10034,34,11,302.05,291.87,0.4
10035,35,11,932.04,881.63,1.8
10036,36,11,981.84,973.87,2.7
10037,37,11,366.96,394.14,2.5
10038,38,11,522.06,526.96,1.2
10039,39,11,355.86,358.35,1.4
10040,40,11,301.45,315.78,1.5
10041,41,11,981.2,954.67,1.1
10042,42,11,284.53,304.61,1.1
10043,43,11,309.34,272.66,0.3
10044,44,11,296.04,312.75,0.0
10045,45,11,555.67,561.78,0.3
10046,46,11,838.77,851.94,2.3
10047,47,11,320.87,316.66,0.0
10048,48,11,173.86,135.43,0.7
10049,49,11,290.13,303.65,0.1
10050,50,11,315.94,322.6,4.6
10051,51,11,216.71,213.34,0.7
10052,52,11,519.04,532.81,0.3
10053,53,11,579.54,545.88,3.3
10054,54,11,331.53,346.29,0.6
10055,55,11,615.27,611.23,0.7
10056,56,11,503.77,529.59,3.8
10057,57,11,204.1,205.91,0.4
10058,58,11,258.3,253.12,0.4
10059,59,11,513.04,525.78,0.4
10060,60,11,305.83,335.66,7.4
10061,61,11,958.36,953.06,1.7
10062,62,11,974.51,991.94,0.2
10063,63,11,1089.74,1089.46,0.0
10064,64,11,328.52,352.75,1.2
10065,65,11,359.58,380.19,0.1
10066,66,11,1045.03,1046.41,0.6
10067,67,11,291.5,307.3,0.3
10068,68,11,289.28,289.98,7.0
10069,69,11,554.91,573.28,0.1
10070,70,11,333.06,330.75,4.4
10071,71,11,566.48,548.38,0.9
10072,72,11,1085.25,1065.32,0.1
10073,73,11,505.54,510.37,0.6
10074,74,11,278.75,306.23,4.2
10075,75,11,987.55,980.33,0.2
10076,76,11,547.64,547.38,0.1
10077,77,11,366.86,382.56,0.9
10078,78,11,548.19,530.55,5.4
10079,79,11,283.76,312.73,0.8
10080,80,11,265.79,289.32,0.2
10081,81,11,601.05,625.08,1.6
10082,82,11,293.93,295.92,0.2
10083,83,11,243.04,236.44,1.2
10084,84,11,491.11,472.83,1.3
10085,85,11,329.48,323.85,0.0
10086,86,11,650.35,629.43,0.9
10087,87,11,255.17,226.94,1.6
10088,88,11,571.85,571.72,0.0
10089,89,11,980.95,980.01,0.1
10090,90,11,232.8,271.71,2.3
10091,91,11,553.02,506.97,1.7
10092,92,11,221.17,246.75,0.5
10093,93,11,263.88,282.35,2.2
10094,94,11,344.2,339.88,0.6
10095,95,11,250.0,265.95,0.4
10096,96,11,281.7,313.08,1.0
10097,97,11,522.65,501.71,1.6
10098,98,11,661.24,639.6,2.8
10099,99,11,809.69,822.53,0.9
10100,100,11,1012.85,1024.15,0.2
10101,101,11,251.24,267.82,0.3
10102,102,11,302.4,290.77,0.8
10103,103,11,280.1,288.65,0.1
10104,104,11,541.67,531.46,0.1
10105,105,11,986.72,967.24,2.9
10106,106,11,297.54,290.62,0.6
10107,107,11,366.91,345.02,0.6
10108,108,11,286.16,242.84,1.0
10109,109,11,868.14,855.74,3.5
10110,110,11,314.37,288.91,1.8
10111,111,11,525.81,513.97,2.5
10112,112,11,255.53,228.39,0.8
10113,113,11,286.02,266.81,0.1
10114,114,11,193.27,195.4,0.8
10115,115,11,501.66,505.22,0.2
10116,116,11,647.31,681.18,1.4
10117,117,11,229.27,216.93,2.6
10118,118,11,347.28,378.3,1.0
10119,119,11,218.85,225.74,0.1
10120,120,11,246.66,221.8,1.8
10121,121,11,332.93,349.34,0.0
10122,122,11,249.79,248.25,9.5
10123,123,11,594.59,626.24,1.1
10124,124,11,998.32,1032.63,22.1
10125,125,11,588.62,579.37,0.0
10126,126,11,565.0,566.51,1.5
10127,127,11,892.33,857.59,2.7
10128,128,11,1015.68,986.13,3.4
10129,129,11,377.37,391.56,2.2
10130,130,11,247.06,231.24,7.5
10131,131,11,207.23,213.37,0.6
10132,132,11,883.45,885.42,2.3
10133,133,11,300.22,293.77,0.1
10134,134,11,289.91,271.74,0.3
10135,135,11,530.38,525.04,0.7
10136,136,11,566.71,569.09,10.0
10137,137,11,504.28,500.96,0.5
10138,138,11,719.65,717.99,12.0
10139,139,11,572.74,561.88,1.3
10140,140,11,1081.0,1074.2,0.7
10141,141,11,334.21,343.53,0.4
10142,142,11,972.99,962.63,5.8
10143,143,11,502.69,501.1,0.2
10144,144,11,255.47,252.56,0.3
10145,145,11,827.28,801.89,0.7
10146,146,11,1000.0,1012.86,2.1
10147,147,11,898.56,926.71,0.9
10148,148,11,984.97,1028.27,0.2
10149,149,11,348.25,352.96,0.8
10150,150,11,339.63,373.07,1.2
10151,151,11,279.89,316.13,0.6
10152,152,11,804.12,808.37,0.1
10153,153,11,914.93,910.69,0.3
10154,154,11,923.78,941.88,4.0
10155,155,11,902.22,903.85,0.6
10156,156,11,621.61,660.59,0.7
10157,157,11,287.25,283.0,2.2
10158,158,11,260.14,262.5,1.8
10159,159,11,331.91,331.31,0.4
10160,160,11,564.01,553.83,0.2
10161,161,11,319.18,312.28,1.1
10162,162,11,1024.38,1049.33,2.5
10163,163,11,616.38,640.93,1.8
10164,164,11,310.55,283.45,0.6
10165,165,11,956.35,952.57,0.1
10166,166,11,525.63,554.75,0.7
10167,167,11,596.87,581.19,1.0
10168,168,11,268.26,242.47,11.1
10169,169,11,259.24,259.46,0.4
10170,170,11,295.5,294.63,8.3
10171,171,11,644.41,647.31,0.9
10172,172,11,658.38,679.59,0.4
10173,173,11,1069.61,1085.49,1.9
10174,174,11,886.6,894.53,1.4
10175,175,11,240.85,229.64,0.4
10176,176,11,886.07,896.75,1.5
10177,177,11,272.71,286.58,0.6
10178,178,11,287.08,282.66,0.2
10179,179,11,514.23,545.26,0.1
10180,180,11,934.59,915.23,0.1
10181,181,11,1023.17,993.79,0.8
10182,182,11,885.89,874.0,0.8
10183,183,11,353.74,347.27,4.1
10184,184,11,300.05,291.43,0.1
10185,185,11,351.54,388.78,1.8
10186,186,11,541.5,566.04,1.4
10187,187,11,327.72,357.98,0.9
10188,188,11,288.8,313.79,1.2
10189,189,11,324.75,338.36,0.4
10190,190,11,530.16,504.83,1.4
10191,191,11,676.58,649.47,0.4
10192,192,11,224.4,256.96,0.5
10193,193,11,311.82,305.5,1.9
10194,194,11,604.94,617.56,0.8
10195,195,11,548.08,562.41,0.8
10196,196,11,396.6,436.75,1.1
10197,197,11,391.43,398.96,3.7
10198,198,11,895.31,887.21,0.1
10199,199,11,607.84,634.58,2.5
10200,200,11,317.57,306.34,1.1
10201,201,11,590.03,592.39,1.8
10202,202,11,607.3,608.02,0.1
10203,203,11,327.94,321.62,0.5
10204,204,11,312.26,326.77,1.4
10205,205,11,1112.86,1147.95,0.2
10206,206,11,581.26,581.39,1.4
10207,207,11,281.43,285.54,0.3
10208,208,11,571.38,556.42,0.2
10209,209,11,361.17,357.53,0.7
10210,210,11,531.38,513.32,3.5
10211,211,11,278.51,249.24,1.6
10212,212,11,287.02,265.87,2.5
10213,213,11,316.78,330.18,0.9
10214,214,11,890.39,878.86,0.1
10215,215,11,533.15,543.76,1.6
10216,216,11,1004.25,1001.17,0.0
10217,217,11,278.78,288.15,0.0
10218,218,11,700.0,703.12,0.5
10219,219,11,314.2,331.54,3.4
10220,220,11,662.36,677.87,0.5
10221,221,11,330.54,324.79,2.2
10222,222,11,598.28,589.39,2.6
10223,223,11,327.52,340.69,2.0
10224,224,11,264.14,257.11,5.0
10225,225,11,653.66,669.22,0.2
10226,226,11,423.3,410.04,1.0
10227,227,11,271.23,269.31,0.5
10228,228,11,934.87,938.33,0.3
10229,229,11,298.74,317.22,0.2
10230,230,11,624.3,625.4,0.3
10231,231,11,951.05,947.72,0.3
10232,232,11,491.11,504.1,1.1
10233,233,11,274.54,267.16,4.0
10234,234,11,584.08,593.6,0.6
10235,235,11,560.74,568.8,0.2
10236,236,11,310.54,335.32,6.5
10237,237,11,608.18,605.74,0.4
10238,238,11,890.48,893.87,3.9
10239,239,11,292.65,287.01,0.6
10240,240,11,316.4,312.64,2.6
10241,241,11,527.02,544.95,1.2
10242,242,11,314.82,310.91,0.6
10243,243,11,609.15,603.29,3.7
10244,244,11,216.77,237.39,1.8
10245,245,11,280.09,265.55,2.0
10246,246,11,508.78,504.07,0.2
10247,247,11,980.27,936.65,0.7
10248,248,11,343.81,337.26,2.5
10249,249,11,993.78,983.29,0.3
10250,250,11,323.45,312.8,0.1
10251,251,11,347.4,352.75,3.9
10252,252,11,520.17,509.31,4.4
10253,253,11,249.58,246.36,0.6
10254,254,11,528.25,538.45,2.6
10255,255,11,281.08,293.88,4.2
10256,256,11,379.81,375.0,0.8
10257,257,11,300.61,293.44,2.3
10258,258,11,1032.11,1013.87,0.0
10259,259,11,940.42,906.25,6.0
10260,260,11,249.32,246.17,0.5
10261,261,11,308.35,314.77,1.6
10262,262,11,1001.81,992.51,1.3
10263,263,11,303.52,311.1,0.6
10264,264,11,873.73,892.17,0.6
10265,265,11,604.23,618.4,1.3
10266,266,11,767.83,780.19,0.2
10267,267,11,322.25,326.03,0.9
10268,268,11,224.7,228.32,0.7
10269,269,11,237.84,256.33,2.0
10270,270,11,339.9,331.63,0.8
10271,271,11,326.97,332.34,0.2
10272,272,11,909.56,853.43,0.3
10273,273,11,388.16,377.06,4.5
10274,274,11,330.75,343.62,0.1
10275,275,11,266.75,262.26,1.0
10276,276,11,324.96,335.26,0.4
10277,277,11,584.7,602.78,5.1
10278,278,11,326.1,344.19,0.2
10279,279,11,613.05,606.12,3.0
10280,280,11,1018.0,1015.97,0.0
10281,281,11,226.88,201.82,1.1
10282,282,11,602.07,593.36,1.4
10283,283,11,251.76,262.01,2.1
10284,284,11,247.79,232.17,0.2
10285,285,11,839.74,844.92,2.3
10286,286,11,969.75,966.53,0.2
10287,287,11,283.84,252.99,0.3
10288,288,11,228.4,244.69,0.9
10289,289,11,271.07,278.14,2.8
10290,290,11,546.82,563.37,2.3
10291,291,11,608.68,594.17,3.5
10292,292,11,257.79,270.76,11.0
10293,293,11,978.42,975.54,0.1
10294,294,11,576.47,588.29,3.9
10295,295,11,302.36,290.49,0.6
10296,296,11,994.79,993.0,0.4
10297,297,11,612.93,621.45,0.4
10298,298,11,370.15,360.6,0.2
10299,299,11,655.66,644.38,1.3
10300,300,11,1073.83,1057.97,0.3
10301,301,11,1067.43,1058.91,2.4
10302,302,11,339.43,356.4,0.2
10303,303,11,541.34,537.88,0.5
10304,304,11,876.67,857.42,0.4
10305,305,11,1006.92,984.87,0.2
10306,306,11,332.06,336.58,0.5
10307,307,11,476.39,430.3,2.8
10308,308,11,1031.87,1039.55,5.9
10309,309,11,287.62,274.67,0.9
10310,310,11,391.35,358.63,0.6
10311,311,11,529.64,533.44,0.7
10312,312,11,560.54,511.68,0.2
10313,313,11,483.04,482.06,0.4
10314,314,11,275.61,308.74,0.1
10315,315,11,712.19,715.76,0.6
10316,316,11,281.94,292.9,0.1
10317,317,11,1004.05,1008.22,2.2
10318,318,11,326.51,328.19,1.9
10319,319,11,293.19,319.73,0.1
10320,320,11,966.44,932.6,3.8
10321,321,11,618.61,584.04,5.0
10322,322,11,256.72,265.71,1.4
10323,323,11,294.3,288.94,0.6
10324,324,11,604.29,596.17,0.8
10325,325,11,940.89,976.96,1.6
10326,326,11,363.93,373.84,1.1
10327,327,11,964.98,962.81,0.9
10328,328,11,300.95,288.29,1.2
10329,329,11,636.51,667.75,0.5
10330,330,11,269.26,274.92,1.9
10331,331,11,227.13,213.8,0.0
10332,332,11,992.76,1013.27,0.1
10333,333,11,235.25,233.69,2.9
10334,334,11,917.41,908.3,0.4
10335,335,11,316.31,290.71,1.9
10336,336,11,250.32,274.61,1.0
10337,337,11,918.68,899.12,0.2
10338,338,11,567.54,578.79,0.5
10339,339,11,223.35,226.5,2.5
10340,340,11,701.78,705.19,0.8
10341,341,11,224.0,244.06,0.6
10342,342,11,935.03,934.98,0.1
10343,343,11,309.74,309.11,1.8
10344,344,11,612.43,620.55,1.4
10345,345,11,299.13,296.92,0.3
10346,346,11,699.06,708.16,0.4
10347,347,11,864.13,858.11,1.6
10348,348,11,970.08,970.61,3.1
10349,349,11,379.44,388.45,0.0
10350,350,11,328.66,337.15,1.3
10351,351,11,339.0,351.32,1.0
10352,352,11,921.03,919.78,0.1
10353,353,11,302.0,312.0,0.1
10354,354,11,607.2,594.23,0.3
10355,355,11,308.48,350.83,0.1
10356,356,11,969.75,989.86,0.7
10357,357,11,513.68,482.74,2.0
10358,358,11,647.35,641.88,0.3
10359,359,11,849.87,854.23,0.1
10360,360,11,959.01,951.47,0.0
10361,361,11,539.23,556.33,0.2
10362,362,11,578.46,553.46,0.1
10363,363,11,568.3,564.24,1.0
10364,364,11,312.24,311.74,3.1
10365,365,11,273.76,323.1,0.2
10366,366,11,602.04,584.83,0.3
10367,367,11,551.56,522.73,0.7
10368,368,11,330.2,310.25,0.0
10369,369,11,214.91,251.14,4.6
10370,370,11,619.95,636.66,3.0
10371,371,11,257.68,267.64,1.7
10372,372,11,576.82,564.04,0.4
10373,373,11,585.22,579.33,1.6
10374,374,11,280.47,272.46,0.4
10375,375,11,307.18,291.28,6.5
10376,376,11,306.09,315.02,2.6
10377,377,11,270.31,282.31,0.2
10378,378,11,675.44,651.24,0.7
10379,379,11,634.4,616.73,0.3
10380,380,11,1014.11,1027.75,8.2
10381,381,11,316.94,350.56,0.7
10382,382,11,563.73,559.8,1.3
10383,383,11,407.74,433.41,1.6
10384,384,11,802.93,794.11,0.0
10385,385,11,274.19,238.69,1.0
10386,386,11,555.44,573.08,0.3
10387,387,11,524.5,525.07,0.7
10388,388,11,234.84,237.1,1.3
10389,389,11,912.39,909.33,2.8
10390,390,11,358.42,330.08,1.5
10391,391,11,226.83,213.56,7.7
10392,392,11,550.95,565.82,0.0
10393,393,11,599.86,617.38,0.3
10394,394,11,279.96,260.47,0.2
10395,395,11,276.79,284.18,0.3
10396,396,11,261.99,269.97,1.0
10397,397,11,943.95,903.45,0.0
10398,398,11,462.81,469.4,4.7
10399,399,11,315.18,304.49,0.1
10400,400,11,296.26,305.38,1.1
10401,401,11,859.44,864.84,0.2
10402,402,11,979.42,970.23,0.1
10403,403,11,260.53,248.0,0.8
10404,404,11,582.72,608.13,1.5
10405,405,11,190.49,164.92,0.4
10406,406,11,271.86,253.32,0.1
10407,407,11,922.61,908.48,1.0
10408,408,11,902.14,907.42,0.6
10409,409,11,348.71,349.5,0.0
10410,410,11,948.77,941.74,0.1
10411,411,11,565.94,552.68,0.9
10412,412,11,605.65,615.73,0.6
10413,413,11,550.07,583.11,2.6
10414,414,11,478.74,505.48,0.3
10415,415,11,977.68,953.1,1.6
10416,416,11,311.42,311.77,0.6
10417,417,11,468.38,455.05,1.2
10418,418,11,293.16,298.53,4.5
10419,419,11,814.79,828.3,0.2
10420,420,11,248.7,267.04,0.1
10421,421,11,232.09,265.75,0.2
10422,422,11,557.83,568.06,0.1
10423,423,11,387.09,387.42,1.0
10424,424,11,312.25,279.25,1.0
10425,425,11,181.48,192.8,0.1
10426,426,11,582.62,595.11,0.1
10427,427,11,289.27,324.25,1.2
10428,428,11,243.95,273.58,0.5
10429,429,11,616.68,617.58,2.0
10430,430,11,1042.99,1028.09,0.6
10431,431,11,565.58,545.59,1.8
10432,432,11,216.81,241.67,0.1
10433,433,11,763.65,750.2,0.7
10434,434,11,965.72,955.76,1.8
10435,435,11,591.22,568.27,0.7
10436,436,11,573.2,620.04,1.2
10437,437,11,264.84,274.69,0.7
10438,438,11,564.66,570.72,3.0
10439,439,11,622.14,631.43,2.5
10440,440,11,308.98,296.26,3.3
10441,441,11,288.85,312.69,0.0
10442,442,11,239.57,236.56,0.5
10443,443,11,544.27,547.99,1.5
10444,444,11,272.88,333.38,0.2
10445,445,11,512.49,499.42,1.0
10446,446,11,851.61,863.33,1.0
10447,447,11,230.96,276.87,0.6
10448,448,11,354.24,348.23,0.2
10449,449,11,305.14,293.09,0.6
10450,450,11,325.26,326.95,2.4
10451,451,11,1005.58,987.65,6.9
10452,452,11,604.3,639.26,2.2
10453,453,11,898.69,903.63,0.2
10454,454,11,950.76,965.91,0.6
10455,455,11,355.21,358.49,0.0
10456,456,11,540.34,542.94,0.4
10457,457,11,265.44,256.77,0.3
10458,458,11,326.6,370.52,0.6
10459,459,11,277.08,276.68,2.5
10460,460,11,257.12,233.82,0.5
10461,461,11,500.16,501.92,0.1
10462,462,11,615.08,629.04,0.4
10463,463,11,309.29,312.71,0.1
10464,464,11,356.1,389.77,1.4
10465,465,11,584.5,529.93,0.1
10466,466,11,554.46,526.15,0.2
10467,467,11,670.98,666.28,0.4
10468,468,11,313.45,291.54,1.7
10469,469,11,275.62,299.91,0.0
10470,470,11,468.85,473.8,2.1
10471,471,11,558.41,538.4,0.1
10472,472,11,221.67,241.67,2.5
10473,473,11,285.78,307.82,0.5
10474,474,11,273.58,281.37,0.3
10475,475,11,679.15,656.95,1.3
10476,476,11,220.43,206.36,0.2
10477,477,11,540.93,520.94,0.4
10478,478,11,1011.23,1014.82,0.5
10479,479,11,276.31,291.14,3.6
10480,480,11,144.2,152.34,2.3
10481,481,11,212.23,203.19,0.3
10482,482,11,242.95,277.63,0.9
10483,483,11,1013.46,1019.04,0.3
10484,484,11,1093.39,1077.94,0.9
10485,485,11,236.53,221.52,7.2
10486,486,11,940.94,958.81,1.3
10487,487,11,244.3,251.88,6.0
10488,488,11,630.66,625.29,0.1
10489,489,11,675.43,693.06,0.3
10490,490,11,307.53,313.41,0.6
10491,491,11,597.55,587.22,0.8
10492,492,11,557.07,538.03,2.0
10493,493,11,299.41,296.62,4.7
10494,494,11,1068.04,1059.77,1.8
10495,495,11,278.97,270.99,0.6
10496,496,11,176.99,142.96,1.4
10497,497,11,981.0,988.28,0.5
10498,498,11,256.54,269.83,1.8
10499,499,11,197.54,191.23,0.1
10500,500,11,310.6,340.84,1.0
10501,501,11,324.3,316.2,0.1
10502,502,11,391.99,409.57,1.2
10503,503,11,209.14,211.61,0.1
10504,504,11,571.97,550.93,0.2
10505,505,11,347.34,331.89,0.3
10506,506,11,871.23,851.7,0.6
10507,507,11,853.79,844.9,0.5
10508,508,11,245.75,254.59,0.5
10509,509,11,953.67,925.99,0.5
10510,510,11,903.16,927.65,2.8
10511,511,11,873.93,882.26,0.3
10512,512,11,663.58,668.85,7.0
10513,513,11,278.96,246.59,0.5
10514,514,11,204.31,234.79,2.4
10515,515,11,987.8,1014.17,0.9
10516,516,11,623.01,603.54,0.3
10517,517,11,965.29,989.86,4.2
10518,518,11,615.71,617.67,0.1
10519,519,11,373.7,387.07,1.5
10520,520,11,231.1,209.58,0.4
10521,521,11,977.81,983.08,0.1
10522,522,11,376.25,351.63,0.4
10523,523,11,450.57,459.5,0.4
10524,524,11,896.68,873.27,0.2
10525,525,11,360.45,380.52,1.7
10526,526,11,323.73,344.44,0.6
10527,527,11,568.81,586.68,0.2
10528,528,11,981.61,970.97,0.7
10529,529,11,464.91,464.1,0.7
10530,530,11,367.66,363.72,0.1
10531,531,11,239.0,240.87,4.8
10532,532,11,217.78,196.34,0.4
10533,533,11,318.39,306.75,0.6
10534,534,11,274.35,299.92,0.1
10535,535,11,1009.33,1041.18,3.9
10536,536,11,320.54,315.35,0.3
10537,537,11,1087.91,1108.16,2.9
10538,538,11,1020.69,1012.73,2.3
10539,539,11,482.86,510.57,2.1
10540,540,11,632.82,648.58,0.0
10541,541,11,231.67,193.78,0.3
10542,542,11,644.66,630.04,0.0
10543,543,11,302.23,319.0,0.2
10544,544,11,271.17,282.08,0.1
10545,545,11,509.97,525.1,1.0
10546,546,11,186.46,206.32,0.3
10547,547,11,201.54,226.02,0.4
10548,548,11,686.29,660.78,2.7
10549,549,11,241.59,243.31,8.3
10550,550,11,285.27,268.12,1.6
10551,551,11,266.9,270.97,1.6
10552,552,11,272.65,254.59,0.1
10553,553,11,596.76,592.29,1.8
10554,554,11,681.19,698.48,0.2
10555,555,11,328.23,306.72,6.5
10556,556,11,587.34,597.01,0.0
10557,557,11,1063.83,1073.18,0.6
10558,558,11,510.61,515.65,1.0
10559,559,11,587.18,604.38,2.8
10560,560,11,611.86,598.58,0.4
10561,561,11,1043.49,1023.59,0.3
10562,562,11,941.69,956.36,0.3
10563,563,11,263.28,271.92,0.0
10564,564,11,255.51,252.66,0.0
10565,565,11,232.78,248.55,3.2
10566,566,11,553.15,532.76,0.9
10567,567,11,269.74,298.1,6.5
10568,568,11,839.45,820.46,1.1
10569,569,11,320.57,298.8,1.3
10570,570,11,623.39,622.68,4.2
10571,571,11,246.01,200.37,0.9
10572,572,11,244.51,227.85,0.3
10573,573,11,258.81,255.73,9.5
10574,574,11,560.24,528.39,0.8
10575,575,11,242.23,239.62,3.1
10576,576,11,326.22,320.23,0.1
10577,577,11,443.98,479.56,0.4
10578,578,11,1100.15,1119.51,2.0
10579,579,11,521.43,533.27,0.1
10580,580,11,648.31,623.89,1.6
10581,581,11,342.42,329.51,1.0
10582,582,11,1029.85,1054.1,2.2
10583,583,11,362.99,365.0,3.6
10584,584,11,944.88,948.96,0.7
10585,585,11,991.18,994.55,0.1
10586,586,11,256.36,248.32,1.0
10587,587,11,182.07,187.22,1.9
10588,588,11,537.64,540.43,2.3
10589,589,11,658.0,632.6,2.0
10590,590,11,560.81,552.74,8.4
10591,591,11,1098.18,1081.14,1.4
10592,592,11,703.29,697.38,1.6
10593,593,11,448.76,497.49,1.3
10594,594,11,694.27,692.14,1.5
10595,595,11,354.37,393.73,0.5
10596,596,11,615.26,596.89,4.0
10597,597,11,959.9,948.96,0.3
10598,598,11,282.37,250.27,3.4
10599,599,11,849.15,842.91,0.0
10600,600,11,1006.48,1017.64,2.3
10601,601,11,286.12,273.17,5.1
10602,602,11,926.92,900.42,2.4
10603,603,11,530.12,528.72,1.1
10604,604,11,285.46,287.08,1.1
10605,605,11,264.36,305.64,1.2
10606,606,11,242.58,206.61,4.9
10607,607,11,562.27,541.56,5.3
10608,608,11,252.35,248.44,0.8
10609,609,11,319.05,308.17,1.1
10610,610,11,941.13,937.94,0.0
10611,611,11,657.02,666.16,1.8
10612,612,11,609.3,590.88,1.5
10613,613,11,895.12,878.49,0.5
10614,614,11,291.57,272.21,0.8
10615,615,11,210.98,189.39,0.0
10616,616,11,615.9,584.45,0.0
10617,617,11,341.46,285.59,2.4
10618,618,11,313.69,333.87,0.4
10619,619,11,478.25,507.76,0.2
10620,620,11,223.05,225.99,0.7
10621,621,11,572.16,598.3,0.5
10622,622,11,601.41,578.41,1.6
10623,623,11,549.04,557.12,1.4
10624,624,11,260.27,251.49,0.0
10625,625,11,226.35,207.19,0.4
10626,626,11,964.8,952.39,5.6
10627,627,11,961.42,947.61,0.2
10628,628,11,345.78,328.8,1.1
10629,629,11,349.63,318.18,1.0
10630,630,11,491.85,511.35,0.0
10631,631,11,336.66,325.4,0.2
10632,632,11,298.38,301.29,1.4
10633,633,11,240.02,250.69,0.3
10634,634,11,294.81,287.57,1.5
10635,635,11,316.04,323.55,0.5
10636,636,11,307.16,290.59,1.3
10637,637,11,867.8,865.83,2.1
10638,638,11,259.73,265.84,1.4
10639,639,11,297.73,306.48,0.2
10640,640,11,340.18,336.25,1.2
10641,641,11,869.0,880.41,0.1
10642,642,11,244.55,236.06,1.1
10643,643,11,274.13,269.88,0.6
10644,644,11,582.88,574.82,0.6
10645,645,11,603.85,618.84,0.5
10646,646,11,1029.22,983.42,2.2
10647,647,11,230.6,229.34,0.4
10648,648,11,302.9,313.95,0.4
10649,649,11,261.89,238.64,0.0
10650,650,11,503.06,522.32,0.2
10651,651,11,384.4,399.07,0.4
10652,652,11,217.63,216.17,1.1
10653,653,11,242.27,291.69,0.3
10654,654,11,935.27,916.43,1.4
10655,655,11,260.66,269.26,0.5
10656,656,11,316.27,318.75,0.1
10657,657,11,957.11,945.8,1.2
10658,658,11,504.19,504.9,2.6
10659,659,11,632.15,678.24,0.0
10660,660,11,615.53,612.3,2.8
10661,661,11,322.98,317.3,0.1
10662,662,11,1034.76,1016.93,0.1
10663,663,11,155.19,160.37,0.8
10664,664,11,995.17,986.97,1.3
10665,665,11,245.1,226.66,0.2
10666,666,11,501.78,492.82,0.1
10667,667,11,571.82,594.24,2.0
10668,668,11,238.22,208.37,0.6
10669,669,11,393.63,397.99,1.0
10670,670,11,502.18,470.53,0.8
10671,671,11,232.58,200.01,0.6
10672,672,11,1037.12,1024.92,1.0
10673,673,11,267.83,257.27,6.9
10674,674,11,614.37,649.22,0.6
10675,675,11,504.38,479.42,6.8
10676,676,11,291.87,301.38,0.1
10677,677,11,525.41,538.32,1.3
10678,678,11,547.18,543.87,0.3
10679,679,11,599.53,625.25,1.4
10680,680,11,679.72,680.98,3.8
10681,681,11,588.87,603.24,0.5
10682,682,11,237.42,226.18,0.7
10683,683,11,272.88,259.34,0.5
10684,684,11,372.49,414.95,0.4
10685,685,11,538.49,570.6,0.9
10686,686,11,813.64,833.02,0.6
10687,687,11,191.75,210.7,0.2
10688,688,11,557.5,575.21,0.0
10689,689,11,310.51,288.8,5.1
10690,690,11,537.59,536.57,0.2
10691,691,11,624.74,668.04,0.8
10692,692,11,590.23,606.32,0.0
10693,693,11,668.87,644.04,1.4
10694,694,11,605.73,614.41,1.0
10695,695,11,302.88,317.93,0.7
10696,696,11,590.64,579.51,1.2
10697,697,11,216.55,209.59,0.4
10698,698,11,994.75,977.21,0.1
10699,699,11,514.99,520.1,0.3
10700,700,11,279.74,267.53,0.5
10701,701,11,202.58,208.9,0.1
10702,702,11,243.08,227.25,0.3
10703,703,11,1019.02,1017.33,0.3
10704,704,11,322.86,336.99,2.7
10705,705,11,658.31,638.22,4.7
10706,706,11,337.08,380.0,0.3
10707,707,11,536.36,516.39,1.7
10708,708,11,569.47,532.76,1.1
10709,709,11,288.93,294.09,0.2
10710,710,11,606.34,640.3,0.9
10711,711,11,287.93,255.39,1.2
10712,712,11,946.9,932.43,3.6
10713,713,11,317.1,297.39,1.0
10714,714,11,647.07,610.14,1.1
10715,715,11,334.61,337.73,0.2
10716,716,11,660.67,712.07,1.5
10717,717,11,415.42,424.26,0.2
10718,718,11,634.15,620.8,0.1
10719,719,11,275.94,287.07,5.9
10720,720,11,324.59,320.03,0.9
10721,721,11,1022.44,999.0,0.8
10722,722,11,329.68,344.02,0.2
10723,723,11,373.75,420.42,0.1
10724,724,11,463.31,484.36,0.1
10725,725,11,337.22,328.8,0.2
10726,726,11,1091.52,1082.16,0.2
10727,727,11,327.4,325.54,1.0
10728,728,11,977.18,981.05,1.9
10729,729,11,986.92,1004.91,0.3
10730,730,11,284.35,286.89,3.5
10731,731,11,283.81,292.64,2.1
10732,732,11,630.68,608.37,0.0
10733,733,11,635.04,658.4,3.6
10734,734,11,330.33,326.04,1.9
10735,735,11,326.72,346.64,0.1
10736,736,11,338.33,343.17,0.2
10737,737,11,520.39,493.45,1.7
10738,738,11,640.61,623.78,0.4
10739,739,11,372.33,397.02,1.8
10740,740,11,567.79,555.6,0.4
10741,741,11,673.97,664.98,0.1
10742,742,11,810.16,848.34,0.0
10743,743,11,267.76,238.55,0.2
10744,744,11,266.94,283.07,1.7
10745,745,11,312.77,324.99,1.9
10746,746,11,612.92,594.94,1.9
10747,747,11,294.04,281.59,0.7
10748,748,11,339.68,357.88,0.9
10749,749,11,647.45,652.43,0.8
10750,750,11,567.49,587.53,0.5
10751,751,11,259.66,253.06,0.1
10752,752,11,335.68,323.35,3.2
10753,753,11,256.87,262.27,1.6
10754,754,11,304.5,315.9,1.7
10755,755,11,365.53,369.36,2.1
10756,756,11,274.0,280.4,0.3
10757,757,11,341.69,362.25,1.7
10758,758,11,1025.19,1028.64,1.0
10759,759,11,941.27,933.22,0.4
10760,760,11,310.08,317.94,0.9
10761,761,11,686.63,671.42,0.0
10762,762,11,326.68,284.18,3.7
10763,763,11,1034.49,1020.9,2.9
10764,764,11,1079.04,1109.57,1.1
10765,765,11,584.53,595.87,0.7
10766,766,11,519.32,548.8,0.2
10767,767,11,387.42,383.67,0.5
10768,768,11,305.83,330.35,1.7
10769,769,11,326.5,321.22,1.7
10770,770,11,260.88,238.47,6.4
10771,771,11,618.43,602.55,0.7
10772,772,11,244.15,229.21,4.1
10773,773,11,302.19,304.09,0.3
10774,774,11,566.6,592.96,2.1
10775,775,11,471.85,464.02,0.3
10776,776,11,583.84,574.68,4.2
10777,777,11,460.11,475.44,0.5
10778,778,11,799.85,816.88,0.7
10779,779,11,338.12,341.95,0.9
10780,780,11,554.74,556.57,1.8
10781,781,11,245.29,237.66,0.3
10782,782,11,310.07,316.44,1.3
10783,783,11,811.83,787.73,2.4
10784,784,11,335.1,349.76,0.0
10785,785,11,249.24,238.63,0.3
10786,786,11,282.74,269.33,0.8
10787,787,11,944.72,947.33,0.4
10788,788,11,1126.98,1128.65,0.5
10789,789,11,261.06,294.43,1.3
10790,790,11,610.33,633.47,0.7
10791,791,11,287.36,260.31,1.5
10792,792,11,523.34,518.76,2.6
10793,793,11,197.36,192.31,2.6
10794,794,11,268.95,288.19,0.7
10795,795,11,636.97,659.56,0.5
10796,796,11,981.9,977.21,1.0
10797,797,11,287.44,255.16,1.9
10798,798,11,344.54,349.65,0.5
10799,799,11,814.88,794.16,1.7
10800,800,11,265.11,238.42,0.1
10801,801,11,223.31,222.35,0.3
10802,802,11,615.04,606.44,5.5
10803,803,11,294.95,286.48,2.4
10804,804,11,321.84,328.69,0.2
10805,805,11,229.65,215.73,1.0
10806,806,11,289.41,278.33,1.8
10807,807,11,535.08,505.43,0.4
10808,808,11,986.69,969.37,1.8
10809,809,11,317.13,333.47,0.1
10810,810,11,553.81,552.15,0.6
10811,811,11,196.1,220.61,1.8
10812,812,11,265.01,245.8,3.2
10813,813,11,518.45,498.56,1.0
10814,814,11,234.21,188.12,0.9
10815,815,11,537.67,555.78,0.1
10816,816,11,226.69,219.56,0.1
10817,817,11,583.89,583.71,0.1
10818,818,11,1000.29,979.71,0.1
10819,819,11,272.42,242.06,1.0
10820,820,11,1010.37,1002.14,0.2
10821,821,11,252.12,243.8,0.8
10822,822,11,306.94,328.7,0.5
10823,823,11,224.47,195.22,1.9
10824,824,11,930.7,926.83,6.0
10825,825,11,573.73,597.25,0.4
10826,826,11,930.13,906.83,0.9
10827,827,11,626.22,609.16,1.0
10828,828,11,151.12,148.8,1.9
10829,829,11,910.54,921.99,2.2
10830,830,11,911.77,917.55,2.7
10831,831,11,581.93,593.25,2.2
10832,832,11,593.59,577.74,2.2
10833,833,11,981.4,986.87,0.9
10834,834,11,275.43,287.8,2.6
10835,835,11,983.25,956.83,1.1
10836,836,11,960.33,995.92,0.9
10837,837,11,558.51,551.9,0.4
10838,838,11,267.48,230.29,0.0
10839,839,11,221.81,241.13,0.4
10840,840,11,975.15,971.78,1.9
10841,841,11,1013.08,1025.8,5.0
10842,842,11,523.68,537.04,0.3
10843,843,11,981.99,988.15,1.2
10844,844,11,569.38,593.34,1.2
10845,845,11,1099.26,1082.33,0.1
10846,846,11,231.29,260.28,3.1
10847,847,11,247.51,215.27,4.8
10848,848,11,465.34,480.24,0.2
10849,849,11,254.55,259.92,0.3
10850,850,11,312.51,337.81,0.3
10851,851,11,554.71,533.91,2.1
10852,852,11,331.01,334.36,0.1
10853,853,11,612.55,649.94,5.9
10854,854,11,290.36,273.66,5.3
10855,855,11,982.59,967.32,3.5
10856,856,11,311.16,343.49,0.0
10857,857,11,558.93,593.84,0.2
10858,858,11,571.1,572.26,2.8
10859,859,11,289.57,252.98,4.8
10860,860,11,284.47,268.31,0.1
10861,861,11,276.09,250.51,12.2
10862,862,11,259.54,297.91,0.2
10863,863,11,295.34,292.21,0.6
10864,864,11,339.98,323.41,0.1
10865,865,11,508.29,510.67,0.4
10866,866,11,305.33,286.0,0.1
10867,867,11,308.21,300.49,0.5
10868,868,11,269.38,269.31,0.1
10869,869,11,213.63,194.24,6.8
10870,870,11,525.13,488.04,0.7
10871,871,11,530.71,536.5,0.6
10872,872,11,510.55,532.36,1.6
10873,873,11,253.95,231.99,0.9
10874,874,11,274.19,296.95,0.1
10875,875,11,215.36,197.32,0.7
10876,876,11,549.9,553.4,0.9
10877,877,11,242.79,246.04,1.8
10878,878,11,1036.9,1007.33,0.2
10879,879,11,622.96,604.95,0.0
10880,880,11,515.53,501.64,0.8
10881,881,11,554.71,547.3,0.8
10882,882,11,762.55,776.83,6.2
10883,883,11,234.68,253.61,1.2
10884,884,11,260.93,242.59,2.2
10885,885,11,960.8,996.11,0.0
10886,886,11,598.49,571.98,1.1
10887,887,11,283.71,273.44,0.0
10888,888,11,344.04,337.3,1.8
10889,889,11,270.58,304.56,1.0
10890,890,11,823.23,814.99,0.5
10891,891,11,333.35,294.37,0.3
10892,892,11,276.58,268.15,0.2
10893,893,11,286.65,304.73,0.4
10894,894,11,1091.33,1108.41,6.2
10895,895,11,596.49,580.96,3.0
10896,896,11,260.53,251.34,0.2
10897,897,11,964.7,981.15,0.4
10898,898,11,365.33,375.13,0.6
10899,899,11,548.41,550.55,0.8
10900,900,11,510.19,470.68,0.3
10901,901,11,332.81,324.88,0.3
10902,902,11,643.0,642.18,0.2
10903,903,11,1026.49,1035.87,2.0
10904,904,11,343.2,334.15,1.7
10905,905,11,321.57,294.37,0.3
10906,906,11,1026.74,1034.22,0.1
10907,907,11,249.3,265.55,3.5
10908,908,11,689.52,677.61,0.0
10909,909,11,237.32,212.31,1.5
10910,910,11,862.3,842.3,1.4
10911,911,11,532.16,499.83,2.9
10912,912,11,894.68,883.31,0.3
10913,913,11,270.44,269.74,0.8
10914,914,11,905.21,900.7,1.7
10915,915,11,554.48,593.16,2.2
10916,916,11,551.18,557.07,0.8
10917,917,11,567.65,565.17,0.6
10918,918,11,350.25,347.98,1.2
10919,919,11,533.39,553.45,2.3
10920,920,11,230.67,255.8,3.6
10921,921,11,342.04,357.04,0.4
10922,922,11,602.88,646.24,3.1
10923,923,11,260.57,268.51,19.9
10924,924,11,650.12,659.14,1.8
10925,925,11,259.3,283.59,3.0
10926,926,11,273.03,270.01,0.2
10927,927,11,481.84,465.98,0.6
10928,928,11,281.59,278.15,0.7
10929,929,11,1065.98,1079.22,0.3
10930,930,11,868.25,890.81,1.3
10931,931,11,215.36,226.4,0.9
10932,932,11,230.72,248.33,1.7
10933,933,11,313.72,328.36,2.5
10934,934,11,568.28,583.99,2.3
10935,935,11,268.53,281.88,2.4
10936,936,11,872.35,848.29,0.0
10937,937,11,985.88,986.29,0.1
10938,938,11,308.09,321.29,2.4
10939,939,11,581.07,565.96,1.8
10940,940,11,293.61,290.0,0.6
10941,941,11,520.76,485.95,0.6
10942,942,11,282.6,276.61,0.1
10943,943,11,545.71,561.22,0.3
10944,944,11,249.41,299.78,0.4
10945,945,11,876.98,862.12,0.2
10946,946,11,343.25,332.48,0.8
10947,947,11,486.68,530.07,0.3
10948,948,11,931.76,972.3,1.1
10949,949,11,593.51,630.29,1.1
10950,950,11,656.36,633.26,1.2
10951,951,11,360.64,383.82,1.0
10952,952,11,244.32,255.39,0.8
10953,953,11,337.47,368.55,3.5
10954,954,11,957.82,956.24,0.5
10955,955,11,212.9,235.21,0.4
10956,956,11,243.22,247.4,0.0
10957,957,11,512.71,530.93,0.0
10958,958,11,277.74,267.65,3.1
10959,959,11,883.06,916.0,0.5
10960,960,11,289.09,295.77,0.3
10961,961,11,306.81,284.68,0.2
10962,962,11,479.0,483.93,0.9
10963,963,11,522.79,475.11,0.3
10964,964,11,877.62,880.8,1.0
10965,965,11,326.64,332.03,0.1
10966,966,11,233.77,236.39,0.0
10967,967,11,326.99,362.93,0.1
10968,968,11,365.34,360.58,5.8
10969,969,11,596.55,602.45,3.2
10970,970,11,211.31,250.59,0.2
10971,971,11,642.75,666.66,0.6
10972,972,11,1030.89,1048.96,0.2
10973,973,11,241.96,229.53,0.9
10974,974,11,540.87,576.99,1.9
10975,975,11,318.16,310.15,2.5
10976,976,11,1004.77,1028.93,0.2
10977,977,11,211.64,227.81,0.4
10978,978,11,590.11,610.2,0.1
10979,979,11,250.06,269.77,0.2
10980,980,11,235.46,239.98,0.9
10981,981,11,212.61,232.75,2.4
10982,982,11,358.52,357.27,0.8
10983,983,11,813.67,820.4,0.9
10984,984,11,268.32,256.33,1.4
10985,985,11,976.55,977.59,0.4
10986,986,11,307.09,287.78,0.5
10987,987,11,266.75,268.92,0.2
10988,988,11,302.15,305.31,0.8
10989,989,11,260.02,255.02,0.1
10990,990,11,960.99,933.2,6.4
10991,991,11,256.53,256.48,0.0
10992,992,11,944.06,933.52,0.2
10993,993,11,248.79,257.04,5.1
10994,994,11,320.47,325.82,0.5
10995,995,11,354.08,344.78,7.8
10996,996,11,585.39,571.66,0.8
10997,997,11,474.69,444.51,5.7
10998,998,11,800.95,819.94,0.1
10999,999,11,221.47,223.3,2.8
11000,1000,11,220.19,229.59,1.6
11001,1,12,244.77,233.53,0.3
11002,2,12,280.38,263.27,0.8
11003,3,12,313.36,322.86,0.1
11004,4,12,326.43,313.9,0.1
11005,5,12,447.03,437.64,1.6
11006,6,12,255.66,276.1,0.3
11007,7,12,976.09,985.51,0.3
11008,8,12,454.97,415.65,0.6
11009,9,12,317.65,315.56,0.5
11010,10,12,529.46,543.86,1.6
11011,11,12,269.84,285.04,2.1
11012,12,12,1025.52,1010.06,0.9
11013,13,12,882.07,875.0,5.2
11014,14,12,861.14,871.58,1.5
11015,15,12,641.42,631.52,0.3
11016,16,12,981.1,972.36,0.6
11017,17,12,664.97,670.45,9.0
11018,18,12,869.34,891.32,0.6
11019,19,12,230.78,240.58,0.2
11020,20,12,1020.73,1029.23,11.1
11021,21,12,678.8,680.61,0.0
11022,22,12,289.65,253.45,2.8
11023,23,12,893.48,883.19,0.2
11024,24,12,473.47,466.09,2.2
11025,25,12,1017.62,987.72,0.8
11026,26,12,148.34,151.16,0.3
11027,27,12,551.48,541.13,0.5
11028,28,12,538.82,486.73,0.8
11029,29,12,266.79,266.71,1.1
11030,30,12,507.27,520.58,0.4
11031,31,12,545.32,561.28,0.8
11032,32,12,299.71,291.45,1.7
11033,33,12,535.22,535.1,0.2
11034,34,12,302.05,277.98,2.1
11035,35,12,932.04,904.32,8.0
11036,36,12,981.84,993.1,0.3
11037,37,12,366.96,359.11,0.4
11038,38,12,522.06,541.1,0.8
11039,39,12,355.86,339.31,0.4
11040,40,12,301.45,324.85,2.9
11041,41,12,981.2,954.91,0.4
11042,42,12,284.53,280.68,0.1
11043,43,12,309.34,307.67,4.4
11044,44,12,296.04,300.35,0.6
11045,45,12,555.67,565.05,0.6
11046,46,12,838.77,840.22,0.5
11047,47,12,320.87,288.9,0.1
11048,48,12,173.86,197.85,0.3
11049,49,12,290.13,299.73,0.6
11050,50,12,315.94,304.88,1.4
11051,51,12,216.71,205.73,0.2
11052,52,12,519.04,522.4,1.0
11053,53,12,579.54,627.35,0.7
11054,54,12,331.53,298.7,1.0
11055,55,12,615.27,610.79,0.1
11056,56,12,503.77,505.88,0.4
11057,57,12,204.1,153.85,1.0
11058,58,12,258.3,243.3,0.1
11059,59,12,513.04,523.33,1.6
11060,60,12,305.83,315.95,2.1
11061,61,12,958.36,961.47,0.8
11062,62,12,974.51,974.2,0.4
11063,63,12,1089.74,1115.53,0.4
11064,64,12,328.52,349.03,1.9
11065,65,12,359.58,324.17,0.2
11066,66,12,1045.03,1025.68,0.7
11067,67,12,291.5,305.71,0.2
11068,68,12,289.28,325.58,0.5
11069,69,12,554.91,579.99,0.7
11070,70,12,333.06,332.4,7.7
11071,71,12,566.48,544.72,0.5
11072,72,12,1085.25,1113.1,0.7
11073,73,12,505.54,493.25,0.8
11074,74,12,278.75,288.05,0.6
11075,75,12,987.55,977.62,0.4
11076,76,12,547.64,551.77,0.3
11077,77,12,366.86,380.46,0.4
11078,78,12,548.19,541.06,1.0
11079,79,12,283.76,273.8,1.4
11080,80,12,265.79,269.44,0.6
11081,81,12,601.05,601.52,1.1
11082,82,12,293.93,295.05,0.2
11083,83,12,243.04,220.43,0.7
11084,84,12,491.11,471.12,0.7
11085,85,12,329.48,348.26,0.2
11086,86,12,650.35,641.29,0.7
11087,87,12,255.17,261.56,1.7
11088,88,12,571.85,583.34,1.1
11089,89,12,980.95,962.54,0.0
11090,90,12,232.8,228.1,4.0
11091,91,12,553.02,560.66,0.6
11092,92,12,221.17,185.83,0.1
11093,93,12,263.88,259.68,1.0
11094,94,12,344.2,337.38,0.5
11095,95,12,250.0,250.15,2.2
11096,96,12,281.7,259.31,0.6
11097,97,12,522.65,544.4,1.1
11098,98,12,661.24,674.42,0.7
11099,99,12,809.69,832.61,2.2
11100,100,12,1012.85,1015.37,0.2
11101,101,12,251.24,248.91,0.6
11102,102,12,302.4,287.5,2.3
11103,103,12,280.1,270.76,0.3
11104,104,12,541.67,521.44,1.2
11105,105,12,986.72,991.3,0.8
11106,106,12,297.54,274.36,1.3
11107,107,12,366.91,361.02,0.7
11108,108,12,286.16,237.16,0.8
11109,109,12,868.14,808.72,0.1
11110,110,12,314.37,326.12,7.5
11111,111,12,525.81,493.34,3.3
11112,112,12,255.53,242.65,2.0
11113,113,12,286.02,285.82,0.4
11114,114,12,193.27,205.74,1.1
11115,115,12,501.66,511.07,2.2
11116,116,12,647.31,656.62,3.2
11117,117,12,229.27,219.96,3.4
11118,118,12,347.28,334.14,4.6
11119,119,12,218.85,218.73,0.1
11120,120,12,246.66,263.89,0.4
11121,121,12,332.93,319.88,0.2
11122,122,12,249.79,204.67,6.4
11123,123,12,594.59,585.98,0.0
11124,124,12,998.32,1032.98,3.0
11125,125,12,588.62,557.27,0.6
11126,126,12,565.0,589.45,6.8
11127,127,12,892.33,837.88,9.0
11128,128,12,1015.68,992.78,1.6
11129,129,12,377.37,392.64,2.8
11130,130,12,247.06,232.42,0.3
11131,131,12,207.23,209.13,3.0
11132,132,12,883.45,882.81,1.2
11133,133,12,300.22,334.81,0.1
11134,134,12,289.91,273.95,0.5
11135,135,12,530.38,561.03,1.7
11136,136,12,566.71,554.89,4.8
11137,137,12,504.28,505.58,2.7
11138,138,12,719.65,713.2,0.8
11139,139,12,572.74,580.04,0.2
11140,140,12,1081.0,1060.17,0.1
11141,141,12,334.21,328.14,0.0
11142,142,12,972.99,967.81,1.0
11143,143,12,502.69,532.0,0.0
11144,144,12,255.47,224.78,1.0
11145,145,12,827.28,797.57,0.2
11146,146,12,1000.0,983.49,0.9
11147,147,12,898.56,895.17,0.5
11148,148,12,984.97,982.39,0.3
11149,149,12,348.25,328.98,0.6
11150,150,12,339.63,322.91,0.4
11151,151,12,279.89,281.34,0.4
11152,152,12,804.12,795.69,2.5
11153,153,12,914.93,924.77,7.0
11154,154,12,923.78,920.45,0.8
11155,155,12,902.22,885.95,0.9
11156,156,12,621.61,574.52,0.2
11157,157,12,287.25,301.12,10.5
11158,158,12,260.14,254.07,0.0
11159,159,12,331.91,355.48,0.0
11160,160,12,564.01,542.52,0.0
11161,161,12,319.18,295.82,1.7
11162,162,12,1024.38,1032.47,1.2
11163,163,12,616.38,617.36,1.1
11164,164,12,310.55,298.92,0.1
11165,165,12,956.35,956.11,0.0
11166,166,12,525.63,521.61,0.5
11167,167,12,596.87,602.35,1.2
11168,168,12,268.26,285.32,4.4
11169,169,12,259.24,246.61,0.6
11170,170,12,295.5,294.04,8.0
11171,171,12,644.41,683.72,0.1
11172,172,12,658.38,675.66,1.3
11173,173,12,1069.61,1077.84,0.6
11174,174,12,886.6,887.44,0.7
11175,175,12,240.85,276.01,0.6
11176,176,12,886.07,873.07,3.2
11177,177,12,272.71,274.24,0.4
11178,178,12,287.08,295.8,0.5
11179,179,12,514.23,486.8,0.2
11180,180,12,934.59,923.95,1.4
11181,181,12,1023.17,1079.85,0.4
11182,182,12,885.89,888.02,0.0
11183,183,12,353.74,357.73,2.6
11184,184,12,300.05,299.81,1.1
11185,185,12,351.54,316.27,0.3
11186,186,12,541.5,533.54,1.0
11187,187,12,327.72,332.07,1.3
11188,188,12,288.8,277.28,0.1
11189,189,12,324.75,332.55,0.0
11190,190,12,530.16,504.21,2.0
11191,191,12,676.58,686.05,1.0
11192,192,12,224.4,247.63,2.1
11193,193,12,311.82,309.25,3.7
11194,194,12,604.94,585.39,0.2
11195,195,12,548.08,542.15,3.8
11196,196,12,396.6,379.64,3.0
11197,197,12,391.43,359.21,2.0
11198,198,12,895.31,926.6,0.2
11199,199,12,607.84,583.88,0.5
11200,200,12,317.57,350.79,1.4
11201,201,12,590.03,605.95,0.0
11202,202,12,607.3,636.75,0.3
11203,203,12,327.94,321.26,0.1
11204,204,12,312.26,295.5,1.8
11205,205,12,1112.86,1097.77,0.4
11206,206,12,581.26,587.01,0.1
11207,207,12,281.43,273.38,3.9
11208,208,12,571.38,558.82,0.5
11209,209,12,361.17,384.99,0.3
11210,210,12,531.38,535.75,1.5
11211,211,12,278.51,321.27,3.1
11212,212,12,287.02,272.85,0.2
11213,213,12,316.78,300.0,4.4
11214,214,12,890.39,866.23,2.7
11215,215,12,533.15,533.32,0.3
11216,216,12,1004.25,1025.29,0.1
11217,217,12,278.78,297.69,2.4
11218,218,12,700.0,734.0,0.4
11219,219,12,314.2,336.74,2.7
11220,220,12,662.36,656.56,2.3
11221,221,12,330.54,338.39,0.1
11222,222,12,598.28,622.29,2.2
11223,223,12,327.52,314.21,6.2
11224,224,12,264.14,244.84,0.9
11225,225,12,653.66,659.49,0.9
11226,226,12,423.3,420.6,0.4
11227,227,12,271.23,282.61,0.3
11228,228,12,934.87,917.25,1.8
11229,229,12,298.74,301.58,3.7
11230,230,12,624.3,616.45,0.4
11231,231,12,951.05,944.22,1.0
11232,232,12,491.11,491.8,2.6
11233,233,12,274.54,236.85,1.1
11234,234,12,584.08,573.59,3.6
11235,235,12,560.74,551.57,3.7
11236,236,12,310.54,314.41,1.2
11237,237,12,608.18,589.47,0.7
11238,238,12,890.48,892.21,6.0
11239,239,12,292.65,267.93,0.5
11240,240,12,316.4,311.12,1.8
11241,241,12,527.02,480.17,1.3
11242,242,12,314.82,326.06,1.2
11243,243,12,609.15,573.92,3.2
11244,244,12,216.77,203.87,0.1
11245,245,12,280.09,273.78,6.9
11246,246,12,508.78,518.95,0.0
11247,247,12,980.27,981.69,1.6
11248,248,12,343.81,343.25,0.6
11249,249,12,993.78,1010.92,0.3
11250,250,12,323.45,303.35,0.8
11251,251,12,347.4,349.46,3.8
11252,252,12,520.17,504.15,2.2
11253,253,12,249.58,187.79,1.2
11254,254,12,528.25,557.5,3.8
11255,255,12,281.08,262.64,0.1
11256,256,12,379.81,359.94,0.3
11257,257,12,300.61,295.16,3.0
11258,258,12,1032.11,1003.11,0.6
11259,259,12,940.42,909.88,5.0
11260,260,12,249.32,221.13,0.6
11261,261,12,308.35,298.06,0.1
11262,262,12,1001.81,971.63,6.7
11263,263,12,303.52,321.17,0.6
11264,264,12,873.73,852.75,0.8
11265,265,12,604.23,604.95,0.7
11266,266,12,767.83,773.43,2.6
11267,267,12,322.25,336.07,0.0
11268,268,12,224.7,222.45,5.1
11269,269,12,237.84,237.54,1.7
11270,270,12,339.9,312.56,3.3
11271,271,12,326.97,347.29,2.4
11272,272,12,909.56,906.91,0.5
11273,273,12,388.16,372.04,1.6
11274,274,12,330.75,378.97,0.5
11275,275,12,266.75,279.77,1.8
11276,276,12,324.96,344.3,1.1
11277,277,12,584.7,566.13,3.9
11278,278,12,326.1,339.49,3.1
11279,279,12,613.05,610.51,3.7
11280,280,12,1018.0,980.49,0.2
11281,281,12,226.88,218.43,1.7
11282,282,12,602.07,588.27,0.8
11283,283,12,251.76,246.35,2.1
11284,284,12,247.79,242.6,0.8
11285,285,12,839.74,829.02,0.4
11286,286,12,969.75,936.26,1.5
11287,287,12,283.84,292.12,1.4
11288,288,12,228.4,229.06,0.0
11289,289,12,271.07,286.77,1.8
11290,290,12,546.82,510.33,0.5
11291,291,12,608.68,627.67,0.0
11292,292,12,257.79,275.44,6.1
11293,293,12,978.42,955.24,0.7
11294,294,12,576.47,582.04,4.9
11295,295,12,302.36,314.16,0.9
11296,296,12,994.79,992.33,0.1
11297,297,12,612.93,630.63,0.1
11298,298,12,370.15,407.08,2.2
11299,299,12,655.66,662.81,7.5
11300,300,12,1073.83,1064.14,0.5
11301,301,12,1067.43,1065.44,0.4
11302,302,12,339.43,359.81,0.0
11303,303,12,541.34,539.37,3.4
11304,304,12,876.67,875.32,0.1
11305,305,12,1006.92,995.13,1.0
11306,306,12,332.06,334.61,1.2
11307,307,12,476.39,511.9,9.5
11308,308,12,1031.87,1034.85,2.3
11309,309,12,287.62,305.41,0.1
11310,310,12,391.35,373.93,0.1
11311,311,12,529.64,567.96,1.3
11312,312,12,560.54,555.04,0.3
11313,313,12,483.04,491.23,0.1
11314,314,12,275.61,290.4,0.0
11315,315,12,712.19,702.6,0.4
11316,316,12,281.94,334.65,0.8
11317,317,12,1004.05,996.57,0.5
11318,318,12,326.51,327.96,0.3
11319,319,12,293.19,266.83,0.0
11320,320,12,966.44,976.4,3.9
11321,321,12,618.61,615.09,1.2
11322,322,12,256.72,245.11,0.2
11323,323,12,294.3,304.24,0.0
11324,324,12,604.29,627.76,1.6
11325,325,12,940.89,918.29,1.6
11326,326,12,363.93,353.55,0.8
11327,327,12,964.98,946.16,3.4
11328,328,12,300.95,272.63,2.8
11329,329,12,636.51,680.49,3.5
11330,330,12,269.26,283.68,9.2
11331,331,12,227.13,190.4,0.2
11332,332,12,992.76,1001.37,0.0
11333,333,12,235.25,200.5,15.6
11334,334,12,917.41,896.32,4.5
11335,335,12,316.31,318.77,0.8
11336,336,12,250.32,264.99,0.1
11337,337,12,918.68,935.08,0.9
11338,338,12,567.54,577.0,0.8
11339,339,12,223.35,234.57,3.6
11340,340,12,701.78,712.11,0.3
11341,341,12,224.0,242.83,4.9
11342,342,12,935.03,929.61,0.0
11343,343,12,309.74,294.73,1.1
11344,344,12,612.43,621.1,0.4
11345,345,12,299.13,332.92,0.1
11346,346,12,699.06,691.0,10.9
11347,347,12,864.13,864.82,2.4
11348,348,12,970.08,986.58,5.9
11349,349,12,379.44,399.81,0.0
11350,350,12,328.66,351.96,1.8
11351,351,12,339.0,333.98,0.4
11352,352,12,921.03,944.4,0.1
11353,353,12,302.0,326.35,2.7
11354,354,12,607.2,594.13,0.1
11355,355,12,308.48,296.45,0.6
11356,356,12,969.75,1010.13,0.5
11357,357,12,513.68,539.41,2.3
11358,358,12,647.35,633.64,3.7
11359,359,12,849.87,843.09,1.9
11360,360,12,959.01,938.81,1.6
11361,361,12,539.23,506.25,0.5
11362,362,12,578.46,563.32,1.8
11363,363,12,568.3,573.55,0.7
11364,364,12,312.24,338.32,1.3
11365,365,12,273.76,221.85,0.5
11366,366,12,602.04,595.74,0.1
11367,367,12,551.56,555.36,0.9
11368,368,12,330.2,334.89,0.0
11369,369,12,214.91,231.2,9.2
11370,370,12,619.95,636.3,1.4
11371,371,12,257.68,234.48,2.0
11372,372,12,576.82,606.45,1.6
11373,373,12,585.22,612.74,0.6
11374,374,12,280.47,284.34,1.0
11375,375,12,307.18,293.33,0.7
11376,376,12,306.09,264.07,0.1
11377,377,12,270.31,275.33,0.8
11378,378,12,675.44,656.91,5.3
11379,379,12,634.4,624.29,0.3
11380,380,12,1014.11,1006.79,5.6
11381,381,12,316.94,302.28,0.3
11382,382,12,563.73,548.96,0.3
11383,383,12,407.74,375.13,0.6
11384,384,12,802.93,815.69,0.5
11385,385,12,274.19,266.11,0.0
11386,386,12,555.44,552.18,1.4
11387,387,12,524.5,557.5,5.2
11388,388,12,234.84,210.72,0.4
11389,389,12,912.39,902.56,17.2
11390,390,12,358.42,366.32,1.7
11391,391,12,226.83,238.37,1.6
11392,392,12,550.95,542.46,0.3
11393,393,12,599.86,601.43,7.1
11394,394,12,279.96,230.53,1.0
11395,395,12,276.79,254.13,1.4
11396,396,12,261.99,272.65,0.1
11397,397,12,943.95,934.32,0.1
11398,398,12,462.81,458.9,1.2
11399,399,12,315.18,321.54,1.3
11400,400,12,296.26,307.01,0.6
11401,401,12,859.44,843.76,0.3
11402,402,12,979.42,972.65,0.2
11403,403,12,260.53,241.53,1.1
11404,404,12,582.72,585.8,5.2
11405,405,12,190.49,159.78,0.3
11406,406,12,271.86,282.23,1.8
11407,407,12,922.61,911.22,0.1
11408,408,12,902.14,901.84,1.2
11409,409,12,348.71,347.74,1.4
11410,410,12,948.77,969.46,0.6
11411,411,12,565.94,577.15,0.2
11412,412,12,605.65,597.04,1.9
11413,413,12,550.07,553.44,1.1
11414,414,12,478.74,457.97,0.6
11415,415,12,977.68,950.72,0.0
11416,416,12,311.42,341.12,2.0
11417,417,12,468.38,456.47,2.3
11418,418,12,293.16,292.0,6.5
11419,419,12,814.79,816.14,0.1
11420,420,12,248.7,276.15,0.1
11421,421,12,232.09,265.46,0.6
11422,422,12,557.83,554.57,0.1
11423,423,12,387.09,376.64,2.2
11424,424,12,312.25,286.87,11.8
11425,425,12,181.48,165.38,0.2
11426,426,12,582.62,583.63,0.0
11427,427,12,289.27,264.2,0.2
11428,428,12,243.95,258.34,1.0
11429,429,12,616.68,625.86,0.0
11430,430,12,1042.99,1021.87,0.0
11431,431,12,565.58,563.6,4.6
11432,432,12,216.81,214.07,0.7
11433,433,12,763.65,748.75,0.1
11434,434,12,965.72,982.22,0.2
11435,435,12,591.22,619.4,0.9
11436,436,12,573.2,573.18,2.4
11437,437,12,264.84,273.89,6.0
11438,438,12,564.66,551.33,0.1
11439,439,12,622.14,655.52,0.1
11440,440,12,308.98,308.76,1.9
11441,441,12,288.85,335.0,0.2
11442,442,12,239.57,228.44,2.1
11443,443,12,544.27,552.65,1.1
11444,444,12,272.88,265.03,2.4
11445,445,12,512.49,506.93,1.6
11446,446,12,851.61,866.1,0.3
11447,447,12,230.96,228.0,0.0
11448,448,12,354.24,376.64,2.0
11449,449,12,305.14,314.61,0.4
11450,450,12,325.26,321.71,0.1
11451,451,12,1005.58,1025.6,2.2
11452,452,12,604.3,596.89,4.0
11453,453,12,898.69,903.95,0.6
11454,454,12,950.76,936.0,2.2
11455,455,12,355.21,379.75,0.1
11456,456,12,540.34,553.61,0.0
11457,457,12,265.44,266.75,0.1
11458,458,12,326.6,318.53,0.1
11459,459,12,277.08,293.22,2.6
11460,460,12,257.12,241.13,0.5
11461,461,12,500.16,496.15,0.1
11462,462,12,615.08,607.17,1.0
11463,463,12,309.29,293.75,0.1
11464,464,12,356.1,365.01,0.2
11465,465,12,584.5,587.21,0.6
11466,466,12,554.46,580.79,3.0
11467,467,12,670.98,676.37,2.0
11468,468,12,313.45,306.38,0.1
11469,469,12,275.62,275.09,2.0
11470,470,12,468.85,469.41,0.2
11471,471,12,558.41,554.79,0.3
11472,472,12,221.67,249.34,1.5
11473,473,12,285.78,265.7,0.2
11474,474,12,273.58,302.33,0.8
11475,475,12,679.15,654.48,0.4
11476,476,12,220.43,241.15,0.5
11477,477,12,540.93,517.77,0.4
11478,478,12,1011.23,1020.41,1.4
11479,479,12,276.31,283.55,2.8
11480,480,12,144.2,137.52,0.1
11481,481,12,212.23,224.41,0.2
11482,482,12,242.95,234.44,0.3
11483,483,12,1013.46,1030.21,0.2
11484,484,12,1093.39,1086.97,3.3
11485,485,12,236.53,231.24,0.8
11486,486,12,940.94,949.95,1.3
11487,487,12,244.3,240.53,0.2
11488,488,12,630.66,598.47,0.6
11489,489,12,675.43,634.03,0.6
11490,490,12,307.53,313.89,1.9
11491,491,12,597.55,624.44,1.1
11492,492,12,557.07,575.33,0.3
11493,493,12,299.41,285.23,0.1
11494,494,12,1068.04,1058.18,0.5
11495,495,12,278.97,271.19,0.6
11496,496,12,176.99,183.13,0.6
11497,497,12,981.0,1017.01,0.4
11498,498,12,256.54,261.06,4.1
11499,499,12,197.54,177.32,0.0
11500,500,12,310.6,324.69,2.4
11501,501,12,324.3,353.5,0.1
11502,502,12,391.99,383.79,4.1
11503,503,12,209.14,230.17,0.4
11504,504,12,571.97,529.94,0.4
11505,505,12,347.34,365.0,1.2
11506,506,12,871.23,838.42,2.1
11507,507,12,853.79,847.62,1.2
11508,508,12,245.75,247.88,2.2
11509,509,12,953.67,982.34,0.5
11510,510,12,903.16,895.03,8.8
11511,511,12,873.93,867.57,0.4
11512,512,12,663.58,664.89,0.2
11513,513,12,278.96,242.14,0.9
11514,514,12,204.31,224.0,8.5
11515,515,12,987.8,1003.59,0.1
11516,516,12,623.01,622.96,0.9
11517,517,12,965.29,975.22,1.4
11518,518,12,615.71,618.86,2.3
11519,519,12,373.7,390.69,0.9
11520,520,12,231.1,226.9,0.1
11521,521,12,977.81,982.12,0.3
11522,522,12,376.25,383.13,0.9
11523,523,12,450.57,463.71,0.2
11524,524,12,896.68,859.83,0.4
11525,525,12,360.45,350.79,0.1
11526,526,12,323.73,338.33,0.4
11527,527,12,568.81,568.68,1.0
11528,528,12,981.61,983.88,5.9
11529,529,12,464.91,462.99,0.0
11530,530,12,367.66,377.81,0.0
11531,531,12,239.0,223.18,1.9
11532,532,12,217.78,235.53,4.9
11533,533,12,318.39,307.43,1.0
11534,534,12,274.35,277.68,0.6
11535,535,12,1009.33,987.23,7.4
11536,536,12,320.54,313.67,0.9
11537,537,12,1087.91,1114.62,0.2
11538,538,12,1020.69,1027.46,0.1
11539,539,12,482.86,481.36,1.5
11540,540,12,632.82,670.77,5.7
11541,541,12,231.67,225.28,0.7
11542,542,12,644.66,651.88,1.4
11543,543,12,302.23,320.88,0.2
11544,544,12,271.17,252.81,0.8
11545,545,12,509.97,493.09,1.5
11546,546,12,186.46,193.44,9.2
11547,547,12,201.54,210.35,0.2
11548,548,12,686.29,705.83,0.8
11549,549,12,241.59,236.47,0.5
11550,550,12,285.27,263.28,0.5
11551,551,12,266.9,248.56,2.0
11552,552,12,272.65,282.24,0.3
11553,553,12,596.76,630.03,3.3
11554,554,12,681.19,690.52,0.0
11555,555,12,328.23,339.69,0.4
11556,556,12,587.34,584.41,0.6
11557,557,12,1063.83,1047.47,0.2
11558,558,12,510.61,510.72,3.4
11559,559,12,587.18,589.3,0.7
11560,560,12,611.86,602.59,0.6
11561,561,12,1043.49,1051.94,0.4
11562,562,12,941.69,964.34,1.9
11563,563,12,263.28,267.69,0.0
11564,564,12,255.51,281.05,2.4
11565,565,12,232.78,220.03,0.5
11566,566,12,553.15,540.72,0.2
11567,567,12,269.74,304.21,2.0
11568,568,12,839.45,865.51,1.0
11569,569,12,320.57,355.21,0.7
11570,570,12,623.39,586.09,3.5
11571,571,12,246.01,245.45,3.4
11572,572,12,244.51,253.87,1.3
11573,573,12,258.81,242.05,8.2
11574,574,12,560.24,529.71,3.0
11575,575,12,242.23,276.65,1.1
11576,576,12,326.22,308.27,11.2
11577,577,12,443.98,441.42,0.0
11578,578,12,1100.15,1069.46,1.8
11579,579,12,521.43,506.57,1.8
11580,580,12,648.31,596.02,0.7
11581,581,12,342.42,373.25,0.7
11582,582,12,1029.85,1046.27,0.4
11583,583,12,362.99,389.99,2.3
11584,584,12,944.88,962.93,0.4
11585,585,12,991.18,1012.0,0.4
11586,586,12,256.36,261.19,1.8
11587,587,12,182.07,154.98,0.3
11588,588,12,537.64,590.78,4.0
11589,589,12,658.0,649.12,3.5
11590,590,12,560.81,530.46,0.7
11591,591,12,1098.18,1124.31,0.9
11592,592,12,703.29,741.74,1.1
11593,593,12,448.76,446.35,0.3
11594,594,12,694.27,696.54,0.3
11595,595,12,354.37,383.03,0.3
11596,596,12,615.26,606.76,0.7
11597,597,12,959.9,937.36,0.1
11598,598,12,282.37,304.98,0.1
11599,599,12,849.15,851.21,0.6
11600,600,12,1006.48,1036.2,5.9
11601,601,12,286.12,299.0,0.3
11602,602,12,926.92,920.07,0.6
11603,603,12,530.12,529.61,0.4
11604,604,12,285.46,271.99,0.0
11605,605,12,264.36,249.12,0.3
11606,606,12,242.58,255.8,0.3
11607,607,12,562.27,572.97,1.2
11608,608,12,252.35,267.58,6.2
11609,609,12,319.05,302.31,0.5
11610,610,12,941.13,952.08,1.9
11611,611,12,657.02,661.49,1.2
11612,612,12,609.3,580.49,0.4
11613,613,12,895.12,914.52,0.2
11614,614,12,291.57,294.07,1.0
11615,615,12,210.98,237.22,2.8
11616,616,12,615.9,607.31,0.1
11617,617,12,341.46,329.52,0.3
11618,618,12,313.69,299.32,2.0
11619,619,12,478.25,477.77,0.6
11620,620,12,223.05,243.91,0.3
11621,621,12,572.16,605.93,2.2
11622,622,12,601.41,585.52,0.6
11623,623,12,549.04,524.99,0.4
11624,624,12,260.27,277.22,0.2
11625,625,12,226.35,240.37,3.1
11626,626,12,964.8,958.99,6.3
11627,627,12,961.42,962.01,0.0
11628,628,12,345.78,368.78,0.6
11629,629,12,349.63,359.18,0.5
11630,630,12,491.85,482.14,0.1
11631,631,12,336.66,328.86,0.1
11632,632,12,298.38,286.02,0.3
11633,633,12,240.02,242.1,0.8
11634,634,12,294.81,261.75,2.1
11635,635,12,316.04,308.2,1.4
11636,636,12,307.16,311.89,0.8
11637,637,12,867.8,870.91,0.6
11638,638,12,259.73,261.8,0.7
11639,639,12,297.73,311.76,0.1
11640,640,12,340.18,360.72,1.3
11641,641,12,869.0,821.42,1.9
11642,642,12,244.55,217.24,1.6
11643,643,12,274.13,269.78,2.7
11644,644,12,582.88,601.58,0.5
11645,645,12,603.85,603.86,0.0
11646,646,12,1029.22,993.54,0.7
11647,647,12,230.6,232.45,5.9
11648,648,12,302.9,304.15,0.1
11649,649,12,261.89,262.5,0.5
11650,650,12,503.06,509.43,0.0
11651,651,12,384.4,368.15,1.1
11652,652,12,217.63,214.2,0.8
11653,653,12,242.27,262.7,0.2
11654,654,12,935.27,924.76,3.0
11655,655,12,260.66,263.78,0.9
11656,656,12,316.27,333.91,1.1
11657,657,12,957.11,964.67,0.6
11658,658,12,504.19,496.5,1.0
11659,659,12,632.15,640.36,0.9
11660,660,12,615.53,604.35,3.1
11661,661,12,322.98,333.95,0.7
11662,662,12,1034.76,1068.58,0.5
11663,663,12,155.19,177.58,2.7
11664,664,12,995.17,1001.38,1.1
11665,665,12,245.1,224.11,0.3
11666,666,12,501.78,524.94,0.3
11667,667,12,571.82,599.16,1.5
11668,668,12,238.22,236.61,0.9
11669,669,12,393.63,400.09,0.1
11670,670,12,502.18,510.77,2.7
11671,671,12,232.58,243.01,1.1
11672,672,12,1037.12,1046.72,0.2
11673,673,12,267.83,282.29,0.4
11674,674,12,614.37,608.64,1.1
11675,675,12,504.38,459.81,2.8
11676,676,12,291.87,283.84,1.3
11677,677,12,525.41,526.69,1.5
11678,678,12,547.18,554.87,3.4
11679,679,12,599.53,607.5,0.5
11680,680,12,679.72,674.57,10.1
11681,681,12,588.87,560.78,0.5
11682,682,12,237.42,222.89,0.0
11683,683,12,272.88,258.96,1.6
11684,684,12,372.49,362.21,3.6
11685,685,12,538.49,520.56,7.5
11686,686,12,813.64,807.11,0.5
11687,687,12,191.75,163.93,0.0
11688,688,12,557.5,557.37,0.5
11689,689,12,310.51,294.35,3.7
11690,690,12,537.59,520.49,1.0
11691,691,12,624.74,644.37,0.2
11692,692,12,590.23,599.75,0.4
11693,693,12,668.87,650.97,1.0
11694,694,12,605.73,619.02,0.3
11695,695,12,302.88,283.54,0.1
11696,696,12,590.64,596.42,1.1
11697,697,12,216.55,206.02,3.3
11698,698,12,994.75,971.61,2.8
11699,699,12,514.99,502.41,5.5
11700,700,12,279.74,286.74,0.4
11701,701,12,202.58,224.3,1.1
11702,702,12,243.08,242.13,0.8
11703,703,12,1019.02,1029.78,0.7
11704,704,12,322.86,307.24,0.2
11705,705,12,658.31,676.51,1.2
11706,706,12,337.08,364.99,3.8
11707,707,12,536.36,549.8,2.6
11708,708,12,569.47,534.24,1.1
11709,709,12,288.93,279.33,0.3
11710,710,12,606.34,594.93,1.0
11711,711,12,287.93,313.43,1.7
11712,712,12,946.9,951.97,0.2
11713,713,12,317.1,341.22,0.1
11714,714,12,647.07,613.72,0.2
11715,715,12,334.61,349.86,0.3
11716,716,12,660.67,680.56,2.3
11717,717,12,415.42,462.67,0.5
11718,718,12,634.15,629.5,1.1
11719,719,12,275.94,267.68,4.4
11720,720,12,324.59,335.28,1.5
11721,721,12,1022.44,1038.59,1.0
11722,722,12,329.68,313.33,0.5
11723,723,12,373.75,385.09,7.9
11724,724,12,463.31,452.82,2.5
11725,725,12,337.22,323.77,0.1
11726,726,12,1091.52,1094.98,0.5
11727,727,12,327.4,311.77,3.3
11728,728,12,977.18,953.49,2.5
11729,729,12,986.92,988.72,0.1
11730,730,12,284.35,273.03,3.0
11731,731,12,283.81,243.02,5.7
11732,732,12,630.68,634.66,0.5
11733,733,12,635.04,599.21,1.4
11734,734,12,330.33,325.7,0.3
11735,735,12,326.72,329.32,1.2
11736,736,12,338.33,310.35,0.1
11737,737,12,520.39,563.3,0.9
11738,738,12,640.61,636.67,0.1
11739,739,12,372.33,374.98,2.4
11740,740,12,567.79,544.93,0.4
11741,741,12,673.97,654.18,1.1
11742,742,12,810.16,824.02,3.9
11743,743,12,267.76,305.87,5.5
11744,744,12,266.94,292.18,8.9
11745,745,12,312.77,311.6,2.2
11746,746,12,612.92,602.37,0.5
11747,747,12,294.04,290.9,1.4
11748,748,12,339.68,345.59,0.5
11749,749,12,647.45,653.48,0.1
11750,750,12,567.49,552.22,0.2
11751,751,12,259.66,268.38,4.4
11752,752,12,335.68,341.73,0.6
11753,753,12,256.87,226.12,9.6
11754,754,12,304.5,292.15,3.5
11755,755,12,365.53,316.91,0.3
11756,756,12,274.0,288.5,0.6
11757,757,12,341.69,307.89,0.8
11758,758,12,1025.19,1005.12,1.8
11759,759,12,941.27,924.44,0.2
11760,760,12,310.08,250.37,0.7
11761,761,12,686.63,706.56,0.2
11762,762,12,326.68,320.92,1.0
11763,763,12,1034.49,1009.02,1.1
11764,764,12,1079.04,1070.92,6.2
11765,765,12,584.53,618.48,3.1
11766,766,12,519.32,523.8,0.5
11767,767,12,387.42,361.93,3.1
11768,768,12,305.83,320.18,0.4
11769,769,12,326.5,354.02,0.2
11770,770,12,260.88,295.54,1.5
11771,771,12,618.43,595.57,0.1
11772,772,12,244.15,217.18,0.7
11773,773,12,302.19,272.35,0.0
11774,774,12,566.6,594.94,2.3
11775,775,12,471.85,477.37,0.1
11776,776,12,583.84,583.1,4.8
11777,777,12,460.11,505.96,0.2
11778,778,12,799.85,758.37,0.6
11779,779,12,338.12,302.48,0.4
11780,780,12,554.74,504.9,3.6
11781,781,12,245.29,255.02,1.6
11782,782,12,310.07,299.37,0.3
11783,783,12,811.83,844.55,0.8
11784,784,12,335.1,324.2,1.3
11785,785,12,249.24,252.32,0.3
11786,786,12,282.74,302.11,1.5
11787,787,12,944.72,939.71,0.3
11788,788,12,1126.98,1143.17,0.7
11789,789,12,261.06,259.63,1.7
11790,790,12,610.33,581.85,6.4
11791,791,12,287.36,279.29,2.6
11792,792,12,523.34,514.22,0.6
11793,793,12,197.36,224.81,2.8
11794,794,12,268.95,253.43,0.4
11795,795,12,636.97,654.58,1.0
11796,796,12,981.9,1012.67,0.3
11797,797,12,287.44,270.02,1.7
11798,798,12,344.54,391.66,2.0
11799,799,12,814.88,792.51,1.9
11800,800,12,265.11,286.42,1.1
11801,801,12,223.31,245.97,0.1
11802,802,12,615.04,590.49,0.2
11803,803,12,294.95,270.58,0.1
11804,804,12,321.84,318.87,0.0
11805,805,12,229.65,193.04,2.8
11806,806,12,289.41,301.34,0.4
11807,807,12,535.08,535.28,0.1
11808,808,12,986.69,982.15,1.7
11809,809,12,317.13,362.96,0.6
11810,810,12,553.81,532.95,0.1
11811,811,12,196.1,206.05,2.9
11812,812,12,265.01,273.59,2.2
11813,813,12,518.45,521.11,5.1
11814,814,12,234.21,223.87,0.2
11815,815,12,537.67,492.24,0.9
11816,816,12,226.69,209.58,0.5
11817,817,12,583.89,583.58,0.9
11818,818,12,1000.29,1014.64,0.3
11819,819,12,272.42,255.35,0.2
11820,820,12,1010.37,1030.55,2.0
11821,821,12,252.12,242.94,0.3
11822,822,12,306.94,303.98,0.5
11823,823,12,224.47,222.45,0.6
11824,824,12,930.7,923.08,4.0
11825,825,12,573.73,554.51,0.0
11826,826,12,930.13,961.38,2.2
11827,827,12,626.22,652.68,0.5
11828,828,12,151.12,152.16,3.7
11829,829,12,910.54,936.54,3.9
11830,830,12,911.77,901.84,1.8
11831,831,12,581.93,572.18,1.9
11832,832,12,593.59,600.84,2.2
11833,833,12,981.4,985.91,0.5
11834,834,12,275.43,283.95,0.3
11835,835,12,983.25,965.38,0.5
11836,836,12,960.33,950.02,0.1
11837,837,12,558.51,529.13,2.0
11838,838,12,267.48,305.1,0.4
11839,839,12,221.81,219.36,0.3
11840,840,12,975.15,978.31,3.5
11841,841,12,1013.08,1029.1,9.6
11842,842,12,523.68,513.78,0.5
11843,843,12,981.99,963.38,0.8
11844,844,12,569.38,525.66,0.3
11845,845,12,1099.26,1115.44,0.1
11846,846,12,231.29,224.16,3.1
11847,847,12,247.51,257.04,0.2
11848,848,12,465.34,430.57,0.4
11849,849,12,254.55,251.67,0.7
11850,850,12,312.51,282.76,0.9
11851,851,12,554.71,518.64,0.6
11852,852,12,331.01,317.0,0.0
11853,853,12,612.55,599.22,0.8
11854,854,12,290.36,315.51,7.4
11855,855,12,982.59,996.42,2.6
11856,856,12,311.16,321.88,0.1
11857,857,12,558.93,550.12,1.6
11858,858,12,571.1,566.46,0.5
11859,859,12,289.57,282.62,0.6
11860,860,12,284.47,280.34,0.5
11861,861,12,276.09,272.77,1.3
11862,862,12,259.54,297.76,0.0
11863,863,12,295.34,299.46,1.1
11864,864,12,339.98,333.55,0.3
11865,865,12,508.29,502.86,0.2
11866,866,12,305.33,304.17,2.9
11867,867,12,308.21,321.67,0.4
11868,868,12,269.38,241.83,0.8
11869,869,12,213.63,200.37,3.5
11870,870,12,525.13,521.24,4.9
11871,871,12,530.71,547.71,2.6
11872,872,12,510.55,498.65,0.3
11873,873,12,253.95,239.89,2.4
11874,874,12,274.19,267.53,1.8
11875,875,12,215.36,231.85,0.0
11876,876,12,549.9,589.97,0.6
11877,877,12,242.79,211.62,4.1
11878,878,12,1036.9,1042.45,1.0
11879,879,12,622.96,630.12,2.6
11880,880,12,515.53,500.54,0.5
11881,881,12,554.71,527.67,1.7
11882,882,12,762.55,734.68,1.0
11883,883,12,234.68,224.19,1.1
11884,884,12,260.93,261.94,4.2
11885,885,12,960.8,950.46,0.1
11886,886,12,598.49,598.88,1.4
11887,887,12,283.71,294.94,0.1
11888,888,12,344.04,334.68,0.1
11889,889,12,270.58,251.24,1.2
11890,890,12,823.23,857.56,1.9
11891,891,12,333.35,332.66,0.0
11892,892,12,276.58,267.35,1.2
11893,893,12,286.65,300.46,1.2
11894,894,12,1091.33,1118.3,7.5
11895,895,12,596.49,595.96,0.6
11896,896,12,260.53,261.63,0.0
11897,897,12,964.7,953.85,1.9
11898,898,12,365.33,345.05,0.0
11899,899,12,548.41,556.09,0.1
11900,900,12,510.19,503.08,0.4
11901,901,12,332.81,315.9,0.5
11902,902,12,643.0,659.82,0.1
11903,903,12,1026.49,1033.62,3.1
11904,904,12,343.2,304.98,0.6
11905,905,12,321.57,340.56,0.3
11906,906,12,1026.74,1048.48,0.3
11907,907,12,249.3,228.4,0.7
11908,908,12,689.52,699.83,2.5
11909,909,12,237.32,246.04,0.1
11910,910,12,862.3,856.22,2.1
11911,911,12,532.16,529.8,2.9
11912,912,12,894.68,870.05,0.2
11913,913,12,270.44,260.51,0.6
11914,914,12,905.21,874.93,8.4
11915,915,12,554.48,549.39,0.7
11916,916,12,551.18,544.36,2.4
11917,917,12,567.65,564.05,0.5
11918,918,12,350.25,346.57,1.0
11919,919,12,533.39,516.06,2.6
11920,920,12,230.67,228.95,0.3
11921,921,12,342.04,381.58,0.2
11922,922,12,602.88,558.43,2.5
11923,923,12,260.57,257.0,8.2
11924,924,12,650.12,648.86,1.2
11925,925,12,259.3,261.61,0.9
11926,926,12,273.03,250.3,3.8
11927,927,12,481.84,514.83,0.0
11928,928,12,281.59,229.13,1.4
11929,929,12,1065.98,1084.7,3.5
11930,930,12,868.25,872.35,0.6
11931,931,12,215.36,236.78,0.9
11932,932,12,230.72,213.88,2.5
11933,933,12,313.72,310.14,2.2
11934,934,12,568.28,578.13,1.1
11935,935,12,268.53,256.87,0.1
11936,936,12,872.35,884.25,0.3
11937,937,12,985.88,985.07,0.8
11938,938,12,308.09,285.5,0.2
11939,939,12,581.07,553.34,0.5
11940,940,12,293.61,295.5,0.6
11941,941,12,520.76,528.78,2.0
11942,942,12,282.6,258.44,0.4
11943,943,12,545.71,509.25,0.3
11944,944,12,249.41,290.04,0.1
11945,945,12,876.98,890.97,4.6
11946,946,12,343.25,334.76,2.5
11947,947,12,486.68,508.66,1.1
11948,948,12,931.76,981.42,3.7
11949,949,12,593.51,605.13,0.8
11950,950,12,656.36,654.91,1.6
11951,951,12,360.64,368.53,2.5
11952,952,12,244.32,262.94,0.6
11953,953,12,337.47,343.88,2.3
11954,954,12,957.82,953.9,0.5
11955,955,12,212.9,184.93,0.3
11956,956,12,243.22,257.82,0.5
11957,957,12,512.71,512.22,0.1
11958,958,12,277.74,271.49,2.1
11959,959,12,883.06,890.44,2.1
11960,960,12,289.09,279.79,2.4
11961,961,12,306.81,328.88,0.5
11962,962,12,479.0,470.07,0.7
11963,963,12,522.79,505.49,0.3
11964,964,12,877.62,882.17,0.7
11965,965,12,326.64,329.92,0.9
11966,966,12,233.77,223.81,1.1
11967,967,12,326.99,341.4,0.2
11968,968,12,365.34,391.35,0.6
11969,969,12,596.55,613.38,0.5
11970,970,12,211.31,234.23,0.2
11971,971,12,642.75,605.85,0.4
11972,972,12,1030.89,998.05,0.1
11973,973,12,241.96,250.26,0.1
11974,974,12,540.87,530.8,0.1
11975,975,12,318.16,328.25,1.8
11976,976,12,1004.77,1038.99,0.1
11977,977,12,211.64,208.32,5.6
11978,978,12,590.11,606.84,1.9
11979,979,12,250.06,218.88,0.7
11980,980,12,235.46,245.24,2.6
11981,981,12,212.61,195.81,0.2
11982,982,12,358.52,376.77,3.7
11983,983,12,813.67,836.27,1.9
11984,984,12,268.32,286.17,0.0
11985,985,12,976.55,984.51,4.9
11986,986,12,307.09,331.14,0.2
11987,987,12,266.75,263.88,1.0
11988,988,12,302.15,318.93,0.2
11989,989,12,260.02,263.12,0.8
11990,990,12,960.99,987.67,0.2
11991,991,12,256.53,228.29,0.2
11992,992,12,944.06,949.95,0.1
11993,993,12,248.79,250.13,1.5
11994,994,12,320.47,328.59,0.1
11995,995,12,354.08,362.97,0.1
11996,996,12,585.39,568.39,0.2
11997,997,12,474.69,461.24,3.0
11998,998,12,800.95,820.32,0.0
11999,999,12,221.47,250.99,6.4
12000,1000,12,220.19,202.91,0.5
