ticket_id,customer_id,month,ticket_count,issue_type
1,1,1,6,Service
2,2,1,3,Technical
3,3,1,2,Technical
4,4,1,4,Technical
5,5,1,4,Technical
6,6,1,3,Service
7,7,1,3,Technical
8,8,1,5,Billing
9,9,1,6,Billing
10,10,1,6,Technical
11,11,1,7,Billing
12,12,1,3,Service
13,13,1,5,Billing
14,14,1,2,Billing
15,15,1,3,Billing
16,16,1,5,Technical
17,17,1,6,Technical
18,18,1,3,Service
19,19,1,5,Service
20,20,1,2,Billing
21,21,1,3,Billing
22,22,1,6,Technical
23,23,1,3,Technical
24,24,1,5,Billing
25,25,1,5,Service
26,26,1,1,Billing
27,27,1,3,Technical
28,28,1,4,Billing
29,29,1,5,Service
30,30,1,3,Technical
31,31,1,4,Service
32,32,1,3,Billing
33,33,1,2,Service
34,34,1,10,Service
35,35,1,5,Service
36,36,1,8,Billing
37,37,1,10,Billing
38,38,1,0,Technical
39,39,1,3,Billing
40,40,1,0,Billing
41,41,1,2,Service
42,42,1,1,Technical
43,43,1,4,Technical
44,44,1,4,Service
45,45,1,8,Technical
46,46,1,3,Service
47,47,1,5,Technical
48,48,1,1,Billing
49,49,1,4,Service
50,50,1,7,Billing
51,51,1,1,Billing
52,52,1,5,Technical
53,53,1,6,Technical
54,54,1,4,Technical
55,55,1,2,Billing
56,56,1,3,Technical
57,57,1,2,Technical
58,58,1,4,Billing
59,59,1,5,Technical
60,60,1,3,Service
61,61,1,6,Billing
62,62,1,5,Billing
63,63,1,6,Billing
64,64,1,1,Service
65,65,1,6,Billing
66,66,1,2,Billing
67,67,1,3,Technical
68,68,1,0,Technical
69,69,1,1,Technical
70,70,1,2,Billing
71,71,1,6,Billing
72,72,1,8,Billing
73,73,1,3,Billing
74,74,1,3,Service
75,75,1,4,Service
76,76,1,4,Billing
77,77,1,4,Billing
78,78,1,8,Service
79,79,1,4,Technical
80,80,1,5,Billing
81,81,1,4,Billing
82,82,1,4,Billing
83,83,1,3,Technical
84,84,1,2,Billing
85,85,1,2,Technical
86,86,1,2,Service
87,87,1,4,Billing
88,88,1,3,Billing
89,89,1,5,Billing
90,90,1,4,Service
91,91,1,3,Service
92,92,1,3,Billing
93,93,1,1,Technical
94,94,1,4,Technical
95,95,1,9,Service
96,96,1,5,Billing
97,97,1,3,Service
98,98,1,7,Service
99,99,1,5,Technical
100,100,1,2,Technical
101,101,1,3,Service
102,102,1,5,Service
103,103,1,6,Technical
104,104,1,5,Technical
105,105,1,6,Billing
106,106,1,3,Billing
107,107,1,6,Service
108,108,1,6,Technical
109,109,1,3,Technical
110,110,1,6,Technical
111,111,1,3,Service
112,112,1,3,Technical
113,113,1,6,Technical
114,114,1,2,Technical
115,115,1,6,Billing
116,116,1,4,Billing
117,117,1,1,Technical
118,118,1,2,Technical
119,119,1,7,Technical
120,120,1,5,Billing
121,121,1,6,Billing
122,122,1,4,Billing
123,123,1,6,Billing
124,124,1,3,Service
125,125,1,2,Service
126,126,1,1,Billing
127,127,1,4,Billing
128,128,1,3,Technical
129,129,1,2,Service
130,130,1,6,Billing
131,131,1,6,Service
132,132,1,3,Technical
133,133,1,5,Technical
134,134,1,9,Billing
135,135,1,0,Billing
136,136,1,2,Billing
137,137,1,8,Service
138,138,1,7,Technical
139,139,1,3,Service
140,140,1,6,Service
141,141,1,4,Technical
142,142,1,3,Technical
143,143,1,11,Technical
144,144,1,1,Technical
145,145,1,4,Technical
146,146,1,5,Technical
147,147,1,5,Service
148,148,1,3,Service
149,149,1,4,Technical
150,150,1,3,Billing
151,151,1,0,Billing
152,152,1,4,Technical
153,153,1,1,Service
154,154,1,2,Billing
155,155,1,6,Billing
156,156,1,3,Technical
157,157,1,2,Technical
158,158,1,1,Technical
159,159,1,5,Service
160,160,1,1,Service
161,161,1,3,Technical
162,162,1,0,Service
163,163,1,5,Service
164,164,1,2,Billing
165,165,1,4,Technical
166,166,1,2,Technical
167,167,1,4,Billing
168,168,1,1,Billing
169,169,1,4,Technical
170,170,1,4,Service
171,171,1,3,Billing
172,172,1,3,Service
173,173,1,2,Billing
174,174,1,3,Technical
175,175,1,6,Billing
176,176,1,2,Service
177,177,1,4,Technical
178,178,1,3,Service
179,179,1,3,Service
180,180,1,7,Billing
181,181,1,3,Billing
182,182,1,6,Billing
183,183,1,3,Service
184,184,1,5,Billing
185,185,1,3,Service
186,186,1,8,Service
187,187,1,5,Technical
188,188,1,3,Technical
189,189,1,3,Billing
190,190,1,3,Technical
191,191,1,4,Billing
192,192,1,6,Service
193,193,1,4,Service
194,194,1,6,Service
195,195,1,3,Service
196,196,1,4,Technical
197,197,1,6,Billing
198,198,1,6,Billing
199,199,1,2,Billing
200,200,1,7,Service
201,201,1,3,Technical
202,202,1,7,Technical
203,203,1,3,Billing
204,204,1,2,Service
205,205,1,4,Service
206,206,1,7,Technical
207,207,1,5,Billing
208,208,1,5,Billing
209,209,1,3,Service
210,210,1,0,Service
211,211,1,4,Billing
212,212,1,3,Billing
213,213,1,0,Service
214,214,1,3,Billing
215,215,1,2,Technical
216,216,1,3,Service
217,217,1,3,Technical
218,218,1,4,Technical
219,219,1,7,Billing
220,220,1,6,Service
221,221,1,9,Technical
222,222,1,4,Technical
223,223,1,3,Technical
224,224,1,3,Technical
225,225,1,9,Service
226,226,1,5,Technical
227,227,1,2,Service
228,228,1,7,Technical
229,229,1,5,Billing
230,230,1,3,Technical
231,231,1,3,Billing
232,232,1,1,Technical
233,233,1,4,Billing
234,234,1,0,Billing
235,235,1,6,Technical
236,236,1,4,Service
237,237,1,4,Technical
238,238,1,3,Service
239,239,1,2,Service
240,240,1,3,Service
241,241,1,6,Technical
242,242,1,0,Technical
243,243,1,3,Technical
244,244,1,2,Service
245,245,1,4,Technical
246,246,1,3,Technical
247,247,1,2,Technical
248,248,1,1,Technical
249,249,1,4,Service
250,250,1,2,Technical
251,251,1,0,Technical
252,252,1,4,Technical
253,253,1,2,Technical
254,254,1,3,Technical
255,255,1,4,Billing
256,256,1,3,Billing
257,257,1,4,Technical
258,258,1,3,Billing
259,259,1,2,Billing
260,260,1,7,Billing
261,261,1,2,Billing
262,262,1,6,Technical
263,263,1,4,Technical
264,264,1,4,Billing
265,265,1,6,Billing
266,266,1,2,Technical
267,267,1,3,Billing
268,268,1,3,Service
269,269,1,6,Billing
270,270,1,2,Technical
271,271,1,2,Service
272,272,1,2,Billing
273,273,1,5,Service
274,274,1,5,Billing
275,275,1,3,Technical
276,276,1,5,Billing
277,277,1,5,Service
278,278,1,3,Technical
279,279,1,9,Technical
280,280,1,3,Technical
281,281,1,1,Technical
282,282,1,3,Service
283,283,1,5,Billing
284,284,1,6,Technical
285,285,1,3,Service
286,286,1,1,Service
287,287,1,5,Technical
288,288,1,7,Billing
289,289,1,4,Billing
290,290,1,4,Billing
291,291,1,5,Billing
292,292,1,5,Technical
293,293,1,2,Technical
294,294,1,5,Technical
295,295,1,3,Technical
296,296,1,6,Billing
297,297,1,2,Technical
298,298,1,2,Service
299,299,1,7,Technical
300,300,1,4,Technical
301,301,1,3,Technical
302,302,1,6,Technical
303,303,1,4,Service
304,304,1,2,Service
305,305,1,4,Billing
306,306,1,5,Billing
307,307,1,0,Service
308,308,1,7,Technical
309,309,1,6,Technical
310,310,1,5,Technical
311,311,1,4,Service
312,312,1,3,Service
313,313,1,3,Technical
314,314,1,4,Billing
315,315,1,3,Technical
316,316,1,2,Service
317,317,1,3,Billing
318,318,1,1,Technical
319,319,1,3,Service
320,320,1,4,Billing
321,321,1,5,Technical
322,322,1,1,Billing
323,323,1,8,Billing
324,324,1,2,Billing
325,325,1,2,Technical
326,326,1,3,Billing
327,327,1,2,Billing
328,328,1,2,Service
329,329,1,2,Service
330,330,1,3,Billing
331,331,1,6,Billing
332,332,1,10,Service
333,333,1,4,Service
334,334,1,3,Technical
335,335,1,5,Service
336,336,1,4,Technical
337,337,1,6,Billing
338,338,1,3,Technical
339,339,1,5,Service
340,340,1,3,Technical
341,341,1,4,Technical
342,342,1,5,Technical
343,343,1,4,Billing
344,344,1,1,Technical
345,345,1,8,Billing
346,346,1,4,Billing
347,347,1,2,Billing
348,348,1,4,Technical
349,349,1,6,Technical
350,350,1,3,Technical
351,351,1,2,Technical
352,352,1,5,Technical
353,353,1,5,Billing
354,354,1,7,Service
355,355,1,1,Billing
356,356,1,5,Billing
357,357,1,4,Technical
358,358,1,1,Billing
359,359,1,7,Technical
360,360,1,7,Billing
361,361,1,3,Technical
362,362,1,3,Service
363,363,1,3,Technical
364,364,1,2,Billing
365,365,1,2,Billing
366,366,1,3,Technical
367,367,1,0,Technical
368,368,1,4,Billing
369,369,1,6,Billing
370,370,1,3,Billing
371,371,1,6,Technical
372,372,1,2,Billing
373,373,1,6,Service
374,374,1,7,Billing
375,375,1,4,Service
376,376,1,3,Billing
377,377,1,6,Service
378,378,1,9,Billing
379,379,1,2,Service
380,380,1,3,Technical
381,381,1,5,Technical
382,382,1,2,Technical
383,383,1,5,Billing
384,384,1,6,Technical
385,385,1,5,Technical
386,386,1,1,Billing
387,387,1,2,Technical
388,388,1,4,Service
389,389,1,2,Billing
390,390,1,0,Service
391,391,1,3,Billing
392,392,1,6,Technical
393,393,1,1,Technical
394,394,1,1,Billing
395,395,1,4,Billing
396,396,1,3,Technical
397,397,1,2,Service
398,398,1,3,Technical
399,399,1,7,Technical
400,400,1,0,Service
401,401,1,1,Billing
402,402,1,4,Technical
403,403,1,6,Technical
404,404,1,6,Service
405,405,1,2,Service
406,406,1,5,Technical
407,407,1,8,Billing
408,408,1,6,Billing
409,409,1,5,Billing
410,410,1,1,Billing
411,411,1,7,Billing
412,412,1,5,Service
413,413,1,4,Billing
414,414,1,4,Billing
415,415,1,5,Technical
416,416,1,1,Technical
417,417,1,8,Billing
418,418,1,6,Billing
419,419,1,3,Technical
420,420,1,4,Technical
421,421,1,3,Technical
422,422,1,6,Billing
423,423,1,2,Billing
424,424,1,3,Service
425,425,1,5,Service
426,426,1,4,Billing
427,427,1,5,Technical
428,428,1,1,Technical
429,429,1,6,Technical
430,430,1,1,Billing
431,431,1,3,Billing
432,432,1,6,Service
433,433,1,4,Technical
434,434,1,1,Billing
435,435,1,5,Technical
436,436,1,5,Billing
437,437,1,4,Service
438,438,1,3,Technical
439,439,1,7,Technical
440,440,1,7,Technical
441,441,1,3,Billing
442,442,1,7,Billing
443,443,1,8,Service
444,444,1,5,Technical
445,445,1,2,Service
446,446,1,9,Technical
447,447,1,7,Technical
448,448,1,4,Billing
449,449,1,4,Technical
450,450,1,2,Technical
451,451,1,5,Billing
452,452,1,5,Billing
453,453,1,3,Technical
454,454,1,1,Billing
455,455,1,5,Billing
456,456,1,5,Technical
457,457,1,2,Technical
458,458,1,2,Service
459,459,1,8,Technical
460,460,1,8,Billing
461,461,1,5,Technical
462,462,1,4,Service
463,463,1,4,Technical
464,464,1,6,Technical
465,465,1,3,Service
466,466,1,2,Technical
467,467,1,5,Billing
468,468,1,3,Billing
469,469,1,6,Technical
470,470,1,5,Technical
471,471,1,8,Billing
472,472,1,7,Technical
473,473,1,4,Technical
474,474,1,6,Technical
475,475,1,6,Billing
476,476,1,3,Billing
477,477,1,7,Technical
478,478,1,5,Billing
479,479,1,3,Service
480,480,1,7,Billing
481,481,1,3,Service
482,482,1,4,Technical
483,483,1,4,Billing
484,484,1,3,Technical
485,485,1,6,Technical
486,486,1,2,Service
487,487,1,5,Technical
488,488,1,1,Billing
489,489,1,4,Technical
490,490,1,3,Service
491,491,1,7,Billing
492,492,1,6,Technical
493,493,1,2,Technical
494,494,1,2,Technical
495,495,1,2,Service
496,496,1,6,Service
497,497,1,3,Technical
498,498,1,1,Service
499,499,1,11,Billing
500,500,1,4,Technical
501,501,1,2,Billing
502,502,1,8,Billing
503,503,1,4,Service
504,504,1,4,Service
505,505,1,4,Service
506,506,1,3,Service
507,507,1,2,Billing
508,508,1,4,Billing
509,509,1,3,Billing
510,510,1,3,Technical
511,511,1,1,Service
512,512,1,7,Service
513,513,1,8,Technical
514,514,1,6,Service
515,515,1,6,Service
516,516,1,1,Service
517,517,1,2,Service
518,518,1,2,Service
519,519,1,1,Technical
520,520,1,2,Billing
521,521,1,4,Billing
522,522,1,6,Service
523,523,1,3,Billing
524,524,1,5,Billing
525,525,1,6,Technical
526,526,1,2,Billing
527,527,1,4,Service
528,528,1,1,Billing
529,529,1,5,Service
530,530,1,2,Technical
531,531,1,2,Technical
532,532,1,2,Technical
533,533,1,4,Technical
534,534,1,2,Billing
535,535,1,2,Service
536,536,1,3,Technical
537,537,1,3,Billing
538,538,1,4,Technical
539,539,1,4,Service
540,540,1,6,Service
541,541,1,0,Technical
542,542,1,4,Technical
543,543,1,0,Technical
544,544,1,4,Billing
545,545,1,1,Billing
546,546,1,6,Service
547,547,1,4,Technical
548,548,1,5,Billing
549,549,1,8,Technical
550,550,1,3,Billing
551,551,1,2,Service
552,552,1,2,Service
553,553,1,3,Technical
554,554,1,3,Technical
555,555,1,3,Billing
556,556,1,8,Technical
557,557,1,4,Service
558,558,1,5,Technical
559,559,1,6,Billing
560,560,1,3,Technical
561,561,1,5,Billing
562,562,1,3,Technical
563,563,1,6,Service
564,564,1,2,Technical
565,565,1,3,Service
566,566,1,1,Technical
567,567,1,6,Technical
568,568,1,5,Technical
569,569,1,1,Technical
570,570,1,5,Technical
571,571,1,1,Billing
572,572,1,3,Billing
573,573,1,0,Technical
574,574,1,3,Technical
575,575,1,3,Billing
576,576,1,6,Billing
577,577,1,1,Service
578,578,1,4,Technical
579,579,1,4,Technical
580,580,1,7,Billing
581,581,1,7,Service
582,582,1,7,Service
583,583,1,8,Billing
584,584,1,5,Billing
585,585,1,5,Technical
586,586,1,4,Billing
587,587,1,7,Billing
588,588,1,2,Service
589,589,1,6,Service
590,590,1,1,Service
591,591,1,4,Service
592,592,1,9,Billing
593,593,1,5,Service
594,594,1,1,Technical
595,595,1,3,Technical
596,596,1,4,Technical
597,597,1,6,Technical
598,598,1,4,Technical
599,599,1,1,Billing
600,600,1,1,Technical
601,601,1,3,Technical
602,602,1,7,Technical
603,603,1,8,Service
604,604,1,4,Service
605,605,1,6,Technical
606,606,1,3,Service
607,607,1,5,Service
608,608,1,3,Service
609,609,1,8,Technical
610,610,1,3,Technical
611,611,1,3,Technical
612,612,1,1,Billing
613,613,1,7,Technical
614,614,1,3,Billing
615,615,1,7,Billing
616,616,1,3,Technical
617,617,1,3,Technical
618,618,1,2,Billing
619,619,1,6,Service
620,620,1,4,Service
621,621,1,2,Technical
622,622,1,2,Technical
623,623,1,3,Service
624,624,1,2,Billing
625,625,1,9,Billing
626,626,1,7,Technical
627,627,1,6,Technical
628,628,1,2,Billing
629,629,1,5,Service
630,630,1,2,Service
631,631,1,5,Billing
632,632,1,10,Technical
633,633,1,5,Service
634,634,1,4,Technical
635,635,1,4,Service
636,636,1,2,Technical
637,637,1,6,Service
638,638,1,7,Billing
639,639,1,7,Billing
640,640,1,3,Billing
641,641,1,5,Service
642,642,1,2,Technical
643,643,1,2,Technical
644,644,1,5,Technical
645,645,1,0,Service
646,646,1,2,Technical
647,647,1,4,Billing
648,648,1,6,Billing
649,649,1,6,Billing
650,650,1,11,Technical
651,651,1,2,Service
652,652,1,1,Technical
653,653,1,5,Technical
654,654,1,4,Technical
655,655,1,2,Billing
656,656,1,2,Technical
657,657,1,2,Billing
658,658,1,5,Technical
659,659,1,9,Billing
660,660,1,4,Service
661,661,1,2,Technical
662,662,1,5,Service
663,663,1,2,Technical
664,664,1,3,Service
665,665,1,2,Billing
666,666,1,3,Billing
667,667,1,7,Billing
668,668,1,5,Service
669,669,1,3,Billing
670,670,1,4,Billing
671,671,1,3,Technical
672,672,1,2,Service
673,673,1,8,Technical
674,674,1,1,Billing
675,675,1,5,Technical
676,676,1,1,Technical
677,677,1,1,Service
678,678,1,4,Technical
679,679,1,4,Billing
680,680,1,5,Billing
681,681,1,1,Service
682,682,1,0,Technical
683,683,1,2,Billing
684,684,1,1,Technical
685,685,1,5,Service
686,686,1,5,Service
687,687,1,3,Billing
688,688,1,8,Billing
689,689,1,2,Technical
690,690,1,6,Billing
691,691,1,3,Technical
692,692,1,3,Service
693,693,1,6,Service
694,694,1,6,Technical
695,695,1,4,Service
696,696,1,1,Service
697,697,1,5,Billing
698,698,1,3,Service
699,699,1,4,Technical
700,700,1,3,Billing
701,701,1,4,Technical
702,702,1,9,Technical
703,703,1,7,Service
704,704,1,6,Billing
705,705,1,5,Service
706,706,1,2,Billing
707,707,1,3,Billing
708,708,1,10,Technical
709,709,1,3,Technical
710,710,1,4,Billing
711,711,1,9,Service
712,712,1,3,Billing
713,713,1,2,Service
714,714,1,5,Billing
715,715,1,4,Service
716,716,1,3,Billing
717,717,1,4,Billing
718,718,1,2,Technical
719,719,1,3,Technical
720,720,1,5,Billing
721,721,1,7,Service
722,722,1,7,Billing
723,723,1,5,Billing
724,724,1,4,Service
725,725,1,3,Billing
726,726,1,3,Service
727,727,1,6,Service
728,728,1,3,Billing
729,729,1,2,Service
730,730,1,3,Technical
731,731,1,3,Billing
732,732,1,2,Billing
733,733,1,8,Billing
734,734,1,4,Service
735,735,1,6,Technical
736,736,1,7,Technical
737,737,1,3,Technical
738,738,1,2,Service
739,739,1,5,Technical
740,740,1,1,Billing
741,741,1,3,Billing
742,742,1,3,Service
743,743,1,4,Billing
744,744,1,3,Service
745,745,1,2,Service
746,746,1,4,Billing
747,747,1,1,Service
748,748,1,4,Technical
749,749,1,1,Service
750,750,1,7,Technical
751,751,1,4,Technical
752,752,1,4,Technical
753,753,1,6,Technical
754,754,1,6,Billing
755,755,1,7,Technical
756,756,1,3,Technical
757,757,1,5,Technical
758,758,1,8,Billing
759,759,1,6,Service
760,760,1,2,Technical
761,761,1,5,Technical
762,762,1,7,Service
763,763,1,1,Technical
764,764,1,4,Technical
765,765,1,4,Technical
766,766,1,3,Billing
767,767,1,7,Service
768,768,1,3,Service
769,769,1,2,Service
770,770,1,4,Billing
771,771,1,0,Technical
772,772,1,3,Technical
773,773,1,5,Billing
774,774,1,5,Technical
775,775,1,6,Technical
776,776,1,9,Technical
777,777,1,4,Technical
778,778,1,1,Technical
779,779,1,4,Service
780,780,1,1,Service
781,781,1,1,Technical
782,782,1,4,Service
783,783,1,4,Technical
784,784,1,7,Billing
785,785,1,6,Billing
786,786,1,6,Billing
787,787,1,3,Billing
788,788,1,5,Technical
789,789,1,3,Technical
790,790,1,5,Technical
791,791,1,3,Service
792,792,1,2,Billing
793,793,1,4,Billing
794,794,1,4,Service
795,795,1,4,Billing
796,796,1,2,Service
797,797,1,1,Technical
798,798,1,2,Billing
799,799,1,3,Billing
800,800,1,4,Service
801,801,1,3,Technical
802,802,1,8,Service
803,803,1,3,Technical
804,804,1,2,Billing
805,805,1,1,Billing
806,806,1,4,Technical
807,807,1,4,Technical
808,808,1,2,Service
809,809,1,4,Technical
810,810,1,2,Technical
811,811,1,4,Service
812,812,1,4,Service
813,813,1,1,Billing
814,814,1,6,Service
815,815,1,3,Technical
816,816,1,3,Service
817,817,1,7,Technical
818,818,1,5,Technical
819,819,1,8,Service
820,820,1,1,Billing
821,821,1,4,Billing
822,822,1,1,Service
823,823,1,5,Technical
824,824,1,4,Billing
825,825,1,3,Technical
826,826,1,5,Technical
827,827,1,3,Billing
828,828,1,4,Billing
829,829,1,5,Billing
830,830,1,2,Billing
831,831,1,3,Technical
832,832,1,3,Technical
833,833,1,11,Technical
834,834,1,7,Billing
835,835,1,4,Service
836,836,1,4,Service
837,837,1,2,Billing
838,838,1,4,Service
839,839,1,4,Billing
840,840,1,2,Billing
841,841,1,4,Technical
842,842,1,2,Billing
843,843,1,5,Technical
844,844,1,1,Technical
845,845,1,3,Billing
846,846,1,4,Technical
847,847,1,5,Technical
848,848,1,3,Billing
849,849,1,6,Technical
850,850,1,3,Technical
851,851,1,3,Technical
852,852,1,5,Technical
853,853,1,2,Technical
854,854,1,1,Billing
855,855,1,1,Technical
856,856,1,6,Service
857,857,1,2,Technical
858,858,1,5,Service
859,859,1,2,Service
860,860,1,4,Technical
861,861,1,3,Billing
862,862,1,2,Technical
863,863,1,6,Billing
864,864,1,8,Billing
865,865,1,2,Technical
866,866,1,2,Technical
867,867,1,4,Service
868,868,1,0,Technical
869,869,1,4,Technical
870,870,1,2,Technical
871,871,1,6,Service
872,872,1,3,Technical
873,873,1,6,Technical
874,874,1,2,Technical
875,875,1,7,Technical
876,876,1,4,Service
877,877,1,4,Billing
878,878,1,3,Billing
879,879,1,4,Technical
880,880,1,2,Service
881,881,1,2,Billing
882,882,1,4,Service
883,883,1,4,Service
884,884,1,5,Service
885,885,1,5,Technical
886,886,1,5,Technical
887,887,1,3,Technical
888,888,1,3,Service
889,889,1,2,Billing
890,890,1,2,Billing
891,891,1,3,Service
892,892,1,1,Technical
893,893,1,5,Technical
894,894,1,6,Technical
895,895,1,3,Billing
896,896,1,1,Billing
897,897,1,5,Billing
898,898,1,4,Billing
899,899,1,5,Technical
900,900,1,5,Service
901,901,1,4,Technical
902,902,1,5,Service
903,903,1,1,Billing
904,904,1,3,Technical
905,905,1,1,Service
906,906,1,4,Technical
907,907,1,3,Billing
908,908,1,2,Technical
909,909,1,2,Billing
910,910,1,6,Service
911,911,1,4,Technical
912,912,1,3,Technical
913,913,1,3,Technical
914,914,1,4,Billing
915,915,1,4,Billing
916,916,1,4,Billing
917,917,1,6,Billing
918,918,1,4,Billing
919,919,1,3,Billing
920,920,1,4,Service
921,921,1,7,Billing
922,922,1,4,Service
923,923,1,6,Billing
924,924,1,5,Technical
925,925,1,4,Billing
926,926,1,6,Technical
927,927,1,4,Billing
928,928,1,1,Billing
929,929,1,3,Service
930,930,1,5,Technical
931,931,1,3,Technical
932,932,1,4,Service
933,933,1,6,Technical
934,934,1,5,Technical
935,935,1,5,Technical
936,936,1,5,Service
937,937,1,8,Technical
938,938,1,4,Billing
939,939,1,4,Billing
940,940,1,7,Billing
941,941,1,4,Billing
942,942,1,3,Billing
943,943,1,5,Billing
944,944,1,2,Billing
945,945,1,7,Billing
946,946,1,4,Billing
947,947,1,1,Billing
948,948,1,3,Technical
949,949,1,4,Billing
950,950,1,1,Technical
951,951,1,2,Technical
952,952,1,6,Billing
953,953,1,1,Technical
954,954,1,9,Service
955,955,1,6,Service
956,956,1,2,Technical
957,957,1,4,Technical
958,958,1,3,Technical
959,959,1,6,Technical
960,960,1,3,Billing
961,961,1,6,Technical
962,962,1,4,Billing
963,963,1,6,Billing
964,964,1,3,Billing
965,965,1,4,Technical
966,966,1,4,Technical
967,967,1,2,Technical
968,968,1,6,Service
969,969,1,6,Technical
970,970,1,1,Technical
971,971,1,3,Billing
972,972,1,2,Billing
973,973,1,3,Technical
974,974,1,7,Billing
975,975,1,5,Technical
976,976,1,11,Technical
977,977,1,6,Billing
978,978,1,1,Technical
979,979,1,2,Technical
980,980,1,1,Technical
981,981,1,4,Technical
982,982,1,2,Billing
983,983,1,4,Billing
984,984,1,5,Service
985,985,1,5,Billing
986,986,1,4,Billing
987,987,1,2,Billing
988,988,1,2,Service
989,989,1,5,Technical
990,990,1,2,Billing
991,991,1,1,Billing
992,992,1,2,Billing
993,993,1,5,Billing
994,994,1,4,Technical
995,995,1,3,Service
996,996,1,6,Billing
997,997,1,1,Billing
998,998,1,5,Billing
999,999,1,3,Technical
1000,1000,1,10,Billing
1001,1,2,3,Service
1002,2,2,5,Technical
1003,3,2,4,Service
1004,4,2,2,Technical
1005,5,2,3,Billing
1006,6,2,0,Billing
1007,7,2,3,Technical
1008,8,2,3,Billing
1009,9,2,3,Service
1010,10,2,3,Service
1011,11,2,3,Billing
1012,12,2,1,Service
1013,13,2,2,Technical
1014,14,2,3,Billing
1015,15,2,4,Technical
1016,16,2,4,Billing
1017,17,2,5,Billing
1018,18,2,5,Billing
1019,19,2,2,Technical
1020,20,2,1,Service
1021,21,2,5,Billing
1022,22,2,8,Service
1023,23,2,2,Billing
1024,24,2,5,Billing
1025,25,2,5,Service
1026,26,2,5,Technical
1027,27,2,6,Service
1028,28,2,2,Service
1029,29,2,3,Billing
1030,30,2,4,Service
1031,31,2,2,Service
1032,32,2,3,Technical
1033,33,2,8,Service
1034,34,2,3,Service
1035,35,2,5,Billing
1036,36,2,3,Service
1037,37,2,5,Billing
1038,38,2,2,Technical
1039,39,2,2,Service
1040,40,2,5,Technical
1041,41,2,5,Technical
1042,42,2,5,Billing
1043,43,2,4,Technical
1044,44,2,5,Billing
1045,45,2,6,Technical
1046,46,2,3,Billing
1047,47,2,1,Technical
1048,48,2,5,Service
1049,49,2,8,Service
1050,50,2,2,Technical
1051,51,2,0,Technical
1052,52,2,2,Billing
1053,53,2,2,Technical
1054,54,2,6,Technical
1055,55,2,3,Billing
1056,56,2,1,Billing
1057,57,2,4,Technical
1058,58,2,9,Technical
1059,59,2,7,Billing
1060,60,2,5,Billing
1061,61,2,0,Technical
1062,62,2,6,Technical
1063,63,2,4,Service
1064,64,2,4,Billing
1065,65,2,8,Technical
1066,66,2,3,Technical
1067,67,2,5,Billing
1068,68,2,4,Service
1069,69,2,6,Billing
1070,70,2,0,Technical
1071,71,2,6,Billing
1072,72,2,4,Billing
1073,73,2,7,Billing
1074,74,2,5,Technical
1075,75,2,1,Service
1076,76,2,1,Billing
1077,77,2,0,Billing
1078,78,2,4,Technical
1079,79,2,2,Billing
1080,80,2,2,Billing
1081,81,2,4,Billing
1082,82,2,6,Service
1083,83,2,6,Billing
1084,84,2,2,Technical
1085,85,2,1,Technical
1086,86,2,3,Service
1087,87,2,5,Billing
1088,88,2,2,Technical
1089,89,2,2,Technical
1090,90,2,1,Service
1091,91,2,2,Billing
1092,92,2,2,Technical
1093,93,2,3,Service
1094,94,2,7,Technical
1095,95,2,4,Billing
1096,96,2,7,Billing
1097,97,2,1,Technical
1098,98,2,3,Billing
1099,99,2,4,Technical
1100,100,2,3,Technical
1101,101,2,5,Service
1102,102,2,5,Technical
1103,103,2,1,Technical
1104,104,2,4,Service
1105,105,2,5,Technical
1106,106,2,1,Technical
1107,107,2,6,Technical
1108,108,2,5,Service
1109,109,2,1,Billing
1110,110,2,9,Service
1111,111,2,2,Billing
1112,112,2,6,Technical
1113,113,2,8,Billing
1114,114,2,7,Service
1115,115,2,2,Service
1116,116,2,3,Technical
1117,117,2,6,Technical
1118,118,2,2,Technical
1119,119,2,3,Technical
1120,120,2,6,Technical
1121,121,2,3,Service
1122,122,2,10,Technical
1123,123,2,3,Billing
1124,124,2,5,Billing
1125,125,2,5,Technical
1126,126,2,8,Billing
1127,127,2,8,Technical
1128,128,2,5,Billing
1129,129,2,5,Service
1130,130,2,2,Service
1131,131,2,4,Billing
1132,132,2,7,Technical
1133,133,2,6,Technical
1134,134,2,4,Technical
1135,135,2,4,Technical
1136,136,2,10,Service
1137,137,2,4,Technical
1138,138,2,2,Billing
1139,139,2,5,Service
1140,140,2,1,Technical
1141,141,2,2,Service
1142,142,2,8,Billing
1143,143,2,1,Technical
1144,144,2,5,Technical
1145,145,2,8,Billing
1146,146,2,10,Billing
1147,147,2,2,Service
1148,148,2,4,Billing
1149,149,2,4,Billing
1150,150,2,1,Service
1151,151,2,5,Service
1152,152,2,5,Service
1153,153,2,6,Technical
1154,154,2,2,Technical
1155,155,2,5,Billing
1156,156,2,5,Billing
1157,157,2,7,Billing
1158,158,2,7,Service
1159,159,2,3,Technical
1160,160,2,3,Technical
1161,161,2,6,Billing
1162,162,2,5,Billing
1163,163,2,2,Technical
1164,164,2,4,Technical
1165,165,2,6,Service
1166,166,2,3,Service
1167,167,2,4,Technical
1168,168,2,9,Service
1169,169,2,3,Technical
1170,170,2,4,Billing
1171,171,2,6,Billing
1172,172,2,3,Technical
1173,173,2,3,Billing
1174,174,2,7,Technical
1175,175,2,7,Technical
1176,176,2,4,Billing
1177,177,2,6,Service
1178,178,2,2,Billing
1179,179,2,0,Billing
1180,180,2,6,Billing
1181,181,2,6,Billing
1182,182,2,3,Technical
1183,183,2,3,Service
1184,184,2,7,Technical
1185,185,2,4,Technical
1186,186,2,6,Service
1187,187,2,5,Technical
1188,188,2,2,Technical
1189,189,2,7,Service
1190,190,2,7,Service
1191,191,2,3,Billing
1192,192,2,4,Technical
1193,193,2,3,Technical
1194,194,2,5,Technical
1195,195,2,5,Billing
1196,196,2,3,Service
1197,197,2,7,Technical
1198,198,2,6,Technical
1199,199,2,3,Billing
1200,200,2,5,Billing
1201,201,2,3,Technical
1202,202,2,4,Billing
1203,203,2,3,Service
1204,204,2,2,Technical
1205,205,2,4,Service
1206,206,2,1,Billing
1207,207,2,2,Service
1208,208,2,5,Technical
1209,209,2,4,Billing
1210,210,2,4,Technical
1211,211,2,7,Technical
1212,212,2,8,Billing
1213,213,2,2,Billing
1214,214,2,5,Technical
1215,215,2,3,Technical
1216,216,2,5,Technical
1217,217,2,1,Technical
1218,218,2,2,Service
1219,219,2,5,Billing
1220,220,2,3,Service
1221,221,2,5,Billing
1222,222,2,1,Technical
1223,223,2,5,Technical
1224,224,2,3,Technical
1225,225,2,7,Billing
1226,226,2,7,Service
1227,227,2,6,Billing
1228,228,2,8,Technical
1229,229,2,3,Technical
1230,230,2,3,Billing
1231,231,2,6,Billing
1232,232,2,8,Service
1233,233,2,1,Technical
1234,234,2,5,Billing
1235,235,2,5,Technical
1236,236,2,1,Billing
1237,237,2,2,Service
1238,238,2,5,Technical
1239,239,2,3,Technical
1240,240,2,5,Billing
1241,241,2,9,Service
1242,242,2,3,Technical
1243,243,2,1,Technical
1244,244,2,0,Service
1245,245,2,2,Technical
1246,246,2,3,Technical
1247,247,2,5,Billing
1248,248,2,1,Technical
1249,249,2,6,Technical
1250,250,2,6,Billing
1251,251,2,4,Billing
1252,252,2,2,Billing
1253,253,2,5,Technical
1254,254,2,3,Billing
1255,255,2,1,Billing
1256,256,2,4,Service
1257,257,2,3,Service
1258,258,2,3,Billing
1259,259,2,1,Service
1260,260,2,2,Billing
1261,261,2,1,Billing
1262,262,2,2,Billing
1263,263,2,2,Technical
1264,264,2,2,Technical
1265,265,2,7,Service
1266,266,2,2,Technical
1267,267,2,1,Billing
1268,268,2,5,Service
1269,269,2,8,Service
1270,270,2,8,Billing
1271,271,2,7,Technical
1272,272,2,5,Technical
1273,273,2,6,Technical
1274,274,2,4,Service
1275,275,2,4,Technical
1276,276,2,4,Billing
1277,277,2,6,Technical
1278,278,2,6,Technical
1279,279,2,4,Technical
1280,280,2,3,Billing
1281,281,2,4,Technical
1282,282,2,5,Technical
1283,283,2,2,Technical
1284,284,2,4,Service
1285,285,2,3,Billing
1286,286,2,5,Service
1287,287,2,2,Technical
1288,288,2,2,Billing
1289,289,2,1,Service
1290,290,2,6,Technical
1291,291,2,2,Billing
1292,292,2,11,Billing
1293,293,2,3,Billing
1294,294,2,3,Service
1295,295,2,3,Billing
1296,296,2,3,Billing
1297,297,2,3,Service
1298,298,2,6,Service
1299,299,2,2,Technical
1300,300,2,6,Technical
1301,301,2,5,Technical
1302,302,2,2,Billing
1303,303,2,3,Billing
1304,304,2,5,Service
1305,305,2,5,Technical
1306,306,2,6,Technical
1307,307,2,4,Service
1308,308,2,4,Technical
1309,309,2,4,Billing
1310,310,2,6,Billing
1311,311,2,4,Billing
1312,312,2,8,Technical
1313,313,2,1,Service
1314,314,2,1,Service
1315,315,2,2,Technical
1316,316,2,6,Billing
1317,317,2,3,Service
1318,318,2,6,Service
1319,319,2,5,Technical
1320,320,2,5,Service
1321,321,2,3,Technical
1322,322,2,4,Technical
1323,323,2,3,Technical
1324,324,2,3,Technical
1325,325,2,7,Billing
1326,326,2,2,Service
1327,327,2,2,Service
1328,328,2,5,Technical
1329,329,2,2,Billing
1330,330,2,6,Technical
1331,331,2,2,Technical
1332,332,2,6,Billing
1333,333,2,4,Billing
1334,334,2,2,Billing
1335,335,2,2,Technical
1336,336,2,3,Billing
1337,337,2,4,Billing
1338,338,2,2,Billing
1339,339,2,3,Service
1340,340,2,5,Billing
1341,341,2,5,Technical
1342,342,2,2,Billing
1343,343,2,3,Service
1344,344,2,4,Technical
1345,345,2,2,Billing
1346,346,2,1,Technical
1347,347,2,3,Billing
1348,348,2,5,Technical
1349,349,2,6,Technical
1350,350,2,6,Billing
1351,351,2,2,Technical
1352,352,2,4,Billing
1353,353,2,3,Service
1354,354,2,1,Service
1355,355,2,2,Technical
1356,356,2,8,Technical
1357,357,2,5,Billing
1358,358,2,3,Technical
1359,359,2,3,Service
1360,360,2,3,Technical
1361,361,2,2,Service
1362,362,2,0,Billing
1363,363,2,5,Technical
1364,364,2,4,Billing
1365,365,2,2,Billing
1366,366,2,4,Billing
1367,367,2,3,Billing
1368,368,2,1,Billing
1369,369,2,3,Billing
1370,370,2,6,Billing
1371,371,2,3,Billing
1372,372,2,3,Technical
1373,373,2,6,Billing
1374,374,2,3,Technical
1375,375,2,8,Technical
1376,376,2,4,Technical
1377,377,2,3,Technical
1378,378,2,12,Service
1379,379,2,0,Service
1380,380,2,3,Technical
1381,381,2,3,Service
1382,382,2,5,Billing
1383,383,2,8,Technical
1384,384,2,3,Billing
1385,385,2,2,Service
1386,386,2,9,Technical
1387,387,2,3,Technical
1388,388,2,4,Service
1389,389,2,3,Technical
1390,390,2,4,Technical
1391,391,2,5,Technical
1392,392,2,6,Service
1393,393,2,3,Technical
1394,394,2,6,Billing
1395,395,2,4,Billing
1396,396,2,2,Technical
1397,397,2,4,Technical
1398,398,2,7,Technical
1399,399,2,6,Technical
1400,400,2,2,Technical
1401,401,2,4,Service
1402,402,2,1,Billing
1403,403,2,6,Service
1404,404,2,5,Billing
1405,405,2,5,Technical
1406,406,2,4,Technical
1407,407,2,4,Technical
1408,408,2,4,Billing
1409,409,2,4,Billing
1410,410,2,3,Service
1411,411,2,4,Technical
1412,412,2,2,Technical
1413,413,2,3,Billing
1414,414,2,7,Service
1415,415,2,2,Technical
1416,416,2,2,Technical
1417,417,2,7,Technical
1418,418,2,3,Billing
1419,419,2,8,Service
1420,420,2,8,Service
1421,421,2,5,Billing
1422,422,2,2,Technical
1423,423,2,6,Technical
1424,424,2,4,Technical
1425,425,2,2,Service
1426,426,2,4,Billing
1427,427,2,9,Billing
1428,428,2,5,Technical
1429,429,2,2,Billing
1430,430,2,6,Billing
1431,431,2,4,Technical
1432,432,2,6,Technical
1433,433,2,4,Technical
1434,434,2,1,Service
1435,435,2,3,Technical
1436,436,2,4,Service
1437,437,2,5,Billing
1438,438,2,3,Technical
1439,439,2,4,Billing
1440,440,2,2,Technical
1441,441,2,1,Service
1442,442,2,4,Technical
1443,443,2,4,Billing
1444,444,2,1,Billing
1445,445,2,5,Billing
1446,446,2,4,Technical
1447,447,2,1,Technical
1448,448,2,2,Billing
1449,449,2,10,Service
1450,450,2,3,Service
1451,451,2,3,Technical
1452,452,2,1,Billing
1453,453,2,5,Technical
1454,454,2,4,Technical
1455,455,2,9,Technical
1456,456,2,2,Technical
1457,457,2,3,Technical
1458,458,2,2,Billing
1459,459,2,5,Technical
1460,460,2,7,Service
1461,461,2,0,Technical
1462,462,2,1,Billing
1463,463,2,3,Technical
1464,464,2,6,Service
1465,465,2,5,Service
1466,466,2,2,Billing
1467,467,2,0,Service
1468,468,2,2,Billing
1469,469,2,2,Technical
1470,470,2,2,Technical
1471,471,2,5,Technical
1472,472,2,2,Billing
1473,473,2,5,Billing
1474,474,2,3,Billing
1475,475,2,4,Technical
1476,476,2,5,Technical
1477,477,2,3,Billing
1478,478,2,3,Service
1479,479,2,6,Billing
1480,480,2,4,Technical
1481,481,2,4,Billing
1482,482,2,1,Billing
1483,483,2,7,Billing
1484,484,2,1,Technical
1485,485,2,4,Billing
1486,486,2,2,Technical
1487,487,2,3,Technical
1488,488,2,5,Service
1489,489,2,5,Service
1490,490,2,5,Service
1491,491,2,5,Technical
1492,492,2,6,Technical
1493,493,2,3,Billing
1494,494,2,5,Billing
1495,495,2,5,Technical
1496,496,2,8,Service
1497,497,2,7,Billing
1498,498,2,2,Billing
1499,499,2,5,Technical
1500,500,2,6,Technical
1501,501,2,4,Technical
1502,502,2,5,Billing
1503,503,2,1,Billing
1504,504,2,4,Billing
1505,505,2,4,Technical
1506,506,2,4,Billing
1507,507,2,5,Technical
1508,508,2,7,Billing
1509,509,2,4,Billing
1510,510,2,3,Technical
1511,511,2,3,Service
1512,512,2,3,Service
1513,513,2,2,Service
1514,514,2,9,Billing
1515,515,2,4,Billing
1516,516,2,1,Billing
1517,517,2,4,Billing
1518,518,2,1,Technical
1519,519,2,3,Billing
1520,520,2,4,Billing
1521,521,2,3,Service
1522,522,2,9,Technical
1523,523,2,1,Service
1524,524,2,7,Billing
1525,525,2,5,Technical
1526,526,2,4,Technical
1527,527,2,4,Service
1528,528,2,8,Service
1529,529,2,3,Service
1530,530,2,2,Technical
1531,531,2,6,Service
1532,532,2,5,Service
1533,533,2,6,Billing
1534,534,2,2,Billing
1535,535,2,3,Technical
1536,536,2,2,Service
1537,537,2,3,Billing
1538,538,2,0,Technical
1539,539,2,7,Technical
1540,540,2,4,Technical
1541,541,2,2,Service
1542,542,2,4,Billing
1543,543,2,4,Service
1544,544,2,3,Billing
1545,545,2,4,Billing
1546,546,2,4,Technical
1547,547,2,5,Technical
1548,548,2,2,Billing
1549,549,2,2,Service
1550,550,2,7,Billing
1551,551,2,2,Billing
1552,552,2,1,Service
1553,553,2,3,Billing
1554,554,2,2,Technical
1555,555,2,6,Technical
1556,556,2,9,Billing
1557,557,2,5,Technical
1558,558,2,3,Service
1559,559,2,5,Billing
1560,560,2,3,Technical
1561,561,2,1,Service
1562,562,2,3,Billing
1563,563,2,6,Technical
1564,564,2,1,Technical
1565,565,2,3,Billing
1566,566,2,2,Technical
1567,567,2,6,Technical
1568,568,2,2,Technical
1569,569,2,3,Technical
1570,570,2,3,Billing
1571,571,2,3,Technical
1572,572,2,5,Technical
1573,573,2,5,Technical
1574,574,2,7,Technical
1575,575,2,0,Technical
1576,576,2,6,Technical
1577,577,2,5,Service
1578,578,2,3,Technical
1579,579,2,6,Billing
1580,580,2,11,Billing
1581,581,2,4,Technical
1582,582,2,4,Technical
1583,583,2,8,Billing
1584,584,2,4,Service
1585,585,2,3,Billing
1586,586,2,5,Billing
1587,587,2,2,Technical
1588,588,2,4,Technical
1589,589,2,5,Billing
1590,590,2,7,Billing
1591,591,2,5,Technical
1592,592,2,6,Technical
1593,593,2,2,Service
1594,594,2,3,Service
1595,595,2,6,Billing
1596,596,2,5,Billing
1597,597,2,5,Billing
1598,598,2,8,Technical
1599,599,2,2,Billing
1600,600,2,8,Billing
1601,601,2,4,Technical
1602,602,2,6,Billing
1603,603,2,7,Technical
1604,604,2,0,Service
1605,605,2,3,Billing
1606,606,2,2,Service
1607,607,2,2,Billing
1608,608,2,0,Service
1609,609,2,4,Technical
1610,610,2,7,Service
1611,611,2,3,Billing
1612,612,2,3,Technical
1613,613,2,3,Service
1614,614,2,6,Billing
1615,615,2,3,Billing
1616,616,2,3,Billing
1617,617,2,2,Billing
1618,618,2,2,Service
1619,619,2,7,Service
1620,620,2,4,Billing
1621,621,2,0,Billing
1622,622,2,3,Technical
1623,623,2,3,Technical
1624,624,2,3,Service
1625,625,2,4,Billing
1626,626,2,2,Billing
1627,627,2,7,Billing
1628,628,2,5,Technical
1629,629,2,5,Billing
1630,630,2,3,Billing
1631,631,2,1,Technical
1632,632,2,4,Technical
1633,633,2,2,Billing
1634,634,2,5,Technical
1635,635,2,5,Billing
1636,636,2,5,Technical
1637,637,2,7,Billing
1638,638,2,5,Technical
1639,639,2,4,Billing
1640,640,2,1,Billing
1641,641,2,4,Technical
1642,642,2,4,Technical
1643,643,2,8,Technical
1644,644,2,8,Service
1645,645,2,3,Service
1646,646,2,6,Technical
1647,647,2,6,Service
1648,648,2,1,Technical
1649,649,2,6,Technical
1650,650,2,8,Billing
1651,651,2,7,Billing
1652,652,2,3,Technical
1653,653,2,4,Service
1654,654,2,2,Technical
1655,655,2,3,Service
1656,656,2,3,Technical
1657,657,2,2,Service
1658,658,2,6,Billing
1659,659,2,5,Technical
1660,660,2,2,Billing
1661,661,2,4,Service
1662,662,2,7,Billing
1663,663,2,5,Billing
1664,664,2,6,Technical
1665,665,2,3,Technical
1666,666,2,4,Billing
1667,667,2,6,Service
1668,668,2,12,Billing
1669,669,2,7,Billing
1670,670,2,6,Billing
1671,671,2,3,Technical
1672,672,2,6,Billing
1673,673,2,0,Billing
1674,674,2,2,Billing
1675,675,2,3,Billing
1676,676,2,1,Technical
1677,677,2,4,Technical
1678,678,2,1,Billing
1679,679,2,7,Billing
1680,680,2,1,Service
1681,681,2,2,Billing
1682,682,2,7,Billing
1683,683,2,3,Billing
1684,684,2,2,Billing
1685,685,2,6,Technical
1686,686,2,8,Technical
1687,687,2,6,Technical
1688,688,2,4,Service
1689,689,2,2,Service
1690,690,2,5,Service
1691,691,2,5,Billing
1692,692,2,2,Technical
1693,693,2,5,Billing
1694,694,2,5,Technical
1695,695,2,2,Billing
1696,696,2,2,Billing
1697,697,2,3,Billing
1698,698,2,2,Technical
1699,699,2,2,Technical
1700,700,2,3,Technical
1701,701,2,5,Billing
1702,702,2,3,Service
1703,703,2,5,Service
1704,704,2,9,Billing
1705,705,2,6,Technical
1706,706,2,3,Service
1707,707,2,7,Technical
1708,708,2,5,Technical
1709,709,2,1,Billing
1710,710,2,4,Service
1711,711,2,6,Technical
1712,712,2,3,Service
1713,713,2,5,Billing
1714,714,2,5,Billing
1715,715,2,6,Service
1716,716,2,1,Billing
1717,717,2,8,Service
1718,718,2,5,Technical
1719,719,2,5,Billing
1720,720,2,2,Service
1721,721,2,5,Billing
1722,722,2,4,Billing
1723,723,2,5,Service
1724,724,2,7,Technical
1725,725,2,6,Service
1726,726,2,2,Service
1727,727,2,4,Service
1728,728,2,1,Technical
1729,729,2,8,Technical
1730,730,2,5,Billing
1731,731,2,4,Billing
1732,732,2,4,Service
1733,733,2,5,Service
1734,734,2,2,Technical
1735,735,2,2,Technical
1736,736,2,6,Technical
1737,737,2,6,Technical
1738,738,2,3,Billing
1739,739,2,2,Billing
1740,740,2,4,Billing
1741,741,2,6,Billing
1742,742,2,5,Billing
1743,743,2,6,Technical
1744,744,2,2,Service
1745,745,2,0,Billing
1746,746,2,5,Billing
1747,747,2,2,Service
1748,748,2,6,Billing
1749,749,2,6,Service
1750,750,2,4,Service
1751,751,2,7,Technical
1752,752,2,3,Billing
1753,753,2,0,Service
1754,754,2,2,Technical
1755,755,2,5,Technical
1756,756,2,6,Technical
1757,757,2,4,Service
1758,758,2,7,Technical
1759,759,2,1,Service
1760,760,2,1,Service
1761,761,2,1,Billing
1762,762,2,7,Technical
1763,763,2,7,Technical
1764,764,2,3,Service
1765,765,2,3,Technical
1766,766,2,5,Service
1767,767,2,3,Billing
1768,768,2,5,Service
1769,769,2,0,Billing
1770,770,2,2,Billing
1771,771,2,3,Service
1772,772,2,3,Technical
1773,773,2,6,Technical
1774,774,2,3,Technical
1775,775,2,2,Technical
1776,776,2,7,Technical
1777,777,2,5,Service
1778,778,2,3,Billing
1779,779,2,8,Technical
1780,780,2,2,Billing
1781,781,2,9,Billing
1782,782,2,5,Billing
1783,783,2,2,Technical
1784,784,2,5,Technical
1785,785,2,3,Service
1786,786,2,3,Technical
1787,787,2,5,Service
1788,788,2,5,Billing
1789,789,2,2,Billing
1790,790,2,3,Service
1791,791,2,5,Billing
1792,792,2,5,Technical
1793,793,2,2,Technical
1794,794,2,8,Service
1795,795,2,2,Technical
1796,796,2,4,Billing
1797,797,2,3,Service
1798,798,2,5,Billing
1799,799,2,2,Service
1800,800,2,7,Service
1801,801,2,3,Billing
1802,802,2,7,Technical
1803,803,2,0,Service
1804,804,2,4,Technical
1805,805,2,2,Technical
1806,806,2,0,Service
1807,807,2,3,Billing
1808,808,2,6,Service
1809,809,2,2,Service
1810,810,2,6,Billing
1811,811,2,4,Billing
1812,812,2,7,Service
1813,813,2,2,Technical
1814,814,2,6,Billing
1815,815,2,5,Service
1816,816,2,6,Technical
1817,817,2,4,Billing
1818,818,2,12,Technical
1819,819,2,3,Technical
1820,820,2,1,Service
1821,821,2,4,Technical
1822,822,2,4,Billing
1823,823,2,3,Billing
1824,824,2,2,Technical
1825,825,2,4,Service
1826,826,2,12,Technical
1827,827,2,5,Service
1828,828,2,5,Billing
1829,829,2,6,Technical
1830,830,2,2,Service
1831,831,2,4,Technical
1832,832,2,2,Billing
1833,833,2,5,Billing
1834,834,2,4,Technical
1835,835,2,3,Billing
1836,836,2,3,Billing
1837,837,2,3,Technical
1838,838,2,4,Billing
1839,839,2,3,Billing
1840,840,2,1,Billing
1841,841,2,2,Billing
1842,842,2,5,Technical
1843,843,2,5,Technical
1844,844,2,2,Billing
1845,845,2,7,Billing
1846,846,2,5,Technical
1847,847,2,1,Technical
1848,848,2,5,Billing
1849,849,2,7,Billing
1850,850,2,8,Service
1851,851,2,9,Billing
1852,852,2,3,Technical
1853,853,2,6,Billing
1854,854,2,1,Technical
1855,855,2,4,Billing
1856,856,2,4,Billing
1857,857,2,4,Technical
1858,858,2,1,Billing
1859,859,2,3,Service
1860,860,2,2,Technical
1861,861,2,3,Billing
1862,862,2,1,Technical
1863,863,2,3,Technical
1864,864,2,7,Billing
1865,865,2,3,Billing
1866,866,2,4,Technical
1867,867,2,5,Billing
1868,868,2,0,Technical
1869,869,2,11,Billing
1870,870,2,5,Billing
1871,871,2,7,Billing
1872,872,2,6,Technical
1873,873,2,2,Service
1874,874,2,2,Billing
1875,875,2,6,Billing
1876,876,2,3,Service
1877,877,2,0,Technical
1878,878,2,1,Billing
1879,879,2,2,Service
1880,880,2,3,Billing
1881,881,2,0,Billing
1882,882,2,6,Service
1883,883,2,3,Billing
1884,884,2,5,Billing
1885,885,2,6,Billing
1886,886,2,9,Billing
1887,887,2,4,Technical
1888,888,2,1,Service
1889,889,2,2,Service
1890,890,2,5,Service
1891,891,2,5,Technical
1892,892,2,11,Billing
1893,893,2,5,Technical
1894,894,2,3,Billing
1895,895,2,4,Technical
1896,896,2,3,Technical
1897,897,2,4,Technical
1898,898,2,1,Technical
1899,899,2,7,Technical
1900,900,2,3,Billing
1901,901,2,4,Service
1902,902,2,7,Billing
1903,903,2,1,Billing
1904,904,2,2,Service
1905,905,2,3,Technical
1906,906,2,8,Technical
1907,907,2,1,Technical
1908,908,2,2,Technical
1909,909,2,6,Technical
1910,910,2,6,Billing
1911,911,2,3,Service
1912,912,2,6,Billing
1913,913,2,1,Technical
1914,914,2,1,Technical
1915,915,2,5,Billing
1916,916,2,6,Technical
1917,917,2,2,Billing
1918,918,2,2,Billing
1919,919,2,5,Technical
1920,920,2,3,Service
1921,921,2,5,Service
1922,922,2,4,Billing
1923,923,2,6,Service
1924,924,2,1,Billing
1925,925,2,1,Billing
1926,926,2,4,Service
1927,927,2,5,Service
1928,928,2,2,Technical
1929,929,2,5,Billing
1930,930,2,6,Billing
1931,931,2,1,Billing
1932,932,2,2,Billing
1933,933,2,4,Service
1934,934,2,2,Technical
1935,935,2,2,Technical
1936,936,2,1,Service
1937,937,2,5,Service
1938,938,2,3,Billing
1939,939,2,0,Technical
1940,940,2,5,Technical
1941,941,2,4,Billing
1942,942,2,3,Billing
1943,943,2,4,Service
1944,944,2,4,Billing
1945,945,2,7,Technical
1946,946,2,3,Technical
1947,947,2,4,Technical
1948,948,2,3,Billing
1949,949,2,4,Service
1950,950,2,5,Billing
1951,951,2,3,Billing
1952,952,2,4,Service
1953,953,2,4,Technical
1954,954,2,1,Billing
1955,955,2,4,Technical
1956,956,2,4,Billing
1957,957,2,5,Technical
1958,958,2,6,Service
1959,959,2,5,Billing
1960,960,2,1,Service
1961,961,2,5,Technical
1962,962,2,7,Service
1963,963,2,5,Technical
1964,964,2,8,Billing
1965,965,2,2,Technical
1966,966,2,3,Service
1967,967,2,3,Technical
1968,968,2,7,Billing
1969,969,2,2,Technical
1970,970,2,3,Technical
1971,971,2,3,Service
1972,972,2,6,Service
1973,973,2,3,Billing
1974,974,2,9,Billing
1975,975,2,4,Billing
1976,976,2,7,Technical
1977,977,2,1,Technical
1978,978,2,3,Technical
1979,979,2,0,Billing
1980,980,2,5,Technical
1981,981,2,3,Billing
1982,982,2,6,Technical
1983,983,2,1,Technical
1984,984,2,5,Technical
1985,985,2,5,Service
1986,986,2,3,Billing
1987,987,2,5,Billing
1988,988,2,1,Billing
1989,989,2,4,Service
1990,990,2,4,Billing
1991,991,2,4,Billing
1992,992,2,3,Billing
1993,993,2,4,Billing
1994,994,2,6,Technical
1995,995,2,10,Billing
1996,996,2,4,Service
1997,997,2,3,Technical
1998,998,2,4,Technical
1999,999,2,6,Billing
2000,1000,2,4,Billing
2001,1,3,1,Technical
2002,2,3,5,Technical
2003,3,3,8,Technical
2004,4,3,1,Technical
2005,5,3,3,Service
2006,6,3,4,Billing
2007,7,3,6,Billing
2008,8,3,2,Billing
2009,9,3,4,Service
2010,10,3,3,Service
2011,11,3,2,Billing
2012,12,3,7,Technical
2013,13,3,2,Billing
2014,14,3,5,Technical
2015,15,3,2,Billing
2016,16,3,6,Technical
2017,17,3,4,Service
2018,18,3,4,Technical
2019,19,3,8,Technical
2020,20,3,8,Billing
2021,21,3,1,Technical
2022,22,3,2,Technical
2023,23,3,4,Technical
2024,24,3,2,Service
2025,25,3,5,Billing
2026,26,3,1,Technical
2027,27,3,4,Billing
2028,28,3,2,Billing
2029,29,3,5,Technical
2030,30,3,3,Service
2031,31,3,3,Technical
2032,32,3,1,Technical
2033,33,3,3,Technical
2034,34,3,1,Service
2035,35,3,0,Billing
2036,36,3,5,Technical
2037,37,3,0,Billing
2038,38,3,5,Technical
2039,39,3,7,Technical
2040,40,3,4,Service
2041,41,3,3,Billing
2042,42,3,2,Billing
2043,43,3,3,Billing
2044,44,3,5,Billing
2045,45,3,8,Billing
2046,46,3,5,Service
2047,47,3,5,Technical
2048,48,3,4,Technical
2049,49,3,7,Billing
2050,50,3,7,Billing
2051,51,3,1,Billing
2052,52,3,3,Billing
2053,53,3,4,Billing
2054,54,3,4,Service
2055,55,3,8,Service
2056,56,3,3,Billing
2057,57,3,4,Technical
2058,58,3,6,Billing
2059,59,3,4,Technical
2060,60,3,3,Technical
2061,61,3,4,Technical
2062,62,3,3,Service
2063,63,3,12,Technical
2064,64,3,8,Technical
2065,65,3,2,Billing
2066,66,3,6,Technical
2067,67,3,3,Service
2068,68,3,1,Billing
2069,69,3,6,Technical
2070,70,3,2,Billing
2071,71,3,7,Service
2072,72,3,4,Billing
2073,73,3,5,Service
2074,74,3,3,Technical
2075,75,3,3,Service
2076,76,3,2,Technical
2077,77,3,5,Billing
2078,78,3,4,Service
2079,79,3,5,Technical
2080,80,3,3,Technical
2081,81,3,3,Billing
2082,82,3,4,Technical
2083,83,3,2,Billing
2084,84,3,1,Service
2085,85,3,3,Technical
2086,86,3,1,Technical
2087,87,3,6,Billing
2088,88,3,7,Service
2089,89,3,7,Technical
2090,90,3,5,Technical
2091,91,3,3,Technical
2092,92,3,0,Billing
2093,93,3,2,Billing
2094,94,3,2,Technical
2095,95,3,8,Technical
2096,96,3,6,Service
2097,97,3,6,Technical
2098,98,3,10,Service
2099,99,3,6,Billing
2100,100,3,5,Service
2101,101,3,3,Service
2102,102,3,4,Billing
2103,103,3,4,Technical
2104,104,3,4,Technical
2105,105,3,7,Technical
2106,106,3,5,Billing
2107,107,3,5,Service
2108,108,3,4,Service
2109,109,3,4,Technical
2110,110,3,2,Technical
2111,111,3,5,Billing
2112,112,3,3,Service
2113,113,3,4,Billing
2114,114,3,2,Billing
2115,115,3,3,Billing
2116,116,3,4,Billing
2117,117,3,4,Billing
2118,118,3,5,Billing
2119,119,3,1,Technical
2120,120,3,5,Billing
2121,121,3,1,Technical
2122,122,3,1,Billing
2123,123,3,4,Technical
2124,124,3,4,Service
2125,125,3,2,Service
2126,126,3,4,Billing
2127,127,3,9,Technical
2128,128,3,10,Technical
2129,129,3,4,Billing
2130,130,3,4,Technical
2131,131,3,6,Service
2132,132,3,4,Service
2133,133,3,3,Billing
2134,134,3,1,Billing
2135,135,3,1,Billing
2136,136,3,4,Technical
2137,137,3,7,Billing
2138,138,3,6,Billing
2139,139,3,0,Service
2140,140,3,3,Service
2141,141,3,5,Technical
2142,142,3,2,Technical
2143,143,3,3,Billing
2144,144,3,2,Billing
2145,145,3,10,Billing
2146,146,3,2,Billing
2147,147,3,3,Billing
2148,148,3,5,Technical
2149,149,3,4,Billing
2150,150,3,1,Technical
2151,151,3,5,Billing
2152,152,3,3,Service
2153,153,3,6,Technical
2154,154,3,3,Technical
2155,155,3,9,Billing
2156,156,3,1,Technical
2157,157,3,3,Technical
2158,158,3,4,Billing
2159,159,3,2,Service
2160,160,3,1,Billing
2161,161,3,7,Billing
2162,162,3,2,Service
2163,163,3,3,Billing
2164,164,3,4,Technical
2165,165,3,7,Service
2166,166,3,7,Billing
2167,167,3,3,Service
2168,168,3,2,Technical
2169,169,3,5,Billing
2170,170,3,4,Technical
2171,171,3,4,Technical
2172,172,3,3,Technical
2173,173,3,4,Technical
2174,174,3,8,Billing
2175,175,3,6,Billing
2176,176,3,6,Technical
2177,177,3,3,Billing
2178,178,3,3,Service
2179,179,3,5,Billing
2180,180,3,3,Billing
2181,181,3,5,Service
2182,182,3,7,Technical
2183,183,3,1,Technical
2184,184,3,8,Billing
2185,185,3,4,Service
2186,186,3,5,Technical
2187,187,3,3,Billing
2188,188,3,5,Billing
2189,189,3,5,Billing
2190,190,3,4,Service
2191,191,3,7,Service
2192,192,3,5,Billing
2193,193,3,4,Billing
2194,194,3,4,Technical
2195,195,3,9,Technical
2196,196,3,1,Billing
2197,197,3,4,Service
2198,198,3,7,Billing
2199,199,3,5,Technical
2200,200,3,3,Service
2201,201,3,6,Technical
2202,202,3,2,Service
2203,203,3,6,Billing
2204,204,3,1,Technical
2205,205,3,4,Technical
2206,206,3,4,Service
2207,207,3,5,Technical
2208,208,3,1,Technical
2209,209,3,8,Service
2210,210,3,5,Service
2211,211,3,3,Service
2212,212,3,4,Service
2213,213,3,3,Service
2214,214,3,8,Billing
2215,215,3,4,Billing
2216,216,3,3,Service
2217,217,3,2,Service
2218,218,3,6,Service
2219,219,3,5,Technical
2220,220,3,11,Technical
2221,221,3,4,Technical
2222,222,3,3,Technical
2223,223,3,2,Technical
2224,224,3,2,Technical
2225,225,3,4,Technical
2226,226,3,4,Billing
2227,227,3,8,Billing
2228,228,3,2,Technical
2229,229,3,4,Service
2230,230,3,6,Service
2231,231,3,3,Service
2232,232,3,4,Billing
2233,233,3,5,Billing
2234,234,3,0,Billing
2235,235,3,2,Billing
2236,236,3,2,Technical
2237,237,3,3,Technical
2238,238,3,5,Billing
2239,239,3,1,Billing
2240,240,3,3,Technical
2241,241,3,3,Billing
2242,242,3,0,Technical
2243,243,3,1,Billing
2244,244,3,4,Billing
2245,245,3,3,Technical
2246,246,3,2,Service
2247,247,3,5,Billing
2248,248,3,0,Technical
2249,249,3,4,Service
2250,250,3,4,Service
2251,251,3,1,Billing
2252,252,3,4,Technical
2253,253,3,7,Billing
2254,254,3,1,Billing
2255,255,3,3,Service
2256,256,3,0,Service
2257,257,3,6,Service
2258,258,3,3,Billing
2259,259,3,4,Technical
2260,260,3,4,Billing
2261,261,3,1,Technical
2262,262,3,3,Service
2263,263,3,2,Service
2264,264,3,2,Service
2265,265,3,3,Service
2266,266,3,3,Technical
2267,267,3,7,Technical
2268,268,3,1,Service
2269,269,3,6,Billing
2270,270,3,4,Technical
2271,271,3,7,Billing
2272,272,3,5,Technical
2273,273,3,6,Billing
2274,274,3,6,Billing
2275,275,3,3,Technical
2276,276,3,4,Service
2277,277,3,0,Technical
2278,278,3,6,Service
2279,279,3,2,Technical
2280,280,3,7,Billing
2281,281,3,8,Technical
2282,282,3,3,Technical
2283,283,3,2,Technical
2284,284,3,4,Billing
2285,285,3,3,Billing
2286,286,3,3,Technical
2287,287,3,2,Billing
2288,288,3,11,Technical
2289,289,3,2,Technical
2290,290,3,7,Billing
2291,291,3,6,Billing
2292,292,3,5,Technical
2293,293,3,3,Technical
2294,294,3,6,Technical
2295,295,3,3,Billing
2296,296,3,6,Technical
2297,297,3,6,Service
2298,298,3,3,Technical
2299,299,3,1,Service
2300,300,3,3,Billing
2301,301,3,4,Billing
2302,302,3,4,Billing
2303,303,3,2,Service
2304,304,3,7,Technical
2305,305,3,2,Billing
2306,306,3,4,Technical
2307,307,3,5,Billing
2308,308,3,4,Billing
2309,309,3,2,Technical
2310,310,3,6,Technical
2311,311,3,3,Technical
2312,312,3,1,Technical
2313,313,3,7,Technical
2314,314,3,2,Billing
2315,315,3,4,Technical
2316,316,3,6,Technical
2317,317,3,2,Technical
2318,318,3,6,Billing
2319,319,3,5,Billing
2320,320,3,6,Billing
2321,321,3,1,Billing
2322,322,3,3,Billing
2323,323,3,3,Technical
2324,324,3,4,Service
2325,325,3,6,Technical
2326,326,3,3,Technical
2327,327,3,1,Service
2328,328,3,2,Technical
2329,329,3,5,Service
2330,330,3,2,Service
2331,331,3,2,Billing
2332,332,3,6,Service
2333,333,3,5,Billing
2334,334,3,4,Technical
2335,335,3,3,Service
2336,336,3,7,Technical
2337,337,3,3,Technical
2338,338,3,6,Technical
2339,339,3,4,Technical
2340,340,3,4,Technical
2341,341,3,4,Billing
2342,342,3,4,Service
2343,343,3,2,Technical
2344,344,3,3,Service
2345,345,3,2,Technical
2346,346,3,3,Billing
2347,347,3,1,Service
2348,348,3,7,Technical
2349,349,3,3,Technical
2350,350,3,4,Service
2351,351,3,2,Billing
2352,352,3,7,Service
2353,353,3,6,Billing
2354,354,3,2,Service
2355,355,3,2,Technical
2356,356,3,3,Billing
2357,357,3,5,Service
2358,358,3,1,Technical
2359,359,3,5,Technical
2360,360,3,6,Technical
2361,361,3,4,Technical
2362,362,3,3,Technical
2363,363,3,2,Service
2364,364,3,1,Billing
2365,365,3,0,Technical
2366,366,3,3,Technical
2367,367,3,2,Service
2368,368,3,4,Service
2369,369,3,6,Billing
2370,370,3,4,Technical
2371,371,3,3,Technical
2372,372,3,2,Billing
2373,373,3,5,Billing
2374,374,3,5,Technical
2375,375,3,3,Billing
2376,376,3,6,Billing
2377,377,3,4,Technical
2378,378,3,3,Service
2379,379,3,3,Billing
2380,380,3,1,Technical
2381,381,3,2,Billing
2382,382,3,4,Service
2383,383,3,4,Billing
2384,384,3,7,Service
2385,385,3,8,Billing
2386,386,3,5,Service
2387,387,3,0,Technical
2388,388,3,1,Billing
2389,389,3,3,Billing
2390,390,3,2,Billing
2391,391,3,3,Technical
2392,392,3,2,Billing
2393,393,3,6,Service
2394,394,3,3,Technical
2395,395,3,8,Technical
2396,396,3,5,Technical
2397,397,3,4,Service
2398,398,3,3,Technical
2399,399,3,3,Technical
2400,400,3,4,Service
2401,401,3,3,Technical
2402,402,3,2,Billing
2403,403,3,6,Billing
2404,404,3,3,Billing
2405,405,3,2,Technical
2406,406,3,3,Billing
2407,407,3,7,Billing
2408,408,3,3,Billing
2409,409,3,3,Technical
2410,410,3,8,Technical
2411,411,3,4,Billing
2412,412,3,6,Technical
2413,413,3,7,Technical
2414,414,3,3,Technical
2415,415,3,6,Billing
2416,416,3,3,Service
2417,417,3,3,Technical
2418,418,3,4,Service
2419,419,3,6,Service
2420,420,3,4,Technical
2421,421,3,5,Technical
2422,422,3,7,Service
2423,423,3,2,Technical
2424,424,3,2,Technical
2425,425,3,2,Technical
2426,426,3,3,Service
2427,427,3,4,Service
2428,428,3,6,Technical
2429,429,3,6,Technical
2430,430,3,5,Technical
2431,431,3,4,Technical
2432,432,3,2,Technical
2433,433,3,5,Technical
2434,434,3,5,Billing
2435,435,3,4,Billing
2436,436,3,5,Technical
2437,437,3,3,Service
2438,438,3,2,Billing
2439,439,3,2,Technical
2440,440,3,5,Technical
2441,441,3,2,Technical
2442,442,3,3,Billing
2443,443,3,8,Service
2444,444,3,1,Billing
2445,445,3,2,Billing
2446,446,3,4,Service
2447,447,3,3,Technical
2448,448,3,3,Billing
2449,449,3,5,Billing
2450,450,3,7,Billing
2451,451,3,6,Technical
2452,452,3,3,Technical
2453,453,3,5,Technical
2454,454,3,2,Technical
2455,455,3,9,Service
2456,456,3,1,Service
2457,457,3,4,Billing
2458,458,3,2,Service
2459,459,3,8,Service
2460,460,3,2,Service
2461,461,3,1,Technical
2462,462,3,2,Technical
2463,463,3,5,Billing
2464,464,3,3,Service
2465,465,3,2,Service
2466,466,3,4,Technical
2467,467,3,5,Billing
2468,468,3,3,Service
2469,469,3,4,Technical
2470,470,3,4,Service
2471,471,3,8,Service
2472,472,3,3,Billing
2473,473,3,1,Service
2474,474,3,7,Billing
2475,475,3,1,Technical
2476,476,3,4,Technical
2477,477,3,2,Service
2478,478,3,5,Technical
2479,479,3,1,Billing
2480,480,3,4,Technical
2481,481,3,2,Billing
2482,482,3,3,Technical
2483,483,3,4,Billing
2484,484,3,2,Technical
2485,485,3,5,Billing
2486,486,3,2,Billing
2487,487,3,6,Technical
2488,488,3,4,Technical
2489,489,3,4,Technical
2490,490,3,1,Billing
2491,491,3,7,Technical
2492,492,3,2,Service
2493,493,3,1,Billing
2494,494,3,6,Service
2495,495,3,2,Service
2496,496,3,6,Billing
2497,497,3,4,Billing
2498,498,3,2,Technical
2499,499,3,9,Technical
2500,500,3,8,Technical
2501,501,3,3,Service
2502,502,3,2,Billing
2503,503,3,2,Technical
2504,504,3,5,Billing
2505,505,3,4,Technical
2506,506,3,4,Technical
2507,507,3,1,Billing
2508,508,3,6,Service
2509,509,3,2,Technical
2510,510,3,5,Billing
2511,511,3,6,Billing
2512,512,3,5,Technical
2513,513,3,1,Technical
2514,514,3,9,Service
2515,515,3,7,Technical
2516,516,3,2,Technical
2517,517,3,3,Technical
2518,518,3,2,Service
2519,519,3,5,Technical
2520,520,3,4,Billing
2521,521,3,5,Billing
2522,522,3,6,Billing
2523,523,3,1,Billing
2524,524,3,3,Billing
2525,525,3,1,Technical
2526,526,3,7,Service
2527,527,3,4,Technical
2528,528,3,6,Technical
2529,529,3,3,Billing
2530,530,3,7,Technical
2531,531,3,7,Technical
2532,532,3,4,Technical
2533,533,3,0,Technical
2534,534,3,3,Technical
2535,535,3,5,Technical
2536,536,3,6,Billing
2537,537,3,3,Billing
2538,538,3,3,Billing
2539,539,3,4,Technical
2540,540,3,5,Billing
2541,541,3,3,Technical
2542,542,3,4,Technical
2543,543,3,4,Technical
2544,544,3,2,Technical
2545,545,3,2,Technical
2546,546,3,3,Technical
2547,547,3,7,Technical
2548,548,3,6,Service
2549,549,3,1,Technical
2550,550,3,2,Service
2551,551,3,3,Technical
2552,552,3,3,Billing
2553,553,3,5,Billing
2554,554,3,4,Technical
2555,555,3,2,Service
2556,556,3,3,Service
2557,557,3,4,Technical
2558,558,3,4,Billing
2559,559,3,7,Billing
2560,560,3,1,Service
2561,561,3,5,Technical
2562,562,3,4,Technical
2563,563,3,4,Technical
2564,564,3,9,Billing
2565,565,3,2,Service
2566,566,3,7,Service
2567,567,3,4,Technical
2568,568,3,2,Technical
2569,569,3,2,Service
2570,570,3,2,Service
2571,571,3,6,Billing
2572,572,3,2,Technical
2573,573,3,3,Technical
2574,574,3,3,Service
2575,575,3,4,Service
2576,576,3,4,Service
2577,577,3,1,Technical
2578,578,3,6,Billing
2579,579,3,6,Technical
2580,580,3,2,Billing
2581,581,3,3,Technical
2582,582,3,3,Technical
2583,583,3,5,Technical
2584,584,3,4,Technical
2585,585,3,5,Service
2586,586,3,1,Technical
2587,587,3,3,Technical
2588,588,3,6,Billing
2589,589,3,6,Technical
2590,590,3,5,Technical
2591,591,3,6,Technical
2592,592,3,4,Technical
2593,593,3,4,Technical
2594,594,3,2,Billing
2595,595,3,3,Technical
2596,596,3,2,Billing
2597,597,3,4,Service
2598,598,3,5,Technical
2599,599,3,3,Service
2600,600,3,1,Billing
2601,601,3,4,Technical
2602,602,3,4,Billing
2603,603,3,5,Technical
2604,604,3,3,Billing
2605,605,3,2,Technical
2606,606,3,6,Technical
2607,607,3,3,Billing
2608,608,3,2,Service
2609,609,3,4,Technical
2610,610,3,4,Billing
2611,611,3,4,Billing
2612,612,3,1,Technical
2613,613,3,6,Technical
2614,614,3,6,Billing
2615,615,3,2,Technical
2616,616,3,4,Service
2617,617,3,2,Billing
2618,618,3,3,Technical
2619,619,3,6,Service
2620,620,3,4,Service
2621,621,3,4,Service
2622,622,3,5,Technical
2623,623,3,2,Billing
2624,624,3,3,Technical
2625,625,3,7,Technical
2626,626,3,4,Billing
2627,627,3,3,Technical
2628,628,3,3,Service
2629,629,3,6,Billing
2630,630,3,5,Service
2631,631,3,4,Billing
2632,632,3,7,Billing
2633,633,3,3,Technical
2634,634,3,4,Billing
2635,635,3,6,Technical
2636,636,3,3,Billing
2637,637,3,5,Billing
2638,638,3,1,Technical
2639,639,3,8,Service
2640,640,3,6,Billing
2641,641,3,2,Billing
2642,642,3,7,Technical
2643,643,3,1,Technical
2644,644,3,5,Technical
2645,645,3,3,Technical
2646,646,3,7,Billing
2647,647,3,4,Technical
2648,648,3,2,Technical
2649,649,3,3,Billing
2650,650,3,4,Service
2651,651,3,5,Technical
2652,652,3,4,Billing
2653,653,3,6,Service
2654,654,3,2,Billing
2655,655,3,2,Technical
2656,656,3,3,Service
2657,657,3,5,Service
2658,658,3,4,Service
2659,659,3,4,Technical
2660,660,3,6,Billing
2661,661,3,3,Service
2662,662,3,6,Service
2663,663,3,9,Service
2664,664,3,4,Technical
2665,665,3,3,Billing
2666,666,3,1,Service
2667,667,3,4,Technical
2668,668,3,3,Service
2669,669,3,4,Technical
2670,670,3,4,Service
2671,671,3,1,Billing
2672,672,3,6,Billing
2673,673,3,3,Billing
2674,674,3,3,Service
2675,675,3,3,Technical
2676,676,3,4,Billing
2677,677,3,5,Billing
2678,678,3,8,Technical
2679,679,3,6,Technical
2680,680,3,5,Service
2681,681,3,3,Billing
2682,682,3,9,Technical
2683,683,3,3,Technical
2684,684,3,3,Service
2685,685,3,7,Service
2686,686,3,5,Service
2687,687,3,2,Billing
2688,688,3,3,Technical
2689,689,3,3,Service
2690,690,3,2,Technical
2691,691,3,5,Technical
2692,692,3,3,Technical
2693,693,3,3,Service
2694,694,3,5,Service
2695,695,3,3,Billing
2696,696,3,1,Billing
2697,697,3,2,Service
2698,698,3,7,Technical
2699,699,3,4,Technical
2700,700,3,4,Technical
2701,701,3,5,Technical
2702,702,3,3,Technical
2703,703,3,4,Service
2704,704,3,5,Technical
2705,705,3,5,Technical
2706,706,3,7,Service
2707,707,3,6,Billing
2708,708,3,6,Billing
2709,709,3,4,Technical
2710,710,3,4,Billing
2711,711,3,1,Technical
2712,712,3,0,Service
2713,713,3,6,Billing
2714,714,3,7,Technical
2715,715,3,3,Technical
2716,716,3,4,Billing
2717,717,3,6,Technical
2718,718,3,1,Technical
2719,719,3,8,Billing
2720,720,3,2,Billing
2721,721,3,4,Service
2722,722,3,4,Billing
2723,723,3,5,Technical
2724,724,3,4,Billing
2725,725,3,5,Service
2726,726,3,2,Technical
2727,727,3,5,Technical
2728,728,3,5,Technical
2729,729,3,2,Service
2730,730,3,4,Billing
2731,731,3,4,Technical
2732,732,3,2,Billing
2733,733,3,3,Billing
2734,734,3,2,Service
2735,735,3,5,Service
2736,736,3,6,Technical
2737,737,3,4,Technical
2738,738,3,4,Service
2739,739,3,4,Service
2740,740,3,3,Billing
2741,741,3,3,Technical
2742,742,3,5,Service
2743,743,3,5,Billing
2744,744,3,3,Technical
2745,745,3,7,Billing
2746,746,3,6,Technical
2747,747,3,4,Technical
2748,748,3,1,Billing
2749,749,3,5,Technical
2750,750,3,2,Billing
2751,751,3,11,Service
2752,752,3,4,Billing
2753,753,3,4,Technical
2754,754,3,2,Billing
2755,755,3,6,Technical
2756,756,3,5,Service
2757,757,3,3,Billing
2758,758,3,5,Technical
2759,759,3,3,Service
2760,760,3,3,Technical
2761,761,3,1,Technical
2762,762,3,5,Billing
2763,763,3,3,Billing
2764,764,3,0,Billing
2765,765,3,6,Service
2766,766,3,2,Technical
2767,767,3,5,Billing
2768,768,3,6,Technical
2769,769,3,5,Service
2770,770,3,4,Billing
2771,771,3,2,Technical
2772,772,3,4,Billing
2773,773,3,8,Billing
2774,774,3,5,Technical
2775,775,3,9,Technical
2776,776,3,5,Technical
2777,777,3,5,Technical
2778,778,3,5,Billing
2779,779,3,2,Technical
2780,780,3,5,Billing
2781,781,3,2,Technical
2782,782,3,6,Billing
2783,783,3,4,Billing
2784,784,3,4,Service
2785,785,3,6,Technical
2786,786,3,3,Billing
2787,787,3,3,Billing
2788,788,3,4,Technical
2789,789,3,2,Service
2790,790,3,5,Technical
2791,791,3,5,Billing
2792,792,3,3,Service
2793,793,3,4,Billing
2794,794,3,2,Billing
2795,795,3,1,Technical
2796,796,3,1,Service
2797,797,3,3,Technical
2798,798,3,4,Service
2799,799,3,2,Technical
2800,800,3,8,Technical
2801,801,3,2,Billing
2802,802,3,2,Technical
2803,803,3,5,Billing
2804,804,3,2,Technical
2805,805,3,2,Billing
2806,806,3,2,Billing
2807,807,3,2,Service
2808,808,3,3,Technical
2809,809,3,1,Service
2810,810,3,9,Billing
2811,811,3,4,Billing
2812,812,3,6,Billing
2813,813,3,3,Technical
2814,814,3,4,Technical
2815,815,3,4,Service
2816,816,3,5,Technical
2817,817,3,4,Billing
2818,818,3,4,Technical
2819,819,3,3,Billing
2820,820,3,1,Billing
2821,821,3,5,Service
2822,822,3,6,Service
2823,823,3,6,Technical
2824,824,3,2,Billing
2825,825,3,7,Technical
2826,826,3,4,Technical
2827,827,3,4,Technical
2828,828,3,2,Service
2829,829,3,4,Billing
2830,830,3,7,Billing
2831,831,3,5,Billing
2832,832,3,3,Billing
2833,833,3,5,Technical
2834,834,3,8,Billing
2835,835,3,7,Technical
2836,836,3,4,Billing
2837,837,3,5,Service
2838,838,3,7,Billing
2839,839,3,7,Billing
2840,840,3,2,Technical
2841,841,3,0,Technical
2842,842,3,9,Technical
2843,843,3,5,Service
2844,844,3,3,Service
2845,845,3,5,Technical
2846,846,3,9,Technical
2847,847,3,4,Service
2848,848,3,4,Billing
2849,849,3,1,Service
2850,850,3,7,Billing
2851,851,3,4,Service
2852,852,3,4,Service
2853,853,3,8,Billing
2854,854,3,1,Technical
2855,855,3,3,Billing
2856,856,3,4,Billing
2857,857,3,3,Billing
2858,858,3,3,Service
2859,859,3,2,Technical
2860,860,3,3,Technical
2861,861,3,2,Service
2862,862,3,0,Technical
2863,863,3,6,Technical
2864,864,3,5,Service
2865,865,3,2,Technical
2866,866,3,2,Billing
2867,867,3,6,Technical
2868,868,3,6,Technical
2869,869,3,7,Technical
2870,870,3,3,Billing
2871,871,3,6,Technical
2872,872,3,7,Technical
2873,873,3,7,Service
2874,874,3,4,Service
2875,875,3,5,Technical
2876,876,3,7,Technical
2877,877,3,3,Technical
2878,878,3,3,Technical
2879,879,3,7,Technical
2880,880,3,7,Technical
2881,881,3,5,Service
2882,882,3,3,Service
2883,883,3,3,Billing
2884,884,3,4,Technical
2885,885,3,2,Billing
2886,886,3,2,Technical
2887,887,3,4,Technical
2888,888,3,3,Service
2889,889,3,3,Billing
2890,890,3,4,Billing
2891,891,3,8,Billing
2892,892,3,4,Billing
2893,893,3,6,Service
2894,894,3,0,Technical
2895,895,3,4,Technical
2896,896,3,3,Technical
2897,897,3,1,Billing
2898,898,3,5,Technical
2899,899,3,10,Technical
2900,900,3,2,Technical
2901,901,3,5,Technical
2902,902,3,1,Billing
2903,903,3,0,Billing
2904,904,3,3,Service
2905,905,3,6,Technical
2906,906,3,6,Billing
2907,907,3,3,Billing
2908,908,3,2,Billing
2909,909,3,4,Billing
2910,910,3,3,Billing
2911,911,3,3,Service
2912,912,3,0,Service
2913,913,3,7,Technical
2914,914,3,1,Billing
2915,915,3,6,Service
2916,916,3,2,Technical
2917,917,3,4,Technical
2918,918,3,4,Technical
2919,919,3,6,Service
2920,920,3,7,Billing
2921,921,3,6,Billing
2922,922,3,4,Billing
2923,923,3,3,Service
2924,924,3,3,Service
2925,925,3,4,Billing
2926,926,3,2,Service
2927,927,3,5,Billing
2928,928,3,2,Billing
2929,929,3,7,Technical
2930,930,3,3,Billing
2931,931,3,2,Technical
2932,932,3,2,Technical
2933,933,3,4,Service
2934,934,3,4,Billing
2935,935,3,6,Billing
2936,936,3,3,Billing
2937,937,3,3,Service
2938,938,3,7,Technical
2939,939,3,3,Billing
2940,940,3,2,Service
2941,941,3,2,Billing
2942,942,3,3,Technical
2943,943,3,2,Technical
2944,944,3,4,Billing
2945,945,3,3,Billing
2946,946,3,5,Technical
2947,947,3,7,Billing
2948,948,3,6,Technical
2949,949,3,4,Technical
2950,950,3,11,Technical
2951,951,3,6,Technical
2952,952,3,1,Service
2953,953,3,4,Technical
2954,954,3,5,Service
2955,955,3,1,Service
2956,956,3,2,Service
2957,957,3,5,Technical
2958,958,3,0,Billing
2959,959,3,3,Service
2960,960,3,3,Technical
2961,961,3,6,Technical
2962,962,3,2,Technical
2963,963,3,4,Technical
2964,964,3,3,Billing
2965,965,3,3,Technical
2966,966,3,6,Technical
2967,967,3,6,Billing
2968,968,3,7,Service
2969,969,3,3,Technical
2970,970,3,6,Billing
2971,971,3,2,Technical
2972,972,3,7,Technical
2973,973,3,4,Technical
2974,974,3,5,Billing
2975,975,3,8,Service
2976,976,3,0,Service
2977,977,3,5,Billing
2978,978,3,2,Technical
2979,979,3,3,Billing
2980,980,3,8,Technical
2981,981,3,5,Billing
2982,982,3,4,Billing
2983,983,3,3,Technical
2984,984,3,5,Billing
2985,985,3,7,Billing
2986,986,3,3,Service
2987,987,3,5,Service
2988,988,3,4,Billing
2989,989,3,4,Technical
2990,990,3,4,Technical
2991,991,3,1,Billing
2992,992,3,6,Billing
2993,993,3,3,Service
2994,994,3,4,Technical
2995,995,3,4,Service
2996,996,3,1,Technical
2997,997,3,3,Service
2998,998,3,11,Technical
2999,999,3,5,Billing
3000,1000,3,3,Technical
3001,1,4,6,Technical
3002,2,4,5,Billing
3003,3,4,3,Billing
3004,4,4,1,Billing
3005,5,4,8,Service
3006,6,4,0,Technical
3007,7,4,0,Billing
3008,8,4,8,Technical
3009,9,4,1,Technical
3010,10,4,4,Billing
3011,11,4,5,Service
3012,12,4,3,Technical
3013,13,4,0,Billing
3014,14,4,6,Technical
3015,15,4,3,Technical
3016,16,4,2,Technical
3017,17,4,7,Billing
3018,18,4,3,Technical
3019,19,4,4,Service
3020,20,4,0,Billing
3021,21,4,3,Service
3022,22,4,3,Service
3023,23,4,6,Billing
3024,24,4,3,Billing
3025,25,4,1,Billing
3026,26,4,4,Service
3027,27,4,5,Billing
3028,28,4,6,Service
3029,29,4,4,Service
3030,30,4,4,Technical
3031,31,4,1,Billing
3032,32,4,2,Technical
3033,33,4,11,Billing
3034,34,4,5,Technical
3035,35,4,5,Service
3036,36,4,7,Billing
3037,37,4,2,Service
3038,38,4,3,Service
3039,39,4,2,Technical
3040,40,4,2,Service
3041,41,4,4,Billing
3042,42,4,2,Billing
3043,43,4,8,Technical
3044,44,4,6,Service
3045,45,4,4,Technical
3046,46,4,0,Technical
3047,47,4,3,Billing
3048,48,4,3,Service
3049,49,4,4,Technical
3050,50,4,2,Technical
3051,51,4,3,Technical
3052,52,4,3,Technical
3053,53,4,3,Billing
3054,54,4,1,Service
3055,55,4,7,Technical
3056,56,4,4,Technical
3057,57,4,2,Service
3058,58,4,1,Technical
3059,59,4,4,Technical
3060,60,4,6,Technical
3061,61,4,5,Billing
3062,62,4,4,Technical
3063,63,4,3,Technical
3064,64,4,2,Technical
3065,65,4,5,Technical
3066,66,4,4,Technical
3067,67,4,3,Service
3068,68,4,1,Service
3069,69,4,5,Billing
3070,70,4,2,Billing
3071,71,4,4,Service
3072,72,4,5,Billing
3073,73,4,4,Billing
3074,74,4,3,Service
3075,75,4,4,Technical
3076,76,4,1,Service
3077,77,4,8,Technical
3078,78,4,3,Technical
3079,79,4,1,Billing
3080,80,4,4,Billing
3081,81,4,5,Billing
3082,82,4,4,Technical
3083,83,4,3,Service
3084,84,4,4,Service
3085,85,4,4,Billing
3086,86,4,8,Technical
3087,87,4,4,Service
3088,88,4,7,Technical
3089,89,4,2,Billing
3090,90,4,7,Technical
3091,91,4,3,Service
3092,92,4,1,Technical
3093,93,4,0,Technical
3094,94,4,3,Technical
3095,95,4,5,Technical
3096,96,4,5,Technical
3097,97,4,0,Service
3098,98,4,5,Billing
3099,99,4,1,Technical
3100,100,4,4,Billing
3101,101,4,4,Technical
3102,102,4,2,Billing
3103,103,4,4,Technical
3104,104,4,1,Technical
3105,105,4,5,Technical
3106,106,4,6,Billing
3107,107,4,6,Service
3108,108,4,2,Technical
3109,109,4,2,Technical
3110,110,4,5,Technical
3111,111,4,6,Billing
3112,112,4,3,Billing
3113,113,4,4,Billing
3114,114,4,5,Billing
3115,115,4,6,Technical
3116,116,4,2,Billing
3117,117,4,6,Technical
3118,118,4,7,Service
3119,119,4,5,Billing
3120,120,4,5,Service
3121,121,4,4,Technical
3122,122,4,7,Technical
3123,123,4,3,Technical
3124,124,4,4,Technical
3125,125,4,4,Technical
3126,126,4,3,Billing
3127,127,4,4,Service
3128,128,4,4,Billing
3129,129,4,1,Technical
3130,130,4,6,Billing
3131,131,4,2,Billing
3132,132,4,4,Billing
3133,133,4,3,Technical
3134,134,4,4,Billing
3135,135,4,0,Technical
3136,136,4,3,Technical
3137,137,4,5,Billing
3138,138,4,3,Billing
3139,139,4,2,Technical
3140,140,4,5,Technical
3141,141,4,2,Technical
3142,142,4,5,Billing
3143,143,4,4,Service
3144,144,4,3,Technical
3145,145,4,4,Billing
3146,146,4,5,Service
3147,147,4,4,Service
3148,148,4,5,Technical
3149,149,4,2,Service
3150,150,4,2,Technical
3151,151,4,4,Service
3152,152,4,7,Billing
3153,153,4,3,Technical
3154,154,4,4,Billing
3155,155,4,5,Billing
3156,156,4,8,Technical
3157,157,4,6,Technical
3158,158,4,4,Billing
3159,159,4,3,Service
3160,160,4,2,Technical
3161,161,4,2,Billing
3162,162,4,4,Billing
3163,163,4,3,Billing
3164,164,4,2,Billing
3165,165,4,4,Billing
3166,166,4,1,Billing
3167,167,4,6,Billing
3168,168,4,3,Technical
3169,169,4,5,Technical
3170,170,4,5,Service
3171,171,4,3,Billing
3172,172,4,1,Service
3173,173,4,8,Technical
3174,174,4,3,Technical
3175,175,4,7,Service
3176,176,4,4,Service
3177,177,4,3,Service
3178,178,4,3,Technical
3179,179,4,2,Billing
3180,180,4,5,Service
3181,181,4,4,Billing
3182,182,4,8,Billing
3183,183,4,3,Service
3184,184,4,4,Billing
3185,185,4,3,Billing
3186,186,4,2,Billing
3187,187,4,3,Service
3188,188,4,1,Technical
3189,189,4,2,Technical
3190,190,4,6,Service
3191,191,4,6,Service
3192,192,4,6,Technical
3193,193,4,4,Billing
3194,194,4,6,Billing
3195,195,4,2,Billing
3196,196,4,0,Billing
3197,197,4,4,Service
3198,198,4,2,Billing
3199,199,4,7,Service
3200,200,4,2,Technical
3201,201,4,2,Billing
3202,202,4,3,Billing
3203,203,4,4,Service
3204,204,4,6,Billing
3205,205,4,3,Billing
3206,206,4,4,Billing
3207,207,4,4,Technical
3208,208,4,2,Technical
3209,209,4,5,Billing
3210,210,4,4,Technical
3211,211,4,2,Technical
3212,212,4,8,Technical
3213,213,4,3,Billing
3214,214,4,6,Technical
3215,215,4,3,Billing
3216,216,4,2,Billing
3217,217,4,3,Technical
3218,218,4,1,Technical
3219,219,4,4,Billing
3220,220,4,2,Technical
3221,221,4,2,Technical
3222,222,4,3,Billing
3223,223,4,5,Service
3224,224,4,8,Billing
3225,225,4,5,Technical
3226,226,4,6,Technical
3227,227,4,1,Billing
3228,228,4,4,Service
3229,229,4,6,Billing
3230,230,4,2,Billing
3231,231,4,5,Service
3232,232,4,4,Service
3233,233,4,2,Technical
3234,234,4,1,Technical
3235,235,4,2,Technical
3236,236,4,3,Billing
3237,237,4,5,Technical
3238,238,4,5,Technical
3239,239,4,2,Technical
3240,240,4,6,Technical
3241,241,4,2,Billing
3242,242,4,4,Billing
3243,243,4,3,Billing
3244,244,4,3,Billing
3245,245,4,5,Technical
3246,246,4,4,Billing
3247,247,4,4,Billing
3248,248,4,4,Technical
3249,249,4,3,Technical
3250,250,4,6,Billing
3251,251,4,3,Technical
3252,252,4,2,Service
3253,253,4,3,Service
3254,254,4,5,Service
3255,255,4,3,Technical
3256,256,4,4,Billing
3257,257,4,2,Service
3258,258,4,7,Service
3259,259,4,5,Technical
3260,260,4,2,Technical
3261,261,4,4,Billing
3262,262,4,2,Billing
3263,263,4,5,Billing
3264,264,4,6,Billing
3265,265,4,7,Billing
3266,266,4,1,Billing
3267,267,4,3,Billing
3268,268,4,2,Billing
3269,269,4,6,Technical
3270,270,4,2,Technical
3271,271,4,6,Technical
3272,272,4,4,Technical
3273,273,4,4,Billing
3274,274,4,6,Billing
3275,275,4,5,Billing
3276,276,4,2,Technical
3277,277,4,1,Billing
3278,278,4,7,Technical
3279,279,4,4,Technical
3280,280,4,0,Technical
3281,281,4,4,Billing
3282,282,4,5,Billing
3283,283,4,1,Service
3284,284,4,2,Technical
3285,285,4,5,Service
3286,286,4,4,Billing
3287,287,4,5,Technical
3288,288,4,2,Technical
3289,289,4,6,Technical
3290,290,4,4,Technical
3291,291,4,7,Technical
3292,292,4,6,Billing
3293,293,4,9,Billing
3294,294,4,4,Billing
3295,295,4,6,Technical
3296,296,4,3,Service
3297,297,4,5,Technical
3298,298,4,7,Technical
3299,299,4,3,Billing
3300,300,4,1,Service
3301,301,4,4,Technical
3302,302,4,3,Billing
3303,303,4,5,Billing
3304,304,4,5,Billing
3305,305,4,2,Billing
3306,306,4,5,Service
3307,307,4,4,Technical
3308,308,4,1,Service
3309,309,4,4,Service
3310,310,4,8,Billing
3311,311,4,4,Billing
3312,312,4,6,Billing
3313,313,4,5,Service
3314,314,4,5,Technical
3315,315,4,5,Technical
3316,316,4,1,Billing
3317,317,4,1,Billing
3318,318,4,1,Service
3319,319,4,3,Technical
3320,320,4,4,Technical
3321,321,4,6,Technical
3322,322,4,3,Service
3323,323,4,5,Technical
3324,324,4,3,Technical
3325,325,4,2,Technical
3326,326,4,9,Technical
3327,327,4,1,Billing
3328,328,4,3,Service
3329,329,4,3,Billing
3330,330,4,3,Technical
3331,331,4,3,Technical
3332,332,4,4,Technical
3333,333,4,5,Technical
3334,334,4,5,Billing
3335,335,4,1,Service
3336,336,4,2,Service
3337,337,4,2,Service
3338,338,4,5,Technical
3339,339,4,4,Service
3340,340,4,6,Technical
3341,341,4,2,Billing
3342,342,4,2,Service
3343,343,4,3,Service
3344,344,4,1,Technical
3345,345,4,8,Billing
3346,346,4,4,Technical
3347,347,4,1,Technical
3348,348,4,6,Billing
3349,349,4,2,Service
3350,350,4,2,Technical
3351,351,4,1,Billing
3352,352,4,5,Billing
3353,353,4,9,Technical
3354,354,4,3,Service
3355,355,4,3,Billing
3356,356,4,4,Billing
3357,357,4,3,Billing
3358,358,4,6,Service
3359,359,4,5,Service
3360,360,4,3,Technical
3361,361,4,3,Technical
3362,362,4,3,Billing
3363,363,4,4,Service
3364,364,4,6,Technical
3365,365,4,6,Technical
3366,366,4,4,Technical
3367,367,4,2,Service
3368,368,4,3,Technical
3369,369,4,2,Technical
3370,370,4,7,Billing
3371,371,4,3,Service
3372,372,4,3,Billing
3373,373,4,6,Service
3374,374,4,3,Billing
3375,375,4,4,Billing
3376,376,4,2,Service
3377,377,4,5,Service
3378,378,4,7,Service
3379,379,4,3,Service
3380,380,4,8,Service
3381,381,4,6,Technical
3382,382,4,9,Service
3383,383,4,1,Service
3384,384,4,2,Billing
3385,385,4,3,Billing
3386,386,4,4,Technical
3387,387,4,4,Technical
3388,388,4,2,Technical
3389,389,4,8,Billing
3390,390,4,1,Billing
3391,391,4,5,Service
3392,392,4,6,Billing
3393,393,4,3,Billing
3394,394,4,3,Technical
3395,395,4,1,Billing
3396,396,4,3,Service
3397,397,4,6,Service
3398,398,4,4,Technical
3399,399,4,7,Billing
3400,400,4,3,Billing
3401,401,4,5,Service
3402,402,4,0,Billing
3403,403,4,4,Technical
3404,404,4,6,Billing
3405,405,4,4,Technical
3406,406,4,1,Technical
3407,407,4,3,Technical
3408,408,4,2,Technical
3409,409,4,4,Billing
3410,410,4,2,Billing
3411,411,4,4,Technical
3412,412,4,3,Billing
3413,413,4,2,Service
3414,414,4,5,Billing
3415,415,4,4,Billing
3416,416,4,6,Technical
3417,417,4,4,Service
3418,418,4,6,Billing
3419,419,4,4,Technical
3420,420,4,4,Service
3421,421,4,2,Billing
3422,422,4,5,Billing
3423,423,4,0,Technical
3424,424,4,1,Technical
3425,425,4,3,Technical
3426,426,4,3,Technical
3427,427,4,3,Technical
3428,428,4,2,Service
3429,429,4,5,Service
3430,430,4,8,Billing
3431,431,4,4,Service
3432,432,4,4,Billing
3433,433,4,6,Service
3434,434,4,5,Technical
3435,435,4,5,Service
3436,436,4,0,Technical
3437,437,4,4,Service
3438,438,4,4,Technical
3439,439,4,6,Service
3440,440,4,3,Technical
3441,441,4,0,Technical
3442,442,4,6,Service
3443,443,4,10,Technical
3444,444,4,4,Service
3445,445,4,5,Service
3446,446,4,7,Service
3447,447,4,6,Technical
3448,448,4,2,Service
3449,449,4,5,Service
3450,450,4,5,Billing
3451,451,4,5,Technical
3452,452,4,5,Technical
3453,453,4,3,Billing
3454,454,4,4,Technical
3455,455,4,5,Technical
3456,456,4,3,Billing
3457,457,4,5,Billing
3458,458,4,2,Technical
3459,459,4,7,Billing
3460,460,4,8,Billing
3461,461,4,4,Billing
3462,462,4,6,Billing
3463,463,4,5,Billing
3464,464,4,5,Billing
3465,465,4,4,Billing
3466,466,4,4,Service
3467,467,4,1,Technical
3468,468,4,2,Service
3469,469,4,3,Billing
3470,470,4,2,Billing
3471,471,4,5,Technical
3472,472,4,2,Billing
3473,473,4,0,Service
3474,474,4,3,Service
3475,475,4,1,Technical
3476,476,4,3,Technical
3477,477,4,9,Billing
3478,478,4,4,Billing
3479,479,4,2,Billing
3480,480,4,5,Billing
3481,481,4,2,Billing
3482,482,4,2,Service
3483,483,4,0,Technical
3484,484,4,6,Service
3485,485,4,4,Service
3486,486,4,2,Service
3487,487,4,3,Technical
3488,488,4,1,Billing
3489,489,4,5,Billing
3490,490,4,4,Technical
3491,491,4,6,Service
3492,492,4,1,Billing
3493,493,4,3,Technical
3494,494,4,4,Technical
3495,495,4,1,Technical
3496,496,4,6,Service
3497,497,4,7,Technical
3498,498,4,5,Billing
3499,499,4,4,Billing
3500,500,4,4,Technical
3501,501,4,5,Technical
3502,502,4,5,Technical
3503,503,4,2,Billing
3504,504,4,2,Billing
3505,505,4,2,Service
3506,506,4,4,Billing
3507,507,4,3,Billing
3508,508,4,2,Billing
3509,509,4,3,Billing
3510,510,4,2,Service
3511,511,4,2,Billing
3512,512,4,3,Billing
3513,513,4,1,Billing
3514,514,4,2,Technical
3515,515,4,4,Billing
3516,516,4,2,Billing
3517,517,4,3,Service
3518,518,4,5,Billing
3519,519,4,4,Technical
3520,520,4,0,Billing
3521,521,4,2,Billing
3522,522,4,14,Billing
3523,523,4,3,Service
3524,524,4,7,Billing
3525,525,4,5,Technical
3526,526,4,7,Technical
3527,527,4,5,Billing
3528,528,4,2,Billing
3529,529,4,5,Technical
3530,530,4,8,Billing
3531,531,4,2,Billing
3532,532,4,6,Service
3533,533,4,2,Billing
3534,534,4,2,Technical
3535,535,4,3,Service
3536,536,4,7,Technical
3537,537,4,3,Billing
3538,538,4,1,Service
3539,539,4,3,Billing
3540,540,4,6,Billing
3541,541,4,2,Service
3542,542,4,0,Technical
3543,543,4,0,Service
3544,544,4,4,Technical
3545,545,4,6,Technical
3546,546,4,3,Billing
3547,547,4,5,Billing
3548,548,4,1,Technical
3549,549,4,2,Technical
3550,550,4,4,Technical
3551,551,4,4,Billing
3552,552,4,4,Billing
3553,553,4,4,Billing
3554,554,4,4,Technical
3555,555,4,8,Technical
3556,556,4,8,Billing
3557,557,4,2,Technical
3558,558,4,5,Technical
3559,559,4,2,Technical
3560,560,4,2,Billing
3561,561,4,3,Technical
3562,562,4,3,Service
3563,563,4,4,Service
3564,564,4,7,Billing
3565,565,4,1,Technical
3566,566,4,0,Technical
3567,567,4,2,Billing
3568,568,4,3,Billing
3569,569,4,4,Billing
3570,570,4,3,Technical
3571,571,4,5,Technical
3572,572,4,4,Technical
3573,573,4,5,Service
3574,574,4,2,Billing
3575,575,4,0,Service
3576,576,4,9,Technical
3577,577,4,5,Technical
3578,578,4,8,Technical
3579,579,4,2,Service
3580,580,4,4,Billing
3581,581,4,13,Technical
3582,582,4,3,Service
3583,583,4,3,Billing
3584,584,4,6,Billing
3585,585,4,9,Billing
3586,586,4,4,Technical
3587,587,4,7,Billing
3588,588,4,2,Technical
3589,589,4,8,Technical
3590,590,4,6,Technical
3591,591,4,7,Service
3592,592,4,5,Technical
3593,593,4,3,Technical
3594,594,4,4,Service
3595,595,4,1,Service
3596,596,4,4,Technical
3597,597,4,2,Billing
3598,598,4,5,Technical
3599,599,4,3,Billing
3600,600,4,4,Service
3601,601,4,3,Technical
3602,602,4,2,Service
3603,603,4,4,Billing
3604,604,4,1,Technical
3605,605,4,10,Technical
3606,606,4,5,Billing
3607,607,4,1,Billing
3608,608,4,2,Billing
3609,609,4,4,Technical
3610,610,4,5,Billing
3611,611,4,3,Technical
3612,612,4,4,Technical
3613,613,4,4,Billing
3614,614,4,3,Technical
3615,615,4,7,Technical
3616,616,4,4,Technical
3617,617,4,4,Technical
3618,618,4,2,Service
3619,619,4,4,Billing
3620,620,4,2,Billing
3621,621,4,0,Billing
3622,622,4,4,Technical
3623,623,4,6,Service
3624,624,4,2,Service
3625,625,4,4,Technical
3626,626,4,5,Billing
3627,627,4,2,Service
3628,628,4,1,Technical
3629,629,4,5,Billing
3630,630,4,3,Service
3631,631,4,7,Billing
3632,632,4,3,Billing
3633,633,4,6,Billing
3634,634,4,3,Technical
3635,635,4,5,Service
3636,636,4,5,Billing
3637,637,4,4,Billing
3638,638,4,5,Technical
3639,639,4,4,Technical
3640,640,4,4,Service
3641,641,4,2,Technical
3642,642,4,8,Technical
3643,643,4,5,Technical
3644,644,4,7,Technical
3645,645,4,3,Billing
3646,646,4,3,Technical
3647,647,4,9,Billing
3648,648,4,5,Technical
3649,649,4,10,Billing
3650,650,4,4,Service
3651,651,4,5,Technical
3652,652,4,6,Billing
3653,653,4,8,Service
3654,654,4,4,Service
3655,655,4,2,Billing
3656,656,4,6,Technical
3657,657,4,1,Service
3658,658,4,4,Technical
3659,659,4,2,Technical
3660,660,4,3,Technical
3661,661,4,3,Billing
3662,662,4,5,Billing
3663,663,4,2,Service
3664,664,4,4,Technical
3665,665,4,3,Billing
3666,666,4,1,Service
3667,667,4,6,Technical
3668,668,4,7,Billing
3669,669,4,2,Technical
3670,670,4,5,Service
3671,671,4,0,Technical
3672,672,4,3,Billing
3673,673,4,3,Service
3674,674,4,0,Technical
3675,675,4,4,Technical
3676,676,4,3,Technical
3677,677,4,5,Service
3678,678,4,3,Technical
3679,679,4,5,Billing
3680,680,4,0,Technical
3681,681,4,3,Billing
3682,682,4,3,Billing
3683,683,4,5,Technical
3684,684,4,5,Billing
3685,685,4,6,Technical
3686,686,4,13,Billing
3687,687,4,7,Technical
3688,688,4,8,Billing
3689,689,4,5,Service
3690,690,4,8,Service
3691,691,4,8,Billing
3692,692,4,3,Technical
3693,693,4,5,Service
3694,694,4,5,Technical
3695,695,4,4,Technical
3696,696,4,4,Billing
3697,697,4,5,Service
3698,698,4,8,Billing
3699,699,4,3,Billing
3700,700,4,1,Billing
3701,701,4,7,Billing
3702,702,4,2,Technical
3703,703,4,5,Service
3704,704,4,0,Service
3705,705,4,1,Service
3706,706,4,6,Technical
3707,707,4,3,Billing
3708,708,4,6,Billing
3709,709,4,5,Technical
3710,710,4,9,Technical
3711,711,4,8,Technical
3712,712,4,3,Service
3713,713,4,3,Service
3714,714,4,1,Technical
3715,715,4,7,Technical
3716,716,4,9,Technical
3717,717,4,3,Technical
3718,718,4,4,Billing
3719,719,4,4,Technical
3720,720,4,3,Service
3721,721,4,4,Billing
3722,722,4,4,Billing
3723,723,4,5,Billing
3724,724,4,1,Technical
3725,725,4,2,Service
3726,726,4,3,Service
3727,727,4,3,Billing
3728,728,4,3,Technical
3729,729,4,4,Service
3730,730,4,2,Billing
3731,731,4,2,Technical
3732,732,4,4,Technical
3733,733,4,4,Billing
3734,734,4,3,Service
3735,735,4,0,Technical
3736,736,4,3,Technical
3737,737,4,4,Service
3738,738,4,3,Service
3739,739,4,6,Service
3740,740,4,2,Technical
3741,741,4,2,Technical
3742,742,4,3,Service
3743,743,4,1,Technical
3744,744,4,4,Billing
3745,745,4,0,Technical
3746,746,4,3,Technical
3747,747,4,2,Technical
3748,748,4,3,Billing
3749,749,4,5,Service
3750,750,4,7,Service
3751,751,4,6,Technical
3752,752,4,0,Billing
3753,753,4,8,Service
3754,754,4,2,Technical
3755,755,4,0,Technical
3756,756,4,1,Service
3757,757,4,3,Service
3758,758,4,3,Billing
3759,759,4,5,Service
3760,760,4,3,Technical
3761,761,4,2,Service
3762,762,4,6,Technical
3763,763,4,4,Service
3764,764,4,2,Service
3765,765,4,5,Billing
3766,766,4,11,Billing
3767,767,4,1,Technical
3768,768,4,4,Billing
3769,769,4,3,Technical
3770,770,4,3,Billing
3771,771,4,3,Technical
3772,772,4,5,Technical
3773,773,4,6,Service
3774,774,4,4,Technical
3775,775,4,4,Technical
3776,776,4,4,Service
3777,777,4,2,Technical
3778,778,4,6,Billing
3779,779,4,5,Service
3780,780,4,4,Service
3781,781,4,4,Service
3782,782,4,2,Billing
3783,783,4,7,Billing
3784,784,4,4,Technical
3785,785,4,6,Service
3786,786,4,2,Service
3787,787,4,5,Billing
3788,788,4,9,Technical
3789,789,4,1,Billing
3790,790,4,1,Service
3791,791,4,3,Technical
3792,792,4,3,Billing
3793,793,4,3,Service
3794,794,4,2,Service
3795,795,4,4,Service
3796,796,4,2,Technical
3797,797,4,1,Billing
3798,798,4,6,Billing
3799,799,4,4,Service
3800,800,4,6,Billing
3801,801,4,0,Technical
3802,802,4,4,Technical
3803,803,4,2,Billing
3804,804,4,3,Billing
3805,805,4,3,Service
3806,806,4,4,Billing
3807,807,4,2,Service
3808,808,4,6,Service
3809,809,4,5,Service
3810,810,4,2,Billing
3811,811,4,5,Technical
3812,812,4,9,Technical
3813,813,4,2,Technical
3814,814,4,6,Billing
3815,815,4,6,Billing
3816,816,4,5,Billing
3817,817,4,4,Billing
3818,818,4,4,Technical
3819,819,4,2,Billing
3820,820,4,7,Service
3821,821,4,1,Billing
3822,822,4,1,Billing
3823,823,4,4,Technical
3824,824,4,5,Billing
3825,825,4,1,Service
3826,826,4,4,Billing
3827,827,4,4,Technical
3828,828,4,3,Technical
3829,829,4,1,Service
3830,830,4,5,Service
3831,831,4,1,Technical
3832,832,4,6,Billing
3833,833,4,5,Technical
3834,834,4,4,Billing
3835,835,4,1,Billing
3836,836,4,3,Billing
3837,837,4,6,Technical
3838,838,4,2,Service
3839,839,4,7,Technical
3840,840,4,2,Billing
3841,841,4,5,Billing
3842,842,4,5,Service
3843,843,4,4,Billing
3844,844,4,2,Service
3845,845,4,2,Technical
3846,846,4,5,Billing
3847,847,4,2,Billing
3848,848,4,4,Billing
3849,849,4,3,Billing
3850,850,4,7,Billing
3851,851,4,6,Billing
3852,852,4,3,Technical
3853,853,4,1,Billing
3854,854,4,2,Service
3855,855,4,4,Technical
3856,856,4,1,Billing
3857,857,4,4,Billing
3858,858,4,3,Service
3859,859,4,7,Billing
3860,860,4,4,Technical
3861,861,4,2,Service
3862,862,4,0,Technical
3863,863,4,5,Billing
3864,864,4,8,Technical
3865,865,4,3,Service
3866,866,4,6,Billing
3867,867,4,5,Technical
3868,868,4,3,Technical
3869,869,4,3,Technical
3870,870,4,7,Billing
3871,871,4,5,Billing
3872,872,4,11,Service
3873,873,4,4,Billing
3874,874,4,0,Technical
3875,875,4,9,Service
3876,876,4,9,Service
3877,877,4,2,Technical
3878,878,4,1,Billing
3879,879,4,7,Billing
3880,880,4,2,Technical
3881,881,4,2,Billing
3882,882,4,3,Technical
3883,883,4,2,Technical
3884,884,4,3,Technical
3885,885,4,3,Billing
3886,886,4,4,Service
3887,887,4,5,Service
3888,888,4,2,Technical
3889,889,4,5,Technical
3890,890,4,4,Technical
3891,891,4,4,Technical
3892,892,4,5,Technical
3893,893,4,3,Technical
3894,894,4,3,Service
3895,895,4,5,Service
3896,896,4,3,Billing
3897,897,4,3,Technical
3898,898,4,5,Billing
3899,899,4,6,Technical
3900,900,4,1,Technical
3901,901,4,4,Technical
3902,902,4,3,Billing
3903,903,4,4,Billing
3904,904,4,3,Service
3905,905,4,4,Technical
3906,906,4,4,Technical
3907,907,4,1,Technical
3908,908,4,2,Billing
3909,909,4,8,Billing
3910,910,4,3,Service
3911,911,4,5,Billing
3912,912,4,8,Technical
3913,913,4,1,Billing
3914,914,4,3,Billing
3915,915,4,10,Billing
3916,916,4,1,Technical
3917,917,4,4,Service
3918,918,4,2,Technical
3919,919,4,7,Technical
3920,920,4,4,Billing
3921,921,4,7,Technical
3922,922,4,4,Service
3923,923,4,5,Billing
3924,924,4,3,Billing
3925,925,4,1,Technical
3926,926,4,5,Billing
3927,927,4,5,Technical
3928,928,4,2,Billing
3929,929,4,6,Billing
3930,930,4,7,Billing
3931,931,4,3,Billing
3932,932,4,3,Technical
3933,933,4,9,Billing
3934,934,4,6,Service
3935,935,4,1,Technical
3936,936,4,4,Billing
3937,937,4,2,Billing
3938,938,4,0,Technical
3939,939,4,1,Billing
3940,940,4,6,Technical
3941,941,4,4,Service
3942,942,4,3,Billing
3943,943,4,7,Billing
3944,944,4,1,Technical
3945,945,4,7,Technical
3946,946,4,1,Billing
3947,947,4,4,Billing
3948,948,4,2,Technical
3949,949,4,3,Billing
3950,950,4,3,Technical
3951,951,4,4,Technical
3952,952,4,4,Service
3953,953,4,0,Service
3954,954,4,8,Technical
3955,955,4,7,Service
3956,956,4,3,Service
3957,957,4,5,Billing
3958,958,4,2,Technical
3959,959,4,2,Service
3960,960,4,1,Service
3961,961,4,2,Technical
3962,962,4,2,Billing
3963,963,4,2,Technical
3964,964,4,2,Service
3965,965,4,10,Technical
3966,966,4,5,Technical
3967,967,4,5,Billing
3968,968,4,4,Technical
3969,969,4,6,Technical
3970,970,4,4,Technical
3971,971,4,3,Technical
3972,972,4,2,Billing
3973,973,4,8,Technical
3974,974,4,5,Service
3975,975,4,2,Technical
3976,976,4,2,Technical
3977,977,4,6,Billing
3978,978,4,4,Billing
3979,979,4,1,Service
3980,980,4,8,Service
3981,981,4,2,Service
3982,982,4,7,Billing
3983,983,4,3,Billing
3984,984,4,4,Technical
3985,985,4,4,Technical
3986,986,4,3,Technical
3987,987,4,5,Technical
3988,988,4,7,Billing
3989,989,4,8,Billing
3990,990,4,5,Service
3991,991,4,3,Service
3992,992,4,6,Service
3993,993,4,5,Billing
3994,994,4,3,Technical
3995,995,4,6,Technical
3996,996,4,5,Technical
3997,997,4,9,Billing
3998,998,4,6,Service
3999,999,4,5,Technical
4000,1000,4,14,Service
4001,1,5,3,Billing
4002,2,5,3,Technical
4003,3,5,4,Service
4004,4,5,3,Billing
4005,5,5,5,Service
4006,6,5,2,Billing
4007,7,5,4,Technical
4008,8,5,2,Billing
4009,9,5,4,Service
4010,10,5,3,Technical
4011,11,5,4,Service
4012,12,5,6,Service
4013,13,5,1,Service
4014,14,5,4,Service
4015,15,5,0,Billing
4016,16,5,4,Technical
4017,17,5,4,Billing
4018,18,5,6,Billing
4019,19,5,7,Service
4020,20,5,4,Technical
4021,21,5,0,Service
4022,22,5,5,Technical
4023,23,5,2,Technical
4024,24,5,4,Service
4025,25,5,4,Billing
4026,26,5,6,Technical
4027,27,5,3,Technical
4028,28,5,4,Billing
4029,29,5,8,Service
4030,30,5,1,Billing
4031,31,5,7,Service
4032,32,5,2,Billing
4033,33,5,2,Billing
4034,34,5,7,Technical
4035,35,5,5,Technical
4036,36,5,3,Billing
4037,37,5,4,Technical
4038,38,5,5,Technical
4039,39,5,2,Technical
4040,40,5,5,Service
4041,41,5,3,Technical
4042,42,5,3,Technical
4043,43,5,4,Technical
4044,44,5,6,Technical
4045,45,5,4,Technical
4046,46,5,5,Billing
4047,47,5,7,Technical
4048,48,5,1,Technical
4049,49,5,4,Technical
4050,50,5,9,Billing
4051,51,5,5,Service
4052,52,5,3,Technical
4053,53,5,5,Technical
4054,54,5,1,Technical
4055,55,5,2,Service
4056,56,5,6,Technical
4057,57,5,5,Technical
4058,58,5,4,Technical
4059,59,5,4,Service
4060,60,5,5,Technical
4061,61,5,1,Technical
4062,62,5,5,Technical
4063,63,5,7,Billing
4064,64,5,4,Technical
4065,65,5,4,Billing
4066,66,5,0,Billing
4067,67,5,4,Service
4068,68,5,1,Technical
4069,69,5,4,Technical
4070,70,5,2,Billing
4071,71,5,6,Billing
4072,72,5,5,Service
4073,73,5,3,Technical
4074,74,5,5,Service
4075,75,5,2,Technical
4076,76,5,2,Technical
4077,77,5,4,Billing
4078,78,5,2,Billing
4079,79,5,6,Technical
4080,80,5,2,Billing
4081,81,5,4,Technical
4082,82,5,0,Service
4083,83,5,2,Technical
4084,84,5,1,Billing
4085,85,5,2,Service
4086,86,5,3,Technical
4087,87,5,5,Service
4088,88,5,3,Billing
4089,89,5,4,Technical
4090,90,5,3,Billing
4091,91,5,4,Billing
4092,92,5,2,Billing
4093,93,5,1,Service
4094,94,5,1,Billing
4095,95,5,5,Service
4096,96,5,9,Technical
4097,97,5,1,Billing
4098,98,5,1,Technical
4099,99,5,4,Service
4100,100,5,2,Technical
4101,101,5,4,Service
4102,102,5,4,Technical
4103,103,5,3,Technical
4104,104,5,5,Technical
4105,105,5,2,Technical
4106,106,5,9,Service
4107,107,5,4,Service
4108,108,5,11,Technical
4109,109,5,9,Technical
4110,110,5,9,Billing
4111,111,5,1,Billing
4112,112,5,2,Billing
4113,113,5,4,Service
4114,114,5,4,Billing
4115,115,5,2,Billing
4116,116,5,2,Service
4117,117,5,3,Technical
4118,118,5,5,Billing
4119,119,5,3,Technical
4120,120,5,8,Service
4121,121,5,4,Billing
4122,122,5,3,Service
4123,123,5,2,Billing
4124,124,5,11,Service
4125,125,5,5,Service
4126,126,5,4,Billing
4127,127,5,11,Billing
4128,128,5,8,Service
4129,129,5,3,Technical
4130,130,5,1,Service
4131,131,5,1,Service
4132,132,5,11,Service
4133,133,5,4,Technical
4134,134,5,2,Service
4135,135,5,4,Technical
4136,136,5,0,Billing
4137,137,5,4,Service
4138,138,5,1,Service
4139,139,5,6,Service
4140,140,5,4,Service
4141,141,5,4,Technical
4142,142,5,6,Service
4143,143,5,9,Technical
4144,144,5,2,Billing
4145,145,5,3,Service
4146,146,5,6,Service
4147,147,5,6,Technical
4148,148,5,1,Technical
4149,149,5,5,Technical
4150,150,5,4,Billing
4151,151,5,4,Billing
4152,152,5,2,Billing
4153,153,5,3,Service
4154,154,5,3,Billing
4155,155,5,1,Billing
4156,156,5,5,Technical
4157,157,5,4,Billing
4158,158,5,5,Technical
4159,159,5,2,Service
4160,160,5,4,Billing
4161,161,5,6,Billing
4162,162,5,2,Billing
4163,163,5,4,Technical
4164,164,5,1,Billing
4165,165,5,9,Service
4166,166,5,3,Billing
4167,167,5,2,Technical
4168,168,5,5,Billing
4169,169,5,2,Technical
4170,170,5,5,Service
4171,171,5,3,Technical
4172,172,5,1,Technical
4173,173,5,3,Service
4174,174,5,2,Technical
4175,175,5,4,Billing
4176,176,5,6,Technical
4177,177,5,3,Service
4178,178,5,3,Billing
4179,179,5,1,Service
4180,180,5,4,Technical
4181,181,5,4,Technical
4182,182,5,8,Technical
4183,183,5,4,Service
4184,184,5,4,Billing
4185,185,5,8,Billing
4186,186,5,6,Technical
4187,187,5,5,Billing
4188,188,5,1,Technical
4189,189,5,4,Billing
4190,190,5,5,Technical
4191,191,5,7,Service
4192,192,5,4,Technical
4193,193,5,1,Technical
4194,194,5,1,Billing
4195,195,5,7,Technical
4196,196,5,5,Service
4197,197,5,4,Technical
4198,198,5,2,Service
4199,199,5,5,Billing
4200,200,5,6,Service
4201,201,5,5,Service
4202,202,5,3,Technical
4203,203,5,2,Technical
4204,204,5,2,Service
4205,205,5,5,Service
4206,206,5,2,Technical
4207,207,5,2,Technical
4208,208,5,2,Billing
4209,209,5,3,Service
4210,210,5,4,Service
4211,211,5,2,Billing
4212,212,5,6,Technical
4213,213,5,0,Technical
4214,214,5,5,Technical
4215,215,5,5,Technical
4216,216,5,3,Technical
4217,217,5,3,Billing
4218,218,5,4,Technical
4219,219,5,2,Service
4220,220,5,2,Technical
4221,221,5,4,Service
4222,222,5,5,Billing
4223,223,5,5,Service
4224,224,5,1,Service
4225,225,5,2,Technical
4226,226,5,4,Technical
4227,227,5,3,Technical
4228,228,5,6,Technical
4229,229,5,3,Billing
4230,230,5,2,Technical
4231,231,5,2,Billing
4232,232,5,3,Technical
4233,233,5,4,Service
4234,234,5,4,Service
4235,235,5,3,Technical
4236,236,5,5,Service
4237,237,5,4,Service
4238,238,5,4,Billing
4239,239,5,3,Service
4240,240,5,2,Billing
4241,241,5,5,Service
4242,242,5,7,Billing
4243,243,5,3,Service
4244,244,5,3,Billing
4245,245,5,3,Service
4246,246,5,0,Billing
4247,247,5,4,Billing
4248,248,5,2,Technical
4249,249,5,7,Technical
4250,250,5,4,Billing
4251,251,5,2,Technical
4252,252,5,4,Service
4253,253,5,3,Billing
4254,254,5,0,Service
4255,255,5,2,Billing
4256,256,5,3,Technical
4257,257,5,3,Technical
4258,258,5,8,Billing
4259,259,5,4,Billing
4260,260,5,5,Billing
4261,261,5,3,Technical
4262,262,5,2,Technical
4263,263,5,1,Technical
4264,264,5,4,Technical
4265,265,5,6,Technical
4266,266,5,1,Billing
4267,267,5,4,Technical
4268,268,5,1,Service
4269,269,5,4,Technical
4270,270,5,4,Billing
4271,271,5,2,Technical
4272,272,5,7,Technical
4273,273,5,1,Service
4274,274,5,12,Technical
4275,275,5,5,Service
4276,276,5,5,Billing
4277,277,5,7,Service
4278,278,5,6,Billing
4279,279,5,2,Technical
4280,280,5,5,Service
4281,281,5,4,Service
4282,282,5,3,Billing
4283,283,5,1,Technical
4284,284,5,4,Billing
4285,285,5,2,Service
4286,286,5,4,Technical
4287,287,5,3,Service
4288,288,5,5,Billing
4289,289,5,5,Technical
4290,290,5,6,Billing
4291,291,5,5,Service
4292,292,5,6,Technical
4293,293,5,6,Billing
4294,294,5,6,Service
4295,295,5,5,Billing
4296,296,5,1,Service
4297,297,5,0,Technical
4298,298,5,7,Technical
4299,299,5,5,Billing
4300,300,5,3,Billing
4301,301,5,4,Service
4302,302,5,3,Technical
4303,303,5,1,Billing
4304,304,5,7,Billing
4305,305,5,2,Billing
4306,306,5,7,Service
4307,307,5,3,Billing
4308,308,5,3,Technical
4309,309,5,3,Technical
4310,310,5,4,Billing
4311,311,5,7,Technical
4312,312,5,2,Technical
4313,313,5,6,Billing
4314,314,5,3,Billing
4315,315,5,4,Technical
4316,316,5,6,Billing
4317,317,5,2,Billing
4318,318,5,3,Technical
4319,319,5,3,Billing
4320,320,5,3,Billing
4321,321,5,3,Billing
4322,322,5,2,Technical
4323,323,5,2,Billing
4324,324,5,0,Billing
4325,325,5,3,Technical
4326,326,5,3,Billing
4327,327,5,2,Technical
4328,328,5,5,Technical
4329,329,5,4,Technical
4330,330,5,1,Billing
4331,331,5,4,Billing
4332,332,5,5,Technical
4333,333,5,7,Billing
4334,334,5,3,Service
4335,335,5,7,Billing
4336,336,5,2,Billing
4337,337,5,3,Billing
4338,338,5,8,Service
4339,339,5,6,Technical
4340,340,5,2,Service
4341,341,5,5,Technical
4342,342,5,0,Service
4343,343,5,3,Service
4344,344,5,1,Billing
4345,345,5,6,Billing
4346,346,5,4,Technical
4347,347,5,4,Technical
4348,348,5,4,Billing
4349,349,5,7,Service
4350,350,5,4,Service
4351,351,5,4,Billing
4352,352,5,6,Technical
4353,353,5,6,Technical
4354,354,5,4,Service
4355,355,5,2,Technical
4356,356,5,9,Billing
4357,357,5,5,Technical
4358,358,5,1,Technical
4359,359,5,5,Billing
4360,360,5,5,Billing
4361,361,5,0,Technical
4362,362,5,5,Technical
4363,363,5,3,Service
4364,364,5,3,Billing
4365,365,5,3,Service
4366,366,5,3,Billing
4367,367,5,0,Technical
4368,368,5,3,Technical
4369,369,5,6,Billing
4370,370,5,4,Technical
4371,371,5,3,Technical
4372,372,5,2,Billing
4373,373,5,4,Billing
4374,374,5,7,Technical
4375,375,5,5,Billing
4376,376,5,2,Billing
4377,377,5,4,Technical
4378,378,5,5,Billing
4379,379,5,4,Technical
4380,380,5,2,Billing
4381,381,5,0,Technical
4382,382,5,6,Service
4383,383,5,4,Billing
4384,384,5,2,Service
4385,385,5,4,Technical
4386,386,5,2,Service
4387,387,5,4,Service
4388,388,5,3,Billing
4389,389,5,9,Billing
4390,390,5,5,Service
4391,391,5,6,Billing
4392,392,5,11,Technical
4393,393,5,3,Technical
4394,394,5,5,Technical
4395,395,5,3,Billing
4396,396,5,5,Service
4397,397,5,1,Service
4398,398,5,5,Billing
4399,399,5,6,Technical
4400,400,5,6,Billing
4401,401,5,8,Billing
4402,402,5,3,Service
4403,403,5,3,Billing
4404,404,5,3,Billing
4405,405,5,3,Service
4406,406,5,5,Billing
4407,407,5,2,Service
4408,408,5,3,Service
4409,409,5,3,Technical
4410,410,5,3,Billing
4411,411,5,4,Technical
4412,412,5,4,Billing
4413,413,5,2,Billing
4414,414,5,4,Service
4415,415,5,5,Service
4416,416,5,5,Billing
4417,417,5,7,Billing
4418,418,5,4,Technical
4419,419,5,2,Billing
4420,420,5,9,Technical
4421,421,5,1,Billing
4422,422,5,4,Service
4423,423,5,0,Service
4424,424,5,3,Technical
4425,425,5,5,Billing
4426,426,5,3,Technical
4427,427,5,1,Billing
4428,428,5,4,Technical
4429,429,5,6,Billing
4430,430,5,2,Technical
4431,431,5,4,Technical
4432,432,5,5,Technical
4433,433,5,6,Billing
4434,434,5,6,Service
4435,435,5,6,Technical
4436,436,5,4,Billing
4437,437,5,4,Billing
4438,438,5,3,Billing
4439,439,5,4,Billing
4440,440,5,5,Technical
4441,441,5,6,Service
4442,442,5,6,Service
4443,443,5,5,Billing
4444,444,5,3,Technical
4445,445,5,4,Billing
4446,446,5,3,Billing
4447,447,5,5,Billing
4448,448,5,2,Technical
4449,449,5,2,Technical
4450,450,5,5,Service
4451,451,5,6,Technical
4452,452,5,3,Billing
4453,453,5,5,Billing
4454,454,5,5,Technical
4455,455,5,4,Billing
4456,456,5,9,Billing
4457,457,5,4,Billing
4458,458,5,3,Billing
4459,459,5,5,Billing
4460,460,5,1,Technical
4461,461,5,1,Technical
4462,462,5,1,Billing
4463,463,5,3,Technical
4464,464,5,2,Billing
4465,465,5,5,Service
4466,466,5,4,Technical
4467,467,5,3,Technical
4468,468,5,0,Technical
4469,469,5,6,Technical
4470,470,5,1,Billing
4471,471,5,6,Technical
4472,472,5,3,Service
4473,473,5,3,Service
4474,474,5,6,Technical
4475,475,5,6,Technical
4476,476,5,8,Technical
4477,477,5,5,Technical
4478,478,5,3,Billing
4479,479,5,1,Technical
4480,480,5,4,Technical
4481,481,5,0,Technical
4482,482,5,3,Technical
4483,483,5,8,Billing
4484,484,5,2,Technical
4485,485,5,0,Service
4486,486,5,5,Service
4487,487,5,5,Technical
4488,488,5,3,Billing
4489,489,5,4,Billing
4490,490,5,8,Billing
4491,491,5,6,Technical
4492,492,5,4,Billing
4493,493,5,4,Technical
4494,494,5,3,Technical
4495,495,5,2,Technical
4496,496,5,4,Billing
4497,497,5,7,Billing
4498,498,5,1,Technical
4499,499,5,4,Technical
4500,500,5,6,Service
4501,501,5,7,Service
4502,502,5,5,Technical
4503,503,5,1,Technical
4504,504,5,4,Billing
4505,505,5,2,Service
4506,506,5,3,Technical
4507,507,5,5,Billing
4508,508,5,6,Technical
4509,509,5,3,Billing
4510,510,5,3,Technical
4511,511,5,5,Service
4512,512,5,7,Billing
4513,513,5,3,Service
4514,514,5,3,Billing
4515,515,5,8,Service
4516,516,5,1,Technical
4517,517,5,3,Technical
4518,518,5,3,Service
4519,519,5,5,Technical
4520,520,5,5,Technical
4521,521,5,3,Technical
4522,522,5,5,Service
4523,523,5,1,Service
4524,524,5,4,Billing
4525,525,5,4,Service
4526,526,5,6,Billing
4527,527,5,0,Technical
4528,528,5,3,Service
4529,529,5,3,Service
4530,530,5,7,Service
4531,531,5,3,Billing
4532,532,5,2,Technical
4533,533,5,3,Technical
4534,534,5,3,Service
4535,535,5,3,Billing
4536,536,5,3,Service
4537,537,5,3,Technical
4538,538,5,4,Billing
4539,539,5,7,Technical
4540,540,5,5,Technical
4541,541,5,1,Technical
4542,542,5,6,Technical
4543,543,5,3,Billing
4544,544,5,5,Technical
4545,545,5,0,Technical
4546,546,5,1,Service
4547,547,5,4,Billing
4548,548,5,2,Billing
4549,549,5,6,Technical
4550,550,5,5,Billing
4551,551,5,1,Technical
4552,552,5,5,Billing
4553,553,5,4,Technical
4554,554,5,3,Technical
4555,555,5,4,Service
4556,556,5,8,Technical
4557,557,5,2,Service
4558,558,5,7,Technical
4559,559,5,4,Service
4560,560,5,3,Technical
4561,561,5,8,Billing
4562,562,5,10,Technical
4563,563,5,2,Technical
4564,564,5,3,Billing
4565,565,5,4,Technical
4566,566,5,3,Service
4567,567,5,3,Billing
4568,568,5,11,Technical
4569,569,5,3,Technical
4570,570,5,4,Service
4571,571,5,6,Service
4572,572,5,6,Service
4573,573,5,1,Service
4574,574,5,3,Billing
4575,575,5,3,Billing
4576,576,5,7,Service
4577,577,5,2,Technical
4578,578,5,1,Technical
4579,579,5,2,Technical
4580,580,5,7,Billing
4581,581,5,8,Billing
4582,582,5,2,Billing
4583,583,5,6,Billing
4584,584,5,6,Technical
4585,585,5,9,Technical
4586,586,5,3,Technical
4587,587,5,5,Billing
4588,588,5,8,Technical
4589,589,5,4,Service
4590,590,5,7,Billing
4591,591,5,4,Technical
4592,592,5,6,Billing
4593,593,5,2,Service
4594,594,5,5,Billing
4595,595,5,7,Service
4596,596,5,4,Billing
4597,597,5,3,Service
4598,598,5,3,Billing
4599,599,5,2,Technical
4600,600,5,1,Technical
4601,601,5,6,Service
4602,602,5,5,Technical
4603,603,5,4,Service
4604,604,5,6,Billing
4605,605,5,3,Technical
4606,606,5,3,Technical
4607,607,5,5,Technical
4608,608,5,7,Technical
4609,609,5,3,Service
4610,610,5,5,Billing
4611,611,5,3,Billing
4612,612,5,3,Billing
4613,613,5,8,Billing
4614,614,5,4,Technical
4615,615,5,2,Service
4616,616,5,5,Billing
4617,617,5,2,Billing
4618,618,5,5,Technical
4619,619,5,3,Billing
4620,620,5,4,Billing
4621,621,5,6,Billing
4622,622,5,5,Technical
4623,623,5,4,Service
4624,624,5,6,Billing
4625,625,5,4,Technical
4626,626,5,6,Billing
4627,627,5,2,Billing
4628,628,5,6,Billing
4629,629,5,5,Technical
4630,630,5,9,Billing
4631,631,5,10,Billing
4632,632,5,6,Service
4633,633,5,4,Technical
4634,634,5,4,Technical
4635,635,5,2,Service
4636,636,5,6,Service
4637,637,5,2,Technical
4638,638,5,7,Billing
4639,639,5,3,Billing
4640,640,5,2,Technical
4641,641,5,1,Billing
4642,642,5,6,Technical
4643,643,5,0,Technical
4644,644,5,5,Technical
4645,645,5,4,Service
4646,646,5,5,Technical
4647,647,5,4,Technical
4648,648,5,3,Billing
4649,649,5,4,Billing
4650,650,5,7,Technical
4651,651,5,3,Billing
4652,652,5,0,Service
4653,653,5,9,Billing
4654,654,5,3,Service
4655,655,5,4,Billing
4656,656,5,3,Billing
4657,657,5,2,Technical
4658,658,5,5,Billing
4659,659,5,6,Technical
4660,660,5,4,Billing
4661,661,5,4,Service
4662,662,5,4,Billing
4663,663,5,4,Billing
4664,664,5,7,Technical
4665,665,5,5,Technical
4666,666,5,5,Technical
4667,667,5,6,Technical
4668,668,5,4,Service
4669,669,5,4,Technical
4670,670,5,5,Technical
4671,671,5,2,Service
4672,672,5,2,Technical
4673,673,5,2,Technical
4674,674,5,4,Billing
4675,675,5,5,Billing
4676,676,5,2,Billing
4677,677,5,5,Technical
4678,678,5,1,Billing
4679,679,5,6,Technical
4680,680,5,4,Billing
4681,681,5,3,Billing
4682,682,5,5,Service
4683,683,5,4,Billing
4684,684,5,3,Service
4685,685,5,3,Technical
4686,686,5,6,Billing
4687,687,5,4,Billing
4688,688,5,5,Technical
4689,689,5,2,Technical
4690,690,5,7,Billing
4691,691,5,5,Service
4692,692,5,2,Billing
4693,693,5,3,Service
4694,694,5,5,Technical
4695,695,5,5,Technical
4696,696,5,2,Billing
4697,697,5,2,Technical
4698,698,5,3,Technical
4699,699,5,3,Service
4700,700,5,3,Technical
4701,701,5,4,Service
4702,702,5,3,Service
4703,703,5,5,Technical
4704,704,5,5,Billing
4705,705,5,3,Technical
4706,706,5,0,Service
4707,707,5,2,Service
4708,708,5,5,Billing
4709,709,5,3,Billing
4710,710,5,5,Service
4711,711,5,6,Billing
4712,712,5,6,Technical
4713,713,5,5,Technical
4714,714,5,2,Technical
4715,715,5,2,Billing
4716,716,5,7,Technical
4717,717,5,5,Technical
4718,718,5,3,Service
4719,719,5,2,Technical
4720,720,5,2,Service
4721,721,5,4,Billing
4722,722,5,6,Technical
4723,723,5,2,Billing
4724,724,5,5,Service
4725,725,5,4,Billing
4726,726,5,2,Billing
4727,727,5,6,Service
4728,728,5,3,Service
4729,729,5,4,Technical
4730,730,5,4,Billing
4731,731,5,5,Technical
4732,732,5,4,Service
4733,733,5,5,Technical
4734,734,5,3,Billing
4735,735,5,3,Technical
4736,736,5,3,Service
4737,737,5,4,Billing
4738,738,5,5,Technical
4739,739,5,1,Service
4740,740,5,2,Technical
4741,741,5,5,Technical
4742,742,5,2,Billing
4743,743,5,5,Technical
4744,744,5,1,Technical
4745,745,5,3,Technical
4746,746,5,5,Billing
4747,747,5,2,Technical
4748,748,5,3,Technical
4749,749,5,5,Service
4750,750,5,2,Service
4751,751,5,4,Billing
4752,752,5,3,Technical
4753,753,5,5,Technical
4754,754,5,3,Technical
4755,755,5,7,Technical
4756,756,5,8,Billing
4757,757,5,5,Technical
4758,758,5,6,Service
4759,759,5,3,Technical
4760,760,5,4,Billing
4761,761,5,6,Billing
4762,762,5,8,Technical
4763,763,5,3,Billing
4764,764,5,1,Service
4765,765,5,2,Billing
4766,766,5,5,Technical
4767,767,5,1,Service
4768,768,5,5,Billing
4769,769,5,3,Technical
4770,770,5,5,Service
4771,771,5,3,Technical
4772,772,5,6,Billing
4773,773,5,7,Technical
4774,774,5,3,Billing
4775,775,5,6,Billing
4776,776,5,3,Technical
4777,777,5,3,Billing
4778,778,5,5,Technical
4779,779,5,2,Service
4780,780,5,1,Billing
4781,781,5,5,Technical
4782,782,5,6,Billing
4783,783,5,6,Billing
4784,784,5,2,Technical
4785,785,5,5,Technical
4786,786,5,7,Technical
4787,787,5,8,Billing
4788,788,5,5,Billing
4789,789,5,0,Service
4790,790,5,1,Billing
4791,791,5,2,Technical
4792,792,5,1,Billing
4793,793,5,4,Service
4794,794,5,7,Service
4795,795,5,6,Service
4796,796,5,5,Billing
4797,797,5,3,Technical
4798,798,5,5,Billing
4799,799,5,4,Technical
4800,800,5,2,Technical
4801,801,5,2,Billing
4802,802,5,6,Technical
4803,803,5,6,Service
4804,804,5,2,Billing
4805,805,5,5,Billing
4806,806,5,4,Billing
4807,807,5,2,Service
4808,808,5,6,Service
4809,809,5,2,Service
4810,810,5,3,Technical
4811,811,5,4,Billing
4812,812,5,3,Technical
4813,813,5,2,Billing
4814,814,5,5,Technical
4815,815,5,1,Technical
4816,816,5,7,Service
4817,817,5,1,Technical
4818,818,5,4,Technical
4819,819,5,6,Service
4820,820,5,6,Technical
4821,821,5,4,Service
4822,822,5,3,Billing
4823,823,5,3,Billing
4824,824,5,8,Billing
4825,825,5,5,Technical
4826,826,5,5,Billing
4827,827,5,5,Service
4828,828,5,5,Billing
4829,829,5,7,Technical
4830,830,5,6,Billing
4831,831,5,1,Technical
4832,832,5,2,Technical
4833,833,5,4,Technical
4834,834,5,4,Billing
4835,835,5,3,Billing
4836,836,5,1,Billing
4837,837,5,2,Technical
4838,838,5,2,Service
4839,839,5,4,Technical
4840,840,5,3,Billing
4841,841,5,4,Billing
4842,842,5,6,Technical
4843,843,5,4,Billing
4844,844,5,2,Technical
4845,845,5,5,Billing
4846,846,5,3,Service
4847,847,5,4,Technical
4848,848,5,2,Billing
4849,849,5,7,Technical
4850,850,5,5,Service
4851,851,5,8,Service
4852,852,5,6,Service
4853,853,5,6,Technical
4854,854,5,3,Technical
4855,855,5,0,Billing
4856,856,5,9,Technical
4857,857,5,3,Technical
4858,858,5,6,Technical
4859,859,5,1,Billing
4860,860,5,6,Technical
4861,861,5,4,Billing
4862,862,5,2,Billing
4863,863,5,7,Billing
4864,864,5,5,Technical
4865,865,5,2,Technical
4866,866,5,4,Billing
4867,867,5,1,Technical
4868,868,5,1,Service
4869,869,5,1,Technical
4870,870,5,4,Technical
4871,871,5,4,Technical
4872,872,5,4,Technical
4873,873,5,4,Technical
4874,874,5,4,Service
4875,875,5,6,Technical
4876,876,5,4,Service
4877,877,5,7,Billing
4878,878,5,2,Service
4879,879,5,3,Billing
4880,880,5,5,Billing
4881,881,5,7,Technical
4882,882,5,2,Service
4883,883,5,8,Service
4884,884,5,4,Service
4885,885,5,5,Billing
4886,886,5,3,Service
4887,887,5,5,Service
4888,888,5,2,Billing
4889,889,5,1,Billing
4890,890,5,4,Billing
4891,891,5,1,Service
4892,892,5,3,Technical
4893,893,5,6,Billing
4894,894,5,2,Billing
4895,895,5,4,Technical
4896,896,5,5,Billing
4897,897,5,3,Service
4898,898,5,5,Technical
4899,899,5,3,Billing
4900,900,5,0,Technical
4901,901,5,4,Billing
4902,902,5,2,Technical
4903,903,5,3,Billing
4904,904,5,2,Billing
4905,905,5,4,Technical
4906,906,5,4,Technical
4907,907,5,7,Technical
4908,908,5,0,Technical
4909,909,5,7,Technical
4910,910,5,2,Technical
4911,911,5,2,Technical
4912,912,5,5,Billing
4913,913,5,6,Technical
4914,914,5,4,Technical
4915,915,5,5,Technical
4916,916,5,3,Billing
4917,917,5,7,Billing
4918,918,5,4,Billing
4919,919,5,7,Service
4920,920,5,8,Service
4921,921,5,2,Billing
4922,922,5,3,Billing
4923,923,5,7,Billing
4924,924,5,7,Technical
4925,925,5,5,Technical
4926,926,5,2,Service
4927,927,5,4,Service
4928,928,5,0,Service
4929,929,5,4,Billing
4930,930,5,4,Technical
4931,931,5,4,Technical
4932,932,5,3,Service
4933,933,5,2,Service
4934,934,5,8,Service
4935,935,5,10,Technical
4936,936,5,0,Service
4937,937,5,4,Billing
4938,938,5,3,Technical
4939,939,5,2,Technical
4940,940,5,5,Technical
4941,941,5,2,Service
4942,942,5,3,Billing
4943,943,5,2,Technical
4944,944,5,1,Service
4945,945,5,7,Billing
4946,946,5,7,Technical
4947,947,5,4,Technical
4948,948,5,8,Billing
4949,949,5,2,Technical
4950,950,5,5,Service
4951,951,5,6,Billing
4952,952,5,2,Billing
4953,953,5,0,Technical
4954,954,5,1,Service
4955,955,5,6,Service
4956,956,5,4,Service
4957,957,5,2,Service
4958,958,5,1,Billing
4959,959,5,4,Billing
4960,960,5,6,Service
4961,961,5,7,Billing
4962,962,5,4,Technical
4963,963,5,7,Technical
4964,964,5,2,Billing
4965,965,5,2,Technical
4966,966,5,5,Service
4967,967,5,6,Technical
4968,968,5,6,Billing
4969,969,5,4,Billing
4970,970,5,3,Billing
4971,971,5,2,Billing
4972,972,5,3,Billing
4973,973,5,8,Technical
4974,974,5,7,Technical
4975,975,5,1,Service
4976,976,5,6,Technical
4977,977,5,5,Billing
4978,978,5,5,Service
4979,979,5,3,Service
4980,980,5,4,Billing
4981,981,5,5,Billing
4982,982,5,3,Service
4983,983,5,3,Billing
4984,984,5,6,Service
4985,985,5,5,Billing
4986,986,5,2,Service
4987,987,5,6,Technical
4988,988,5,6,Billing
4989,989,5,2,Billing
4990,990,5,4,Billing
4991,991,5,7,Billing
4992,992,5,3,Billing
4993,993,5,4,Technical
4994,994,5,6,Service
4995,995,5,3,Billing
4996,996,5,3,Billing
4997,997,5,7,Billing
4998,998,5,6,Technical
4999,999,5,4,Billing
5000,1000,5,3,Technical
5001,1,6,3,Billing
5002,2,6,3,Billing
5003,3,6,5,Billing
5004,4,6,4,Technical
5005,5,6,1,Technical
5006,6,6,3,Technical
5007,7,6,5,Billing
5008,8,6,4,Billing
5009,9,6,3,Billing
5010,10,6,5,Billing
5011,11,6,6,Service
5012,12,6,1,Technical
5013,13,6,5,Billing
5014,14,6,2,Service
5015,15,6,1,Technical
5016,16,6,2,Technical
5017,17,6,1,Technical
5018,18,6,9,Billing
5019,19,6,1,Service
5020,20,6,5,Service
5021,21,6,1,Technical
5022,22,6,2,Technical
5023,23,6,4,Technical
5024,24,6,3,Technical
5025,25,6,3,Billing
5026,26,6,2,Technical
5027,27,6,3,Technical
5028,28,6,4,Service
5029,29,6,1,Service
5030,30,6,1,Technical
5031,31,6,5,Technical
5032,32,6,4,Technical
5033,33,6,4,Service
5034,34,6,5,Technical
5035,35,6,6,Billing
5036,36,6,3,Billing
5037,37,6,3,Service
5038,38,6,5,Technical
5039,39,6,5,Technical
5040,40,6,2,Billing
5041,41,6,5,Billing
5042,42,6,5,Technical
5043,43,6,2,Technical
5044,44,6,5,Service
5045,45,6,5,Billing
5046,46,6,5,Technical
5047,47,6,4,Service
5048,48,6,2,Technical
5049,49,6,1,Service
5050,50,6,2,Billing
5051,51,6,0,Service
5052,52,6,4,Service
5053,53,6,3,Billing
5054,54,6,2,Technical
5055,55,6,3,Billing
5056,56,6,3,Billing
5057,57,6,5,Billing
5058,58,6,3,Billing
5059,59,6,2,Billing
5060,60,6,6,Billing
5061,61,6,3,Technical
5062,62,6,7,Technical
5063,63,6,6,Billing
5064,64,6,4,Technical
5065,65,6,1,Technical
5066,66,6,3,Technical
5067,67,6,5,Technical
5068,68,6,2,Billing
5069,69,6,5,Billing
5070,70,6,3,Service
5071,71,6,6,Technical
5072,72,6,8,Technical
5073,73,6,4,Technical
5074,74,6,4,Billing
5075,75,6,2,Billing
5076,76,6,4,Technical
5077,77,6,2,Technical
5078,78,6,5,Service
5079,79,6,3,Billing
5080,80,6,3,Technical
5081,81,6,3,Technical
5082,82,6,2,Technical
5083,83,6,4,Service
5084,84,6,4,Technical
5085,85,6,1,Billing
5086,86,6,9,Technical
5087,87,6,5,Technical
5088,88,6,4,Service
5089,89,6,5,Billing
5090,90,6,5,Service
5091,91,6,3,Billing
5092,92,6,2,Billing
5093,93,6,4,Billing
5094,94,6,6,Service
5095,95,6,7,Technical
5096,96,6,5,Technical
5097,97,6,3,Technical
5098,98,6,6,Billing
5099,99,6,3,Service
5100,100,6,2,Service
5101,101,6,3,Billing
5102,102,6,6,Technical
5103,103,6,4,Billing
5104,104,6,3,Billing
5105,105,6,1,Billing
5106,106,6,4,Billing
5107,107,6,6,Service
5108,108,6,3,Technical
5109,109,6,7,Billing
5110,110,6,5,Service
5111,111,6,4,Technical
5112,112,6,2,Billing
5113,113,6,4,Technical
5114,114,6,5,Technical
5115,115,6,3,Technical
5116,116,6,2,Technical
5117,117,6,1,Technical
5118,118,6,2,Technical
5119,119,6,2,Technical
5120,120,6,7,Billing
5121,121,6,6,Service
5122,122,6,3,Technical
5123,123,6,1,Service
5124,124,6,4,Technical
5125,125,6,2,Billing
5126,126,6,3,Billing
5127,127,6,3,Technical
5128,128,6,2,Billing
5129,129,6,9,Billing
5130,130,6,6,Technical
5131,131,6,2,Technical
5132,132,6,5,Technical
5133,133,6,4,Billing
5134,134,6,6,Billing
5135,135,6,1,Billing
5136,136,6,5,Technical
5137,137,6,9,Billing
5138,138,6,5,Technical
5139,139,6,2,Technical
5140,140,6,3,Billing
5141,141,6,7,Technical
5142,142,6,9,Billing
5143,143,6,5,Service
5144,144,6,4,Billing
5145,145,6,4,Technical
5146,146,6,3,Technical
5147,147,6,4,Service
5148,148,6,7,Service
5149,149,6,3,Billing
5150,150,6,6,Billing
5151,151,6,5,Service
5152,152,6,6,Service
5153,153,6,3,Service
5154,154,6,2,Technical
5155,155,6,3,Technical
5156,156,6,4,Service
5157,157,6,8,Service
5158,158,6,7,Billing
5159,159,6,6,Technical
5160,160,6,5,Service
5161,161,6,3,Billing
5162,162,6,1,Service
5163,163,6,2,Service
5164,164,6,3,Technical
5165,165,6,6,Billing
5166,166,6,3,Billing
5167,167,6,4,Technical
5168,168,6,3,Technical
5169,169,6,3,Service
5170,170,6,1,Service
5171,171,6,3,Service
5172,172,6,4,Service
5173,173,6,6,Service
5174,174,6,5,Billing
5175,175,6,9,Technical
5176,176,6,1,Service
5177,177,6,3,Technical
5178,178,6,2,Billing
5179,179,6,1,Billing
5180,180,6,4,Technical
5181,181,6,10,Billing
5182,182,6,7,Billing
5183,183,6,4,Technical
5184,184,6,3,Technical
5185,185,6,2,Technical
5186,186,6,6,Service
5187,187,6,1,Billing
5188,188,6,6,Service
5189,189,6,4,Service
5190,190,6,1,Billing
5191,191,6,4,Technical
5192,192,6,4,Technical
5193,193,6,4,Billing
5194,194,6,4,Service
5195,195,6,5,Billing
5196,196,6,3,Billing
5197,197,6,2,Technical
5198,198,6,2,Service
5199,199,6,5,Billing
5200,200,6,7,Billing
5201,201,6,2,Technical
5202,202,6,5,Technical
5203,203,6,5,Service
5204,204,6,2,Billing
5205,205,6,2,Technical
5206,206,6,3,Technical
5207,207,6,4,Service
5208,208,6,1,Service
5209,209,6,8,Billing
5210,210,6,5,Technical
5211,211,6,4,Service
5212,212,6,2,Service
5213,213,6,5,Service
5214,214,6,2,Billing
5215,215,6,3,Technical
5216,216,6,1,Billing
5217,217,6,1,Billing
5218,218,6,5,Technical
5219,219,6,5,Service
5220,220,6,6,Technical
5221,221,6,6,Service
5222,222,6,2,Technical
5223,223,6,4,Service
5224,224,6,2,Billing
5225,225,6,6,Technical
5226,226,6,3,Billing
5227,227,6,5,Technical
5228,228,6,3,Service
5229,229,6,1,Billing
5230,230,6,5,Service
5231,231,6,5,Service
5232,232,6,8,Billing
5233,233,6,6,Technical
5234,234,6,8,Technical
5235,235,6,0,Billing
5236,236,6,1,Service
5237,237,6,8,Technical
5238,238,6,5,Technical
5239,239,6,2,Service
5240,240,6,2,Billing
5241,241,6,5,Technical
5242,242,6,1,Billing
5243,243,6,4,Service
5244,244,6,2,Technical
5245,245,6,4,Service
5246,246,6,1,Technical
5247,247,6,5,Technical
5248,248,6,3,Technical
5249,249,6,10,Technical
5250,250,6,5,Billing
5251,251,6,2,Billing
5252,252,6,9,Service
5253,253,6,5,Technical
5254,254,6,2,Technical
5255,255,6,2,Technical
5256,256,6,4,Service
5257,257,6,2,Technical
5258,258,6,6,Service
5259,259,6,5,Technical
5260,260,6,2,Billing
5261,261,6,3,Billing
5262,262,6,1,Billing
5263,263,6,3,Technical
5264,264,6,5,Technical
5265,265,6,3,Technical
5266,266,6,3,Technical
5267,267,6,4,Technical
5268,268,6,5,Technical
5269,269,6,4,Billing
5270,270,6,9,Billing
5271,271,6,3,Technical
5272,272,6,3,Technical
5273,273,6,5,Technical
5274,274,6,5,Technical
5275,275,6,2,Billing
5276,276,6,3,Technical
5277,277,6,6,Technical
5278,278,6,8,Service
5279,279,6,7,Service
5280,280,6,3,Technical
5281,281,6,8,Technical
5282,282,6,9,Billing
5283,283,6,2,Billing
5284,284,6,3,Billing
5285,285,6,0,Service
5286,286,6,6,Technical
5287,287,6,6,Service
5288,288,6,5,Billing
5289,289,6,1,Billing
5290,290,6,4,Billing
5291,291,6,1,Technical
5292,292,6,2,Technical
5293,293,6,7,Service
5294,294,6,5,Technical
5295,295,6,9,Service
5296,296,6,4,Billing
5297,297,6,4,Technical
5298,298,6,3,Technical
5299,299,6,4,Technical
5300,300,6,3,Technical
5301,301,6,4,Service
5302,302,6,3,Service
5303,303,6,4,Technical
5304,304,6,6,Service
5305,305,6,5,Billing
5306,306,6,2,Technical
5307,307,6,3,Technical
5308,308,6,5,Billing
5309,309,6,3,Technical
5310,310,6,3,Billing
5311,311,6,3,Billing
5312,312,6,4,Billing
5313,313,6,3,Service
5314,314,6,3,Billing
5315,315,6,3,Technical
5316,316,6,5,Technical
5317,317,6,2,Technical
5318,318,6,7,Service
5319,319,6,4,Service
5320,320,6,5,Technical
5321,321,6,2,Technical
5322,322,6,10,Technical
5323,323,6,2,Service
5324,324,6,2,Technical
5325,325,6,3,Technical
5326,326,6,3,Billing
5327,327,6,4,Billing
5328,328,6,5,Service
5329,329,6,3,Technical
5330,330,6,5,Billing
5331,331,6,2,Technical
5332,332,6,2,Service
5333,333,6,4,Technical
5334,334,6,5,Service
5335,335,6,1,Technical
5336,336,6,5,Technical
5337,337,6,3,Billing
5338,338,6,8,Billing
5339,339,6,4,Billing
5340,340,6,3,Technical
5341,341,6,2,Technical
5342,342,6,2,Billing
5343,343,6,10,Service
5344,344,6,0,Service
5345,345,6,2,Service
5346,346,6,6,Billing
5347,347,6,4,Technical
5348,348,6,4,Service
5349,349,6,4,Billing
5350,350,6,1,Service
5351,351,6,6,Service
5352,352,6,6,Technical
5353,353,6,4,Technical
5354,354,6,1,Service
5355,355,6,3,Billing
5356,356,6,5,Billing
5357,357,6,1,Service
5358,358,6,1,Technical
5359,359,6,4,Billing
5360,360,6,2,Billing
5361,361,6,1,Technical
5362,362,6,6,Technical
5363,363,6,5,Billing
5364,364,6,7,Billing
5365,365,6,6,Technical
5366,366,6,3,Technical
5367,367,6,6,Billing
5368,368,6,3,Billing
5369,369,6,8,Technical
5370,370,6,8,Service
5371,371,6,2,Billing
5372,372,6,3,Technical
5373,373,6,5,Technical
5374,374,6,4,Service
5375,375,6,2,Technical
5376,376,6,4,Service
5377,377,6,3,Billing
5378,378,6,10,Billing
5379,379,6,3,Technical
5380,380,6,2,Billing
5381,381,6,5,Billing
5382,382,6,6,Billing
5383,383,6,3,Technical
5384,384,6,3,Technical
5385,385,6,3,Billing
5386,386,6,5,Service
5387,387,6,3,Billing
5388,388,6,7,Billing
5389,389,6,6,Technical
5390,390,6,5,Billing
5391,391,6,8,Technical
5392,392,6,5,Billing
5393,393,6,4,Billing
5394,394,6,3,Service
5395,395,6,4,Technical
5396,396,6,5,Billing
5397,397,6,5,Billing
5398,398,6,6,Service
5399,399,6,3,Service
5400,400,6,7,Service
5401,401,6,6,Service
5402,402,6,2,Billing
5403,403,6,8,Technical
5404,404,6,3,Service
5405,405,6,8,Billing
5406,406,6,1,Service
5407,407,6,4,Service
5408,408,6,5,Technical
5409,409,6,1,Service
5410,410,6,3,Technical
5411,411,6,8,Billing
5412,412,6,3,Technical
5413,413,6,4,Service
5414,414,6,4,Service
5415,415,6,2,Billing
5416,416,6,5,Technical
5417,417,6,4,Technical
5418,418,6,1,Technical
5419,419,6,6,Service
5420,420,6,7,Technical
5421,421,6,2,Technical
5422,422,6,3,Service
5423,423,6,2,Technical
5424,424,6,5,Technical
5425,425,6,1,Technical
5426,426,6,1,Technical
5427,427,6,4,Billing
5428,428,6,4,Technical
5429,429,6,5,Technical
5430,430,6,4,Billing
5431,431,6,1,Billing
5432,432,6,5,Service
5433,433,6,4,Billing
5434,434,6,4,Technical
5435,435,6,2,Technical
5436,436,6,2,Billing
5437,437,6,7,Technical
5438,438,6,2,Billing
5439,439,6,1,Billing
5440,440,6,2,Billing
5441,441,6,5,Service
5442,442,6,7,Billing
5443,443,6,4,Service
5444,444,6,4,Billing
5445,445,6,3,Service
5446,446,6,6,Technical
5447,447,6,7,Technical
5448,448,6,8,Technical
5449,449,6,6,Technical
5450,450,6,5,Service
5451,451,6,4,Service
5452,452,6,1,Technical
5453,453,6,3,Technical
5454,454,6,2,Technical
5455,455,6,3,Technical
5456,456,6,3,Billing
5457,457,6,1,Service
5458,458,6,2,Service
5459,459,6,4,Billing
5460,460,6,2,Technical
5461,461,6,5,Billing
5462,462,6,4,Technical
5463,463,6,6,Technical
5464,464,6,6,Billing
5465,465,6,3,Technical
5466,466,6,6,Billing
5467,467,6,1,Technical
5468,468,6,1,Service
5469,469,6,1,Billing
5470,470,6,2,Service
5471,471,6,3,Technical
5472,472,6,6,Billing
5473,473,6,4,Service
5474,474,6,6,Technical
5475,475,6,3,Billing
5476,476,6,3,Service
5477,477,6,1,Service
5478,478,6,3,Billing
5479,479,6,5,Billing
5480,480,6,9,Technical
5481,481,6,5,Technical
5482,482,6,2,Service
5483,483,6,5,Technical
5484,484,6,4,Technical
5485,485,6,2,Billing
5486,486,6,6,Billing
5487,487,6,5,Technical
5488,488,6,6,Technical
5489,489,6,2,Service
5490,490,6,1,Billing
5491,491,6,5,Billing
5492,492,6,2,Service
5493,493,6,3,Service
5494,494,6,0,Billing
5495,495,6,2,Billing
5496,496,6,6,Service
5497,497,6,7,Billing
5498,498,6,4,Service
5499,499,6,4,Service
5500,500,6,3,Technical
5501,501,6,3,Technical
5502,502,6,2,Service
5503,503,6,1,Technical
5504,504,6,7,Billing
5505,505,6,4,Technical
5506,506,6,3,Technical
5507,507,6,8,Technical
5508,508,6,2,Service
5509,509,6,8,Technical
5510,510,6,0,Service
5511,511,6,4,Technical
5512,512,6,6,Billing
5513,513,6,6,Service
5514,514,6,2,Billing
5515,515,6,4,Billing
5516,516,6,2,Technical
5517,517,6,6,Billing
5518,518,6,3,Technical
5519,519,6,5,Service
5520,520,6,7,Service
5521,521,6,5,Service
5522,522,6,1,Service
5523,523,6,3,Service
5524,524,6,4,Service
5525,525,6,3,Billing
5526,526,6,9,Billing
5527,527,6,5,Technical
5528,528,6,5,Service
5529,529,6,4,Technical
5530,530,6,3,Technical
5531,531,6,4,Technical
5532,532,6,2,Technical
5533,533,6,7,Technical
5534,534,6,2,Technical
5535,535,6,3,Service
5536,536,6,1,Technical
5537,537,6,4,Billing
5538,538,6,5,Billing
5539,539,6,7,Billing
5540,540,6,1,Technical
5541,541,6,1,Billing
5542,542,6,7,Technical
5543,543,6,6,Billing
5544,544,6,3,Billing
5545,545,6,0,Technical
5546,546,6,8,Billing
5547,547,6,6,Technical
5548,548,6,6,Technical
5549,549,6,4,Technical
5550,550,6,4,Technical
5551,551,6,3,Technical
5552,552,6,6,Technical
5553,553,6,4,Billing
5554,554,6,2,Technical
5555,555,6,10,Technical
5556,556,6,10,Billing
5557,557,6,4,Billing
5558,558,6,6,Billing
5559,559,6,2,Service
5560,560,6,4,Technical
5561,561,6,2,Billing
5562,562,6,4,Technical
5563,563,6,1,Service
5564,564,6,5,Technical
5565,565,6,5,Technical
5566,566,6,3,Technical
5567,567,6,7,Service
5568,568,6,5,Service
5569,569,6,1,Technical
5570,570,6,3,Billing
5571,571,6,5,Technical
5572,572,6,2,Technical
5573,573,6,2,Technical
5574,574,6,4,Service
5575,575,6,6,Billing
5576,576,6,4,Technical
5577,577,6,6,Billing
5578,578,6,3,Service
5579,579,6,4,Technical
5580,580,6,9,Technical
5581,581,6,8,Billing
5582,582,6,8,Billing
5583,583,6,7,Service
5584,584,6,6,Billing
5585,585,6,3,Billing
5586,586,6,5,Billing
5587,587,6,4,Service
5588,588,6,3,Billing
5589,589,6,5,Technical
5590,590,6,2,Billing
5591,591,6,3,Service
5592,592,6,9,Technical
5593,593,6,6,Billing
5594,594,6,5,Technical
5595,595,6,2,Service
5596,596,6,3,Service
5597,597,6,1,Billing
5598,598,6,6,Billing
5599,599,6,1,Technical
5600,600,6,4,Technical
5601,601,6,4,Technical
5602,602,6,2,Technical
5603,603,6,3,Service
5604,604,6,3,Technical
5605,605,6,2,Technical
5606,606,6,1,Billing
5607,607,6,0,Billing
5608,608,6,3,Billing
5609,609,6,3,Billing
5610,610,6,1,Service
5611,611,6,3,Technical
5612,612,6,3,Technical
5613,613,6,6,Service
5614,614,6,6,Technical
5615,615,6,4,Billing
5616,616,6,3,Technical
5617,617,6,6,Technical
5618,618,6,5,Technical
5619,619,6,4,Billing
5620,620,6,8,Technical
5621,621,6,1,Service
5622,622,6,4,Technical
5623,623,6,3,Billing
5624,624,6,5,Billing
5625,625,6,4,Service
5626,626,6,5,Service
5627,627,6,4,Billing
5628,628,6,2,Billing
5629,629,6,4,Service
5630,630,6,4,Service
5631,631,6,8,Technical
5632,632,6,1,Billing
5633,633,6,5,Technical
5634,634,6,3,Billing
5635,635,6,7,Technical
5636,636,6,11,Technical
5637,637,6,7,Billing
5638,638,6,1,Billing
5639,639,6,5,Technical
5640,640,6,5,Technical
5641,641,6,9,Billing
5642,642,6,3,Service
5643,643,6,4,Technical
5644,644,6,2,Billing
5645,645,6,1,Billing
5646,646,6,4,Technical
5647,647,6,2,Service
5648,648,6,5,Technical
5649,649,6,4,Technical
5650,650,6,6,Billing
5651,651,6,4,Billing
5652,652,6,1,Billing
5653,653,6,7,Service
5654,654,6,2,Service
5655,655,6,4,Technical
5656,656,6,6,Service
5657,657,6,6,Technical
5658,658,6,5,Service
5659,659,6,6,Technical
5660,660,6,3,Service
5661,661,6,0,Billing
5662,662,6,3,Technical
5663,663,6,4,Technical
5664,664,6,2,Technical
5665,665,6,6,Technical
5666,666,6,2,Billing
5667,667,6,5,Technical
5668,668,6,4,Service
5669,669,6,3,Technical
5670,670,6,7,Service
5671,671,6,2,Technical
5672,672,6,6,Billing
5673,673,6,2,Billing
5674,674,6,5,Billing
5675,675,6,2,Technical
5676,676,6,1,Billing
5677,677,6,5,Billing
5678,678,6,1,Billing
5679,679,6,9,Billing
5680,680,6,4,Billing
5681,681,6,0,Technical
5682,682,6,3,Service
5683,683,6,2,Service
5684,684,6,2,Billing
5685,685,6,6,Service
5686,686,6,8,Billing
5687,687,6,3,Service
5688,688,6,6,Service
5689,689,6,6,Billing
5690,690,6,5,Technical
5691,691,6,6,Service
5692,692,6,4,Technical
5693,693,6,3,Technical
5694,694,6,7,Billing
5695,695,6,1,Technical
5696,696,6,1,Billing
5697,697,6,6,Service
5698,698,6,3,Billing
5699,699,6,1,Billing
5700,700,6,1,Billing
5701,701,6,5,Billing
5702,702,6,3,Billing
5703,703,6,4,Technical
5704,704,6,3,Service
5705,705,6,7,Technical
5706,706,6,6,Technical
5707,707,6,3,Billing
5708,708,6,3,Service
5709,709,6,4,Technical
5710,710,6,4,Billing
5711,711,6,10,Billing
5712,712,6,8,Service
5713,713,6,8,Billing
5714,714,6,3,Billing
5715,715,6,3,Service
5716,716,6,5,Technical
5717,717,6,10,Technical
5718,718,6,5,Service
5719,719,6,2,Billing
5720,720,6,5,Technical
5721,721,6,3,Billing
5722,722,6,0,Billing
5723,723,6,3,Service
5724,724,6,3,Billing
5725,725,6,3,Technical
5726,726,6,2,Billing
5727,727,6,7,Technical
5728,728,6,3,Technical
5729,729,6,7,Technical
5730,730,6,5,Technical
5731,731,6,3,Service
5732,732,6,1,Technical
5733,733,6,4,Billing
5734,734,6,4,Billing
5735,735,6,3,Billing
5736,736,6,5,Service
5737,737,6,1,Service
5738,738,6,9,Billing
5739,739,6,7,Billing
5740,740,6,8,Technical
5741,741,6,1,Billing
5742,742,6,3,Technical
5743,743,6,5,Service
5744,744,6,0,Billing
5745,745,6,2,Service
5746,746,6,4,Service
5747,747,6,0,Technical
5748,748,6,3,Billing
5749,749,6,8,Service
5750,750,6,8,Service
5751,751,6,8,Billing
5752,752,6,8,Billing
5753,753,6,10,Billing
5754,754,6,4,Service
5755,755,6,4,Billing
5756,756,6,5,Technical
5757,757,6,3,Technical
5758,758,6,4,Billing
5759,759,6,4,Service
5760,760,6,5,Technical
5761,761,6,4,Technical
5762,762,6,5,Technical
5763,763,6,1,Billing
5764,764,6,7,Service
5765,765,6,3,Technical
5766,766,6,6,Technical
5767,767,6,2,Billing
5768,768,6,6,Technical
5769,769,6,3,Technical
5770,770,6,3,Technical
5771,771,6,1,Billing
5772,772,6,3,Technical
5773,773,6,3,Billing
5774,774,6,5,Billing
5775,775,6,5,Service
5776,776,6,5,Billing
5777,777,6,3,Service
5778,778,6,5,Technical
5779,779,6,3,Service
5780,780,6,5,Billing
5781,781,6,1,Service
5782,782,6,8,Service
5783,783,6,5,Technical
5784,784,6,4,Billing
5785,785,6,1,Service
5786,786,6,5,Billing
5787,787,6,0,Technical
5788,788,6,6,Billing
5789,789,6,2,Billing
5790,790,6,2,Technical
5791,791,6,2,Billing
5792,792,6,3,Technical
5793,793,6,2,Billing
5794,794,6,6,Billing
5795,795,6,3,Billing
5796,796,6,0,Technical
5797,797,6,3,Technical
5798,798,6,7,Technical
5799,799,6,4,Technical
5800,800,6,1,Technical
5801,801,6,3,Billing
5802,802,6,3,Service
5803,803,6,1,Billing
5804,804,6,2,Billing
5805,805,6,1,Billing
5806,806,6,0,Technical
5807,807,6,5,Technical
5808,808,6,3,Technical
5809,809,6,2,Service
5810,810,6,6,Technical
5811,811,6,3,Billing
5812,812,6,2,Billing
5813,813,6,3,Billing
5814,814,6,7,Technical
5815,815,6,3,Service
5816,816,6,5,Service
5817,817,6,5,Technical
5818,818,6,7,Service
5819,819,6,7,Technical
5820,820,6,3,Technical
5821,821,6,9,Billing
5822,822,6,5,Technical
5823,823,6,5,Service
5824,824,6,5,Billing
5825,825,6,2,Technical
5826,826,6,5,Billing
5827,827,6,3,Service
5828,828,6,7,Service
5829,829,6,5,Technical
5830,830,6,7,Technical
5831,831,6,1,Service
5832,832,6,6,Billing
5833,833,6,5,Billing
5834,834,6,4,Billing
5835,835,6,5,Billing
5836,836,6,2,Technical
5837,837,6,2,Billing
5838,838,6,3,Billing
5839,839,6,6,Billing
5840,840,6,6,Billing
5841,841,6,4,Billing
5842,842,6,2,Technical
5843,843,6,4,Service
5844,844,6,4,Technical
5845,845,6,7,Billing
5846,846,6,6,Billing
5847,847,6,4,Technical
5848,848,6,6,Technical
5849,849,6,2,Billing
5850,850,6,4,Billing
5851,851,6,5,Technical
5852,852,6,4,Billing
5853,853,6,7,Billing
5854,854,6,4,Technical
5855,855,6,4,Technical
5856,856,6,6,Technical
5857,857,6,6,Billing
5858,858,6,2,Technical
5859,859,6,1,Technical
5860,860,6,4,Service
5861,861,6,4,Billing
5862,862,6,3,Technical
5863,863,6,8,Billing
5864,864,6,5,Technical
5865,865,6,5,Service
5866,866,6,3,Billing
5867,867,6,2,Technical
5868,868,6,7,Service
5869,869,6,6,Technical
5870,870,6,4,Service
5871,871,6,6,Technical
5872,872,6,5,Technical
5873,873,6,6,Service
5874,874,6,3,Service
5875,875,6,7,Billing
5876,876,6,2,Service
5877,877,6,5,Technical
5878,878,6,6,Billing
5879,879,6,1,Service
5880,880,6,6,Billing
5881,881,6,5,Billing
5882,882,6,3,Technical
5883,883,6,4,Billing
5884,884,6,4,Billing
5885,885,6,1,Billing
5886,886,6,4,Technical
5887,887,6,4,Technical
5888,888,6,3,Technical
5889,889,6,3,Billing
5890,890,6,2,Service
5891,891,6,2,Billing
5892,892,6,1,Technical
5893,893,6,5,Service
5894,894,6,0,Billing
5895,895,6,3,Technical
5896,896,6,3,Service
5897,897,6,2,Service
5898,898,6,2,Technical
5899,899,6,7,Technical
5900,900,6,2,Billing
5901,901,6,4,Technical
5902,902,6,3,Billing
5903,903,6,1,Billing
5904,904,6,4,Technical
5905,905,6,5,Billing
5906,906,6,9,Technical
5907,907,6,6,Service
5908,908,6,6,Technical
5909,909,6,6,Technical
5910,910,6,9,Billing
5911,911,6,5,Billing
5912,912,6,4,Service
5913,913,6,4,Service
5914,914,6,0,Technical
5915,915,6,3,Service
5916,916,6,7,Service
5917,917,6,3,Technical
5918,918,6,1,Technical
5919,919,6,8,Technical
5920,920,6,5,Service
5921,921,6,0,Billing
5922,922,6,8,Service
5923,923,6,4,Technical
5924,924,6,5,Service
5925,925,6,1,Service
5926,926,6,5,Billing
5927,927,6,2,Service
5928,928,6,4,Billing
5929,929,6,6,Technical
5930,930,6,6,Service
5931,931,6,3,Service
5932,932,6,5,Billing
5933,933,6,3,Service
5934,934,6,3,Billing
5935,935,6,7,Technical
5936,936,6,3,Technical
5937,937,6,5,Technical
5938,938,6,2,Technical
5939,939,6,3,Technical
5940,940,6,6,Billing
5941,941,6,5,Billing
5942,942,6,2,Service
5943,943,6,5,Billing
5944,944,6,4,Technical
5945,945,6,7,Billing
5946,946,6,7,Technical
5947,947,6,5,Technical
5948,948,6,4,Billing
5949,949,6,2,Service
5950,950,6,2,Billing
5951,951,6,1,Service
5952,952,6,1,Service
5953,953,6,2,Billing
5954,954,6,7,Service
5955,955,6,4,Billing
5956,956,6,2,Technical
5957,957,6,2,Technical
5958,958,6,2,Billing
5959,959,6,4,Technical
5960,960,6,2,Service
5961,961,6,3,Billing
5962,962,6,5,Technical
5963,963,6,2,Service
5964,964,6,3,Billing
5965,965,6,2,Billing
5966,966,6,5,Billing
5967,967,6,6,Technical
5968,968,6,4,Billing
5969,969,6,4,Billing
5970,970,6,4,Technical
5971,971,6,1,Technical
5972,972,6,4,Technical
5973,973,6,4,Service
5974,974,6,3,Billing
5975,975,6,4,Billing
5976,976,6,2,Service
5977,977,6,2,Technical
5978,978,6,4,Technical
5979,979,6,3,Service
5980,980,6,3,Technical
5981,981,6,10,Service
5982,982,6,6,Billing
5983,983,6,1,Billing
5984,984,6,7,Billing
5985,985,6,1,Technical
5986,986,6,4,Technical
5987,987,6,4,Service
5988,988,6,0,Billing
5989,989,6,3,Technical
5990,990,6,1,Service
5991,991,6,0,Billing
5992,992,6,3,Technical
5993,993,6,6,Service
5994,994,6,3,Billing
5995,995,6,6,Billing
5996,996,6,7,Technical
5997,997,6,7,Billing
5998,998,6,3,Technical
5999,999,6,5,Technical
6000,1000,6,6,Billing
6001,1,7,2,Service
6002,2,7,5,Technical
6003,3,7,4,Billing
6004,4,7,2,Billing
6005,5,7,7,Service
6006,6,7,2,Technical
6007,7,7,5,Technical
6008,8,7,4,Service
6009,9,7,3,Technical
6010,10,7,6,Billing
6011,11,7,1,Billing
6012,12,7,1,Technical
6013,13,7,3,Technical
6014,14,7,4,Billing
6015,15,7,3,Technical
6016,16,7,6,Technical
6017,17,7,7,Technical
6018,18,7,9,Service
6019,19,7,2,Technical
6020,20,7,3,Technical
6021,21,7,4,Technical
6022,22,7,8,Billing
6023,23,7,1,Service
6024,24,7,3,Technical
6025,25,7,3,Billing
6026,26,7,1,Technical
6027,27,7,4,Service
6028,28,7,4,Service
6029,29,7,2,Billing
6030,30,7,3,Service
6031,31,7,6,Service
6032,32,7,2,Billing
6033,33,7,2,Service
6034,34,7,4,Billing
6035,35,7,5,Service
6036,36,7,3,Service
6037,37,7,5,Service
6038,38,7,3,Technical
6039,39,7,3,Billing
6040,40,7,6,Billing
6041,41,7,3,Technical
6042,42,7,2,Service
6043,43,7,4,Technical
6044,44,7,2,Service
6045,45,7,5,Service
6046,46,7,4,Technical
6047,47,7,3,Technical
6048,48,7,2,Service
6049,49,7,5,Technical
6050,50,7,9,Billing
6051,51,7,1,Technical
6052,52,7,2,Service
6053,53,7,1,Service
6054,54,7,2,Service
6055,55,7,2,Technical
6056,56,7,5,Billing
6057,57,7,8,Technical
6058,58,7,4,Service
6059,59,7,5,Service
6060,60,7,3,Service
6061,61,7,2,Technical
6062,62,7,4,Service
6063,63,7,2,Service
6064,64,7,6,Service
6065,65,7,4,Billing
6066,66,7,2,Billing
6067,67,7,6,Billing
6068,68,7,4,Billing
6069,69,7,3,Technical
6070,70,7,2,Service
6071,71,7,1,Technical
6072,72,7,6,Billing
6073,73,7,4,Service
6074,74,7,4,Billing
6075,75,7,1,Service
6076,76,7,2,Technical
6077,77,7,3,Service
6078,78,7,5,Technical
6079,79,7,6,Service
6080,80,7,4,Service
6081,81,7,3,Billing
6082,82,7,3,Billing
6083,83,7,6,Billing
6084,84,7,2,Billing
6085,85,7,4,Technical
6086,86,7,4,Service
6087,87,7,3,Technical
6088,88,7,1,Technical
6089,89,7,3,Billing
6090,90,7,7,Service
6091,91,7,1,Service
6092,92,7,3,Technical
6093,93,7,1,Technical
6094,94,7,3,Technical
6095,95,7,4,Technical
6096,96,7,4,Technical
6097,97,7,8,Service
6098,98,7,10,Billing
6099,99,7,5,Technical
6100,100,7,3,Service
6101,101,7,6,Technical
6102,102,7,4,Billing
6103,103,7,7,Billing
6104,104,7,3,Service
6105,105,7,7,Technical
6106,106,7,4,Service
6107,107,7,7,Technical
6108,108,7,7,Service
6109,109,7,3,Technical
6110,110,7,8,Billing
6111,111,7,5,Technical
6112,112,7,5,Service
6113,113,7,11,Billing
6114,114,7,6,Technical
6115,115,7,5,Technical
6116,116,7,4,Technical
6117,117,7,1,Service
6118,118,7,3,Technical
6119,119,7,4,Service
6120,120,7,4,Billing
6121,121,7,2,Technical
6122,122,7,2,Billing
6123,123,7,3,Billing
6124,124,7,1,Technical
6125,125,7,3,Billing
6126,126,7,4,Technical
6127,127,7,2,Service
6128,128,7,4,Technical
6129,129,7,0,Technical
6130,130,7,7,Service
6131,131,7,4,Billing
6132,132,7,5,Technical
6133,133,7,5,Service
6134,134,7,7,Technical
6135,135,7,3,Billing
6136,136,7,4,Technical
6137,137,7,3,Service
6138,138,7,2,Billing
6139,139,7,4,Billing
6140,140,7,7,Service
6141,141,7,2,Billing
6142,142,7,6,Billing
6143,143,7,2,Technical
6144,144,7,4,Billing
6145,145,7,8,Billing
6146,146,7,1,Service
6147,147,7,5,Technical
6148,148,7,3,Service
6149,149,7,3,Billing
6150,150,7,6,Service
6151,151,7,3,Technical
6152,152,7,3,Technical
6153,153,7,1,Technical
6154,154,7,2,Service
6155,155,7,9,Billing
6156,156,7,2,Billing
6157,157,7,2,Service
6158,158,7,4,Service
6159,159,7,4,Technical
6160,160,7,3,Technical
6161,161,7,3,Service
6162,162,7,1,Billing
6163,163,7,3,Service
6164,164,7,4,Billing
6165,165,7,5,Technical
6166,166,7,1,Service
6167,167,7,7,Billing
6168,168,7,7,Technical
6169,169,7,11,Service
6170,170,7,5,Service
6171,171,7,0,Billing
6172,172,7,2,Technical
6173,173,7,5,Service
6174,174,7,4,Billing
6175,175,7,4,Billing
6176,176,7,0,Technical
6177,177,7,9,Billing
6178,178,7,2,Technical
6179,179,7,5,Technical
6180,180,7,3,Service
6181,181,7,6,Technical
6182,182,7,5,Billing
6183,183,7,5,Technical
6184,184,7,2,Service
6185,185,7,4,Service
6186,186,7,4,Billing
6187,187,7,2,Service
6188,188,7,2,Billing
6189,189,7,4,Billing
6190,190,7,2,Billing
6191,191,7,5,Technical
6192,192,7,3,Technical
6193,193,7,4,Billing
6194,194,7,5,Billing
6195,195,7,6,Technical
6196,196,7,4,Technical
6197,197,7,2,Billing
6198,198,7,5,Billing
6199,199,7,5,Service
6200,200,7,3,Billing
6201,201,7,2,Billing
6202,202,7,8,Service
6203,203,7,4,Service
6204,204,7,4,Billing
6205,205,7,1,Billing
6206,206,7,3,Billing
6207,207,7,8,Billing
6208,208,7,0,Technical
6209,209,7,6,Billing
6210,210,7,2,Billing
6211,211,7,5,Billing
6212,212,7,6,Billing
6213,213,7,1,Technical
6214,214,7,8,Technical
6215,215,7,4,Billing
6216,216,7,3,Service
6217,217,7,2,Service
6218,218,7,6,Technical
6219,219,7,3,Billing
6220,220,7,2,Billing
6221,221,7,12,Billing
6222,222,7,5,Service
6223,223,7,5,Technical
6224,224,7,2,Service
6225,225,7,3,Billing
6226,226,7,7,Service
6227,227,7,3,Service
6228,228,7,5,Service
6229,229,7,4,Billing
6230,230,7,1,Billing
6231,231,7,5,Billing
6232,232,7,2,Technical
6233,233,7,4,Service
6234,234,7,5,Technical
6235,235,7,3,Technical
6236,236,7,4,Service
6237,237,7,8,Service
6238,238,7,2,Technical
6239,239,7,2,Technical
6240,240,7,1,Billing
6241,241,7,6,Technical
6242,242,7,2,Service
6243,243,7,6,Billing
6244,244,7,7,Billing
6245,245,7,0,Technical
6246,246,7,4,Billing
6247,247,7,4,Service
6248,248,7,6,Technical
6249,249,7,10,Service
6250,250,7,3,Billing
6251,251,7,4,Billing
6252,252,7,3,Service
6253,253,7,2,Technical
6254,254,7,3,Billing
6255,255,7,3,Billing
6256,256,7,4,Technical
6257,257,7,2,Technical
6258,258,7,5,Technical
6259,259,7,2,Billing
6260,260,7,4,Billing
6261,261,7,3,Technical
6262,262,7,3,Billing
6263,263,7,5,Technical
6264,264,7,6,Service
6265,265,7,6,Billing
6266,266,7,4,Technical
6267,267,7,4,Billing
6268,268,7,5,Billing
6269,269,7,4,Technical
6270,270,7,6,Service
6271,271,7,9,Billing
6272,272,7,1,Technical
6273,273,7,8,Service
6274,274,7,6,Technical
6275,275,7,7,Service
6276,276,7,10,Service
6277,277,7,3,Service
6278,278,7,7,Billing
6279,279,7,2,Service
6280,280,7,4,Technical
6281,281,7,8,Service
6282,282,7,3,Billing
6283,283,7,3,Technical
6284,284,7,2,Billing
6285,285,7,4,Technical
6286,286,7,3,Technical
6287,287,7,4,Billing
6288,288,7,5,Billing
6289,289,7,4,Service
6290,290,7,3,Technical
6291,291,7,3,Billing
6292,292,7,5,Technical
6293,293,7,6,Technical
6294,294,7,3,Technical
6295,295,7,8,Service
6296,296,7,4,Service
6297,297,7,1,Technical
6298,298,7,6,Technical
6299,299,7,5,Technical
6300,300,7,3,Service
6301,301,7,2,Service
6302,302,7,3,Service
6303,303,7,8,Service
6304,304,7,3,Technical
6305,305,7,2,Technical
6306,306,7,3,Technical
6307,307,7,4,Service
6308,308,7,1,Service
6309,309,7,5,Service
6310,310,7,6,Billing
6311,311,7,1,Billing
6312,312,7,5,Service
6313,313,7,2,Technical
6314,314,7,6,Billing
6315,315,7,4,Technical
6316,316,7,5,Service
6317,317,7,3,Service
6318,318,7,3,Billing
6319,319,7,4,Billing
6320,320,7,3,Service
6321,321,7,2,Billing
6322,322,7,4,Billing
6323,323,7,6,Service
6324,324,7,2,Service
6325,325,7,3,Technical
6326,326,7,4,Service
6327,327,7,1,Technical
6328,328,7,5,Technical
6329,329,7,5,Billing
6330,330,7,3,Technical
6331,331,7,2,Billing
6332,332,7,2,Service
6333,333,7,1,Technical
6334,334,7,5,Billing
6335,335,7,5,Service
6336,336,7,11,Technical
6337,337,7,6,Technical
6338,338,7,3,Technical
6339,339,7,3,Technical
6340,340,7,2,Technical
6341,341,7,1,Technical
6342,342,7,7,Technical
6343,343,7,3,Technical
6344,344,7,5,Billing
6345,345,7,5,Technical
6346,346,7,3,Service
6347,347,7,1,Technical
6348,348,7,6,Billing
6349,349,7,6,Billing
6350,350,7,6,Service
6351,351,7,0,Service
6352,352,7,7,Technical
6353,353,7,1,Technical
6354,354,7,1,Technical
6355,355,7,5,Technical
6356,356,7,4,Service
6357,357,7,6,Technical
6358,358,7,2,Billing
6359,359,7,5,Service
6360,360,7,3,Service
6361,361,7,1,Service
6362,362,7,1,Billing
6363,363,7,1,Billing
6364,364,7,11,Technical
6365,365,7,1,Service
6366,366,7,10,Billing
6367,367,7,5,Billing
6368,368,7,4,Technical
6369,369,7,5,Technical
6370,370,7,3,Billing
6371,371,7,3,Technical
6372,372,7,5,Billing
6373,373,7,4,Technical
6374,374,7,4,Billing
6375,375,7,1,Technical
6376,376,7,4,Technical
6377,377,7,7,Billing
6378,378,7,1,Technical
6379,379,7,7,Technical
6380,380,7,7,Technical
6381,381,7,1,Billing
6382,382,7,3,Technical
6383,383,7,3,Billing
6384,384,7,1,Technical
6385,385,7,5,Billing
6386,386,7,4,Technical
6387,387,7,3,Technical
6388,388,7,4,Technical
6389,389,7,3,Service
6390,390,7,5,Billing
6391,391,7,5,Billing
6392,392,7,4,Technical
6393,393,7,4,Technical
6394,394,7,4,Service
6395,395,7,3,Technical
6396,396,7,4,Service
6397,397,7,6,Technical
6398,398,7,10,Billing
6399,399,7,4,Technical
6400,400,7,7,Billing
6401,401,7,2,Technical
6402,402,7,1,Service
6403,403,7,11,Service
6404,404,7,6,Technical
6405,405,7,5,Service
6406,406,7,6,Technical
6407,407,7,3,Service
6408,408,7,4,Service
6409,409,7,0,Billing
6410,410,7,2,Billing
6411,411,7,6,Technical
6412,412,7,5,Service
6413,413,7,4,Billing
6414,414,7,4,Billing
6415,415,7,3,Billing
6416,416,7,3,Technical
6417,417,7,5,Technical
6418,418,7,2,Billing
6419,419,7,4,Technical
6420,420,7,7,Billing
6421,421,7,4,Service
6422,422,7,5,Billing
6423,423,7,1,Technical
6424,424,7,2,Billing
6425,425,7,2,Service
6426,426,7,1,Service
6427,427,7,6,Service
6428,428,7,2,Technical
6429,429,7,3,Technical
6430,430,7,1,Billing
6431,431,7,5,Service
6432,432,7,6,Service
6433,433,7,5,Technical
6434,434,7,1,Billing
6435,435,7,3,Service
6436,436,7,2,Technical
6437,437,7,2,Service
6438,438,7,4,Billing
6439,439,7,1,Service
6440,440,7,4,Billing
6441,441,7,6,Service
6442,442,7,5,Billing
6443,443,7,4,Billing
6444,444,7,1,Technical
6445,445,7,5,Service
6446,446,7,4,Billing
6447,447,7,7,Billing
6448,448,7,7,Technical
6449,449,7,2,Technical
6450,450,7,7,Technical
6451,451,7,3,Billing
6452,452,7,4,Billing
6453,453,7,4,Technical
6454,454,7,3,Technical
6455,455,7,4,Technical
6456,456,7,7,Billing
6457,457,7,3,Service
6458,458,7,4,Billing
6459,459,7,6,Billing
6460,460,7,4,Technical
6461,461,7,5,Billing
6462,462,7,7,Technical
6463,463,7,3,Billing
6464,464,7,2,Technical
6465,465,7,5,Billing
6466,466,7,2,Billing
6467,467,7,1,Service
6468,468,7,3,Service
6469,469,7,5,Billing
6470,470,7,6,Technical
6471,471,7,6,Billing
6472,472,7,5,Service
6473,473,7,4,Billing
6474,474,7,8,Service
6475,475,7,4,Billing
6476,476,7,5,Billing
6477,477,7,1,Service
6478,478,7,3,Technical
6479,479,7,5,Billing
6480,480,7,1,Service
6481,481,7,1,Billing
6482,482,7,3,Billing
6483,483,7,2,Technical
6484,484,7,2,Technical
6485,485,7,7,Service
6486,486,7,3,Billing
6487,487,7,6,Technical
6488,488,7,4,Technical
6489,489,7,1,Billing
6490,490,7,2,Technical
6491,491,7,5,Billing
6492,492,7,2,Technical
6493,493,7,4,Billing
6494,494,7,4,Billing
6495,495,7,5,Technical
6496,496,7,6,Technical
6497,497,7,5,Billing
6498,498,7,2,Service
6499,499,7,7,Technical
6500,500,7,6,Service
6501,501,7,3,Billing
6502,502,7,9,Billing
6503,503,7,3,Service
6504,504,7,5,Billing
6505,505,7,5,Service
6506,506,7,3,Technical
6507,507,7,4,Billing
6508,508,7,10,Technical
6509,509,7,3,Service
6510,510,7,3,Technical
6511,511,7,7,Service
6512,512,7,9,Billing
6513,513,7,5,Billing
6514,514,7,2,Service
6515,515,7,8,Service
6516,516,7,4,Technical
6517,517,7,2,Service
6518,518,7,5,Billing
6519,519,7,6,Technical
6520,520,7,4,Billing
6521,521,7,1,Technical
6522,522,7,7,Billing
6523,523,7,3,Technical
6524,524,7,3,Technical
6525,525,7,11,Service
6526,526,7,5,Billing
6527,527,7,6,Billing
6528,528,7,3,Technical
6529,529,7,1,Technical
6530,530,7,7,Technical
6531,531,7,2,Technical
6532,532,7,2,Billing
6533,533,7,2,Billing
6534,534,7,3,Billing
6535,535,7,5,Billing
6536,536,7,4,Billing
6537,537,7,1,Technical
6538,538,7,4,Technical
6539,539,7,6,Technical
6540,540,7,2,Technical
6541,541,7,0,Technical
6542,542,7,2,Billing
6543,543,7,7,Service
6544,544,7,3,Technical
6545,545,7,5,Service
6546,546,7,5,Service
6547,547,7,6,Technical
6548,548,7,5,Service
6549,549,7,7,Billing
6550,550,7,1,Billing
6551,551,7,4,Technical
6552,552,7,6,Service
6553,553,7,3,Technical
6554,554,7,8,Technical
6555,555,7,8,Billing
6556,556,7,11,Technical
6557,557,7,3,Billing
6558,558,7,6,Service
6559,559,7,2,Billing
6560,560,7,1,Service
6561,561,7,8,Technical
6562,562,7,3,Technical
6563,563,7,2,Technical
6564,564,7,5,Technical
6565,565,7,5,Service
6566,566,7,2,Billing
6567,567,7,5,Technical
6568,568,7,7,Technical
6569,569,7,2,Technical
6570,570,7,3,Billing
6571,571,7,4,Technical
6572,572,7,5,Service
6573,573,7,4,Service
6574,574,7,2,Billing
6575,575,7,3,Technical
6576,576,7,9,Technical
6577,577,7,8,Service
6578,578,7,6,Technical
6579,579,7,3,Technical
6580,580,7,7,Technical
6581,581,7,5,Service
6582,582,7,6,Technical
6583,583,7,6,Technical
6584,584,7,5,Billing
6585,585,7,9,Service
6586,586,7,1,Service
6587,587,7,6,Billing
6588,588,7,7,Billing
6589,589,7,9,Billing
6590,590,7,2,Technical
6591,591,7,4,Service
6592,592,7,5,Technical
6593,593,7,10,Technical
6594,594,7,3,Service
6595,595,7,5,Billing
6596,596,7,5,Technical
6597,597,7,2,Technical
6598,598,7,3,Service
6599,599,7,1,Billing
6600,600,7,2,Billing
6601,601,7,3,Service
6602,602,7,4,Billing
6603,603,7,3,Technical
6604,604,7,1,Service
6605,605,7,6,Service
6606,606,7,3,Service
6607,607,7,1,Billing
6608,608,7,0,Technical
6609,609,7,3,Technical
6610,610,7,4,Service
6611,611,7,2,Service
6612,612,7,3,Service
6613,613,7,3,Technical
6614,614,7,4,Billing
6615,615,7,5,Technical
6616,616,7,4,Technical
6617,617,7,4,Billing
6618,618,7,6,Billing
6619,619,7,7,Billing
6620,620,7,4,Billing
6621,621,7,2,Billing
6622,622,7,2,Technical
6623,623,7,2,Service
6624,624,7,6,Service
6625,625,7,2,Service
6626,626,7,4,Technical
6627,627,7,4,Service
6628,628,7,2,Service
6629,629,7,7,Billing
6630,630,7,4,Billing
6631,631,7,5,Service
6632,632,7,9,Technical
6633,633,7,7,Billing
6634,634,7,4,Technical
6635,635,7,4,Billing
6636,636,7,3,Service
6637,637,7,1,Billing
6638,638,7,4,Service
6639,639,7,8,Service
6640,640,7,5,Technical
6641,641,7,0,Billing
6642,642,7,3,Technical
6643,643,7,3,Technical
6644,644,7,6,Service
6645,645,7,5,Service
6646,646,7,1,Service
6647,647,7,9,Billing
6648,648,7,4,Technical
6649,649,7,5,Service
6650,650,7,4,Billing
6651,651,7,3,Service
6652,652,7,3,Service
6653,653,7,7,Service
6654,654,7,4,Billing
6655,655,7,2,Billing
6656,656,7,3,Billing
6657,657,7,1,Service
6658,658,7,5,Technical
6659,659,7,2,Billing
6660,660,7,2,Technical
6661,661,7,3,Technical
6662,662,7,2,Billing
6663,663,7,8,Technical
6664,664,7,3,Service
6665,665,7,6,Service
6666,666,7,1,Technical
6667,667,7,5,Technical
6668,668,7,6,Service
6669,669,7,3,Technical
6670,670,7,7,Service
6671,671,7,1,Technical
6672,672,7,6,Technical
6673,673,7,4,Technical
6674,674,7,1,Technical
6675,675,7,4,Service
6676,676,7,4,Service
6677,677,7,1,Billing
6678,678,7,4,Technical
6679,679,7,4,Technical
6680,680,7,1,Service
6681,681,7,5,Service
6682,682,7,5,Service
6683,683,7,8,Billing
6684,684,7,5,Billing
6685,685,7,9,Technical
6686,686,7,3,Billing
6687,687,7,2,Billing
6688,688,7,3,Service
6689,689,7,2,Billing
6690,690,7,4,Technical
6691,691,7,5,Service
6692,692,7,4,Service
6693,693,7,8,Billing
6694,694,7,5,Billing
6695,695,7,6,Technical
6696,696,7,0,Billing
6697,697,7,4,Service
6698,698,7,1,Technical
6699,699,7,4,Billing
6700,700,7,6,Billing
6701,701,7,3,Technical
6702,702,7,2,Technical
6703,703,7,6,Technical
6704,704,7,4,Technical
6705,705,7,3,Billing
6706,706,7,7,Billing
6707,707,7,2,Service
6708,708,7,6,Technical
6709,709,7,8,Billing
6710,710,7,2,Technical
6711,711,7,6,Technical
6712,712,7,1,Service
6713,713,7,2,Technical
6714,714,7,4,Technical
6715,715,7,6,Technical
6716,716,7,1,Billing
6717,717,7,3,Billing
6718,718,7,2,Technical
6719,719,7,8,Service
6720,720,7,5,Billing
6721,721,7,4,Service
6722,722,7,3,Service
6723,723,7,9,Technical
6724,724,7,1,Technical
6725,725,7,6,Billing
6726,726,7,2,Service
6727,727,7,4,Technical
6728,728,7,2,Billing
6729,729,7,10,Service
6730,730,7,6,Service
6731,731,7,6,Billing
6732,732,7,6,Service
6733,733,7,8,Billing
6734,734,7,2,Technical
6735,735,7,5,Billing
6736,736,7,1,Technical
6737,737,7,6,Technical
6738,738,7,3,Billing
6739,739,7,4,Billing
6740,740,7,1,Technical
6741,741,7,5,Billing
6742,742,7,0,Billing
6743,743,7,2,Billing
6744,744,7,3,Technical
6745,745,7,6,Billing
6746,746,7,1,Billing
6747,747,7,3,Technical
6748,748,7,2,Billing
6749,749,7,3,Technical
6750,750,7,8,Billing
6751,751,7,6,Technical
6752,752,7,6,Billing
6753,753,7,5,Technical
6754,754,7,1,Technical
6755,755,7,2,Technical
6756,756,7,6,Technical
6757,757,7,4,Billing
6758,758,7,2,Billing
6759,759,7,4,Technical
6760,760,7,7,Technical
6761,761,7,4,Service
6762,762,7,6,Billing
6763,763,7,1,Billing
6764,764,7,2,Technical
6765,765,7,4,Billing
6766,766,7,0,Technical
6767,767,7,2,Billing
6768,768,7,9,Technical
6769,769,7,5,Billing
6770,770,7,5,Technical
6771,771,7,4,Billing
6772,772,7,6,Technical
6773,773,7,3,Technical
6774,774,7,5,Technical
6775,775,7,4,Billing
6776,776,7,3,Technical
6777,777,7,7,Technical
6778,778,7,4,Service
6779,779,7,8,Technical
6780,780,7,2,Technical
6781,781,7,3,Service
6782,782,7,4,Billing
6783,783,7,6,Billing
6784,784,7,3,Technical
6785,785,7,2,Service
6786,786,7,6,Technical
6787,787,7,5,Service
6788,788,7,4,Billing
6789,789,7,1,Technical
6790,790,7,3,Service
6791,791,7,2,Billing
6792,792,7,3,Technical
6793,793,7,1,Technical
6794,794,7,4,Billing
6795,795,7,1,Billing
6796,796,7,5,Technical
6797,797,7,3,Service
6798,798,7,1,Billing
6799,799,7,4,Technical
6800,800,7,4,Billing
6801,801,7,7,Service
6802,802,7,3,Technical
6803,803,7,3,Billing
6804,804,7,3,Billing
6805,805,7,4,Billing
6806,806,7,5,Service
6807,807,7,5,Technical
6808,808,7,2,Billing
6809,809,7,2,Service
6810,810,7,5,Billing
6811,811,7,4,Technical
6812,812,7,3,Technical
6813,813,7,2,Billing
6814,814,7,6,Billing
6815,815,7,3,Technical
6816,816,7,4,Service
6817,817,7,6,Technical
6818,818,7,3,Technical
6819,819,7,11,Service
6820,820,7,2,Billing
6821,821,7,3,Technical
6822,822,7,8,Service
6823,823,7,4,Service
6824,824,7,4,Service
6825,825,7,6,Billing
6826,826,7,2,Technical
6827,827,7,9,Technical
6828,828,7,4,Billing
6829,829,7,9,Billing
6830,830,7,3,Service
6831,831,7,1,Technical
6832,832,7,2,Technical
6833,833,7,3,Service
6834,834,7,3,Technical
6835,835,7,1,Service
6836,836,7,1,Billing
6837,837,7,1,Billing
6838,838,7,3,Service
6839,839,7,1,Service
6840,840,7,2,Technical
6841,841,7,1,Billing
6842,842,7,5,Technical
6843,843,7,1,Technical
6844,844,7,1,Technical
6845,845,7,4,Billing
6846,846,7,3,Billing
6847,847,7,2,Service
6848,848,7,7,Service
6849,849,7,1,Technical
6850,850,7,4,Technical
6851,851,7,6,Billing
6852,852,7,3,Service
6853,853,7,5,Technical
6854,854,7,4,Technical
6855,855,7,7,Billing
6856,856,7,3,Technical
6857,857,7,6,Service
6858,858,7,6,Technical
6859,859,7,1,Service
6860,860,7,3,Service
6861,861,7,4,Service
6862,862,7,3,Billing
6863,863,7,2,Technical
6864,864,7,6,Service
6865,865,7,3,Billing
6866,866,7,1,Technical
6867,867,7,4,Billing
6868,868,7,3,Technical
6869,869,7,3,Technical
6870,870,7,5,Billing
6871,871,7,9,Technical
6872,872,7,7,Billing
6873,873,7,3,Technical
6874,874,7,3,Technical
6875,875,7,6,Billing
6876,876,7,3,Billing
6877,877,7,6,Billing
6878,878,7,7,Service
6879,879,7,6,Service
6880,880,7,6,Technical
6881,881,7,1,Technical
6882,882,7,3,Service
6883,883,7,3,Technical
6884,884,7,3,Billing
6885,885,7,6,Service
6886,886,7,3,Billing
6887,887,7,5,Billing
6888,888,7,2,Service
6889,889,7,5,Service
6890,890,7,1,Billing
6891,891,7,5,Billing
6892,892,7,5,Service
6893,893,7,6,Technical
6894,894,7,3,Technical
6895,895,7,5,Billing
6896,896,7,3,Billing
6897,897,7,4,Billing
6898,898,7,2,Billing
6899,899,7,8,Service
6900,900,7,5,Technical
6901,901,7,5,Billing
6902,902,7,2,Service
6903,903,7,2,Technical
6904,904,7,6,Technical
6905,905,7,3,Service
6906,906,7,2,Billing
6907,907,7,2,Billing
6908,908,7,3,Billing
6909,909,7,8,Technical
6910,910,7,4,Billing
6911,911,7,4,Service
6912,912,7,3,Service
6913,913,7,6,Technical
6914,914,7,5,Service
6915,915,7,5,Billing
6916,916,7,2,Billing
6917,917,7,4,Technical
6918,918,7,0,Billing
6919,919,7,4,Billing
6920,920,7,7,Service
6921,921,7,12,Billing
6922,922,7,5,Billing
6923,923,7,6,Technical
6924,924,7,3,Service
6925,925,7,5,Service
6926,926,7,4,Service
6927,927,7,6,Billing
6928,928,7,5,Service
6929,929,7,6,Technical
6930,930,7,3,Billing
6931,931,7,4,Billing
6932,932,7,2,Service
6933,933,7,3,Technical
6934,934,7,6,Technical
6935,935,7,5,Billing
6936,936,7,3,Service
6937,937,7,4,Billing
6938,938,7,2,Billing
6939,939,7,4,Technical
6940,940,7,5,Technical
6941,941,7,3,Technical
6942,942,7,0,Billing
6943,943,7,3,Billing
6944,944,7,2,Billing
6945,945,7,4,Billing
6946,946,7,3,Technical
6947,947,7,5,Billing
6948,948,7,5,Technical
6949,949,7,1,Service
6950,950,7,3,Technical
6951,951,7,3,Technical
6952,952,7,3,Billing
6953,953,7,2,Technical
6954,954,7,6,Billing
6955,955,7,13,Billing
6956,956,7,3,Billing
6957,957,7,4,Technical
6958,958,7,1,Technical
6959,959,7,4,Technical
6960,960,7,2,Technical
6961,961,7,2,Service
6962,962,7,3,Technical
6963,963,7,4,Technical
6964,964,7,3,Service
6965,965,7,6,Technical
6966,966,7,5,Technical
6967,967,7,3,Service
6968,968,7,8,Service
6969,969,7,1,Technical
6970,970,7,2,Service
6971,971,7,6,Technical
6972,972,7,3,Billing
6973,973,7,4,Technical
6974,974,7,4,Service
6975,975,7,3,Billing
6976,976,7,1,Billing
6977,977,7,4,Technical
6978,978,7,8,Service
6979,979,7,5,Service
6980,980,7,4,Billing
6981,981,7,6,Billing
6982,982,7,3,Billing
6983,983,7,4,Technical
6984,984,7,3,Technical
6985,985,7,5,Technical
6986,986,7,4,Billing
6987,987,7,6,Service
6988,988,7,2,Technical
6989,989,7,2,Billing
6990,990,7,6,Service
6991,991,7,6,Billing
6992,992,7,0,Technical
6993,993,7,4,Service
6994,994,7,3,Technical
6995,995,7,2,Service
6996,996,7,11,Technical
6997,997,7,5,Technical
6998,998,7,10,Technical
6999,999,7,8,Billing
7000,1000,7,3,Billing
7001,1,8,3,Technical
7002,2,8,4,Service
7003,3,8,2,Service
7004,4,8,4,Technical
7005,5,8,0,Service
7006,6,8,4,Technical
7007,7,8,3,Billing
7008,8,8,1,Billing
7009,9,8,3,Technical
7010,10,8,3,Service
7011,11,8,8,Billing
7012,12,8,3,Technical
7013,13,8,4,Technical
7014,14,8,6,Technical
7015,15,8,2,Technical
7016,16,8,8,Technical
7017,17,8,6,Technical
7018,18,8,2,Billing
7019,19,8,6,Technical
7020,20,8,3,Technical
7021,21,8,4,Technical
7022,22,8,0,Technical
7023,23,8,5,Billing
7024,24,8,6,Service
7025,25,8,2,Billing
7026,26,8,3,Service
7027,27,8,5,Service
7028,28,8,1,Billing
7029,29,8,2,Billing
7030,30,8,4,Billing
7031,31,8,5,Service
7032,32,8,3,Billing
7033,33,8,5,Service
7034,34,8,4,Technical
7035,35,8,5,Billing
7036,36,8,4,Technical
7037,37,8,10,Technical
7038,38,8,0,Technical
7039,39,8,2,Technical
7040,40,8,3,Service
7041,41,8,5,Technical
7042,42,8,2,Billing
7043,43,8,2,Technical
7044,44,8,4,Billing
7045,45,8,4,Technical
7046,46,8,6,Service
7047,47,8,4,Technical
7048,48,8,5,Technical
7049,49,8,6,Technical
7050,50,8,2,Service
7051,51,8,4,Technical
7052,52,8,3,Technical
7053,53,8,5,Billing
7054,54,8,4,Technical
7055,55,8,0,Service
7056,56,8,6,Service
7057,57,8,5,Billing
7058,58,8,5,Technical
7059,59,8,2,Service
7060,60,8,3,Billing
7061,61,8,2,Technical
7062,62,8,8,Billing
7063,63,8,3,Billing
7064,64,8,7,Service
7065,65,8,5,Billing
7066,66,8,3,Billing
7067,67,8,4,Billing
7068,68,8,2,Technical
7069,69,8,0,Service
7070,70,8,4,Technical
7071,71,8,4,Technical
7072,72,8,1,Billing
7073,73,8,5,Service
7074,74,8,2,Service
7075,75,8,1,Service
7076,76,8,1,Service
7077,77,8,5,Service
7078,78,8,4,Service
7079,79,8,10,Technical
7080,80,8,5,Technical
7081,81,8,2,Billing
7082,82,8,4,Billing
7083,83,8,3,Technical
7084,84,8,6,Technical
7085,85,8,6,Billing
7086,86,8,4,Technical
7087,87,8,4,Technical
7088,88,8,5,Technical
7089,89,8,3,Technical
7090,90,8,6,Technical
7091,91,8,4,Service
7092,92,8,2,Billing
7093,93,8,3,Service
7094,94,8,2,Billing
7095,95,8,5,Billing
7096,96,8,9,Technical
7097,97,8,3,Technical
7098,98,8,10,Billing
7099,99,8,6,Billing
7100,100,8,5,Technical
7101,101,8,6,Technical
7102,102,8,6,Billing
7103,103,8,4,Technical
7104,104,8,4,Technical
7105,105,8,4,Technical
7106,106,8,4,Technical
7107,107,8,5,Billing
7108,108,8,7,Technical
7109,109,8,2,Technical
7110,110,8,8,Billing
7111,111,8,5,Billing
7112,112,8,3,Billing
7113,113,8,3,Service
7114,114,8,6,Service
7115,115,8,1,Technical
7116,116,8,3,Billing
7117,117,8,4,Technical
7118,118,8,7,Billing
7119,119,8,4,Service
7120,120,8,4,Billing
7121,121,8,7,Billing
7122,122,8,6,Service
7123,123,8,1,Technical
7124,124,8,4,Billing
7125,125,8,2,Technical
7126,126,8,5,Billing
7127,127,8,12,Service
7128,128,8,6,Billing
7129,129,8,2,Billing
7130,130,8,6,Service
7131,131,8,1,Technical
7132,132,8,8,Billing
7133,133,8,3,Service
7134,134,8,5,Service
7135,135,8,2,Technical
7136,136,8,6,Service
7137,137,8,4,Service
7138,138,8,4,Technical
7139,139,8,5,Service
7140,140,8,7,Technical
7141,141,8,4,Technical
7142,142,8,4,Service
7143,143,8,4,Technical
7144,144,8,7,Billing
7145,145,8,6,Service
7146,146,8,4,Billing
7147,147,8,7,Technical
7148,148,8,1,Technical
7149,149,8,2,Billing
7150,150,8,2,Technical
7151,151,8,2,Technical
7152,152,8,2,Technical
7153,153,8,2,Technical
7154,154,8,6,Technical
7155,155,8,5,Technical
7156,156,8,5,Technical
7157,157,8,6,Technical
7158,158,8,6,Service
7159,159,8,4,Billing
7160,160,8,3,Service
7161,161,8,1,Service
7162,162,8,2,Service
7163,163,8,1,Technical
7164,164,8,3,Billing
7165,165,8,4,Billing
7166,166,8,5,Technical
7167,167,8,6,Service
7168,168,8,6,Billing
7169,169,8,6,Billing
7170,170,8,7,Service
7171,171,8,7,Billing
7172,172,8,2,Billing
7173,173,8,6,Billing
7174,174,8,4,Billing
7175,175,8,6,Technical
7176,176,8,3,Technical
7177,177,8,3,Technical
7178,178,8,5,Technical
7179,179,8,2,Billing
7180,180,8,1,Service
7181,181,8,2,Technical
7182,182,8,7,Technical
7183,183,8,2,Technical
7184,184,8,6,Billing
7185,185,8,3,Service
7186,186,8,6,Technical
7187,187,8,6,Technical
7188,188,8,0,Technical
7189,189,8,8,Billing
7190,190,8,2,Service
7191,191,8,5,Billing
7192,192,8,4,Service
7193,193,8,5,Service
7194,194,8,4,Technical
7195,195,8,2,Technical
7196,196,8,4,Billing
7197,197,8,5,Technical
7198,198,8,1,Billing
7199,199,8,5,Billing
7200,200,8,1,Technical
7201,201,8,4,Billing
7202,202,8,4,Technical
7203,203,8,0,Technical
7204,204,8,2,Technical
7205,205,8,3,Service
7206,206,8,5,Technical
7207,207,8,6,Service
7208,208,8,1,Billing
7209,209,8,6,Service
7210,210,8,4,Billing
7211,211,8,3,Billing
7212,212,8,7,Billing
7213,213,8,2,Service
7214,214,8,3,Technical
7215,215,8,8,Billing
7216,216,8,2,Service
7217,217,8,2,Technical
7218,218,8,1,Technical
7219,219,8,3,Technical
7220,220,8,8,Technical
7221,221,8,6,Service
7222,222,8,6,Service
7223,223,8,2,Billing
7224,224,8,1,Service
7225,225,8,4,Service
7226,226,8,9,Billing
7227,227,8,4,Service
7228,228,8,6,Service
7229,229,8,2,Service
7230,230,8,3,Technical
7231,231,8,4,Billing
7232,232,8,3,Billing
7233,233,8,8,Billing
7234,234,8,6,Service
7235,235,8,3,Technical
7236,236,8,4,Technical
7237,237,8,4,Billing
7238,238,8,5,Technical
7239,239,8,4,Technical
7240,240,8,2,Service
7241,241,8,2,Technical
7242,242,8,5,Technical
7243,243,8,4,Billing
7244,244,8,6,Billing
7245,245,8,1,Technical
7246,246,8,0,Technical
7247,247,8,3,Service
7248,248,8,7,Billing
7249,249,8,3,Service
7250,250,8,1,Billing
7251,251,8,2,Service
7252,252,8,6,Technical
7253,253,8,3,Service
7254,254,8,3,Technical
7255,255,8,4,Technical
7256,256,8,4,Service
7257,257,8,2,Billing
7258,258,8,4,Billing
7259,259,8,2,Billing
7260,260,8,5,Technical
7261,261,8,4,Service
7262,262,8,3,Billing
7263,263,8,4,Technical
7264,264,8,7,Technical
7265,265,8,2,Technical
7266,266,8,2,Service
7267,267,8,6,Technical
7268,268,8,6,Billing
7269,269,8,9,Technical
7270,270,8,4,Technical
7271,271,8,4,Technical
7272,272,8,5,Service
7273,273,8,6,Technical
7274,274,8,6,Billing
7275,275,8,1,Service
7276,276,8,6,Technical
7277,277,8,3,Technical
7278,278,8,6,Billing
7279,279,8,3,Technical
7280,280,8,3,Service
7281,281,8,7,Technical
7282,282,8,6,Service
7283,283,8,2,Service
7284,284,8,5,Service
7285,285,8,2,Billing
7286,286,8,4,Billing
7287,287,8,2,Service
7288,288,8,9,Billing
7289,289,8,3,Billing
7290,290,8,4,Technical
7291,291,8,3,Technical
7292,292,8,8,Technical
7293,293,8,2,Billing
7294,294,8,1,Technical
7295,295,8,7,Technical
7296,296,8,3,Service
7297,297,8,1,Billing
7298,298,8,6,Billing
7299,299,8,5,Technical
7300,300,8,3,Technical
7301,301,8,2,Billing
7302,302,8,2,Service
7303,303,8,10,Billing
7304,304,8,7,Technical
7305,305,8,4,Billing
7306,306,8,4,Billing
7307,307,8,2,Billing
7308,308,8,9,Service
7309,309,8,7,Service
7310,310,8,6,Technical
7311,311,8,4,Billing
7312,312,8,5,Billing
7313,313,8,6,Billing
7314,314,8,2,Service
7315,315,8,5,Billing
7316,316,8,4,Technical
7317,317,8,4,Technical
7318,318,8,4,Service
7319,319,8,2,Service
7320,320,8,4,Billing
7321,321,8,3,Billing
7322,322,8,3,Billing
7323,323,8,6,Technical
7324,324,8,7,Technical
7325,325,8,2,Billing
7326,326,8,2,Service
7327,327,8,0,Technical
7328,328,8,2,Service
7329,329,8,7,Billing
7330,330,8,3,Technical
7331,331,8,2,Service
7332,332,8,2,Billing
7333,333,8,2,Billing
7334,334,8,5,Billing
7335,335,8,5,Technical
7336,336,8,8,Technical
7337,337,8,7,Billing
7338,338,8,5,Service
7339,339,8,3,Billing
7340,340,8,4,Billing
7341,341,8,5,Service
7342,342,8,6,Service
7343,343,8,8,Service
7344,344,8,0,Billing
7345,345,8,5,Service
7346,346,8,5,Billing
7347,347,8,6,Billing
7348,348,8,5,Service
7349,349,8,5,Technical
7350,350,8,2,Technical
7351,351,8,3,Technical
7352,352,8,3,Technical
7353,353,8,2,Service
7354,354,8,1,Technical
7355,355,8,4,Service
7356,356,8,3,Technical
7357,357,8,4,Billing
7358,358,8,1,Service
7359,359,8,4,Billing
7360,360,8,5,Technical
7361,361,8,1,Technical
7362,362,8,4,Technical
7363,363,8,2,Service
7364,364,8,5,Billing
7365,365,8,6,Technical
7366,366,8,4,Service
7367,367,8,4,Billing
7368,368,8,0,Technical
7369,369,8,5,Technical
7370,370,8,5,Technical
7371,371,8,2,Technical
7372,372,8,4,Billing
7373,373,8,5,Technical
7374,374,8,9,Service
7375,375,8,2,Technical
7376,376,8,6,Technical
7377,377,8,2,Service
7378,378,8,2,Billing
7379,379,8,4,Billing
7380,380,8,3,Billing
7381,381,8,6,Technical
7382,382,8,4,Service
7383,383,8,1,Technical
7384,384,8,5,Technical
7385,385,8,6,Billing
7386,386,8,3,Billing
7387,387,8,5,Billing
7388,388,8,2,Service
7389,389,8,7,Service
7390,390,8,3,Billing
7391,391,8,2,Service
7392,392,8,5,Technical
7393,393,8,3,Technical
7394,394,8,1,Billing
7395,395,8,2,Technical
7396,396,8,7,Technical
7397,397,8,3,Billing
7398,398,8,4,Technical
7399,399,8,6,Technical
7400,400,8,5,Technical
7401,401,8,5,Technical
7402,402,8,2,Technical
7403,403,8,4,Billing
7404,404,8,3,Service
7405,405,8,1,Billing
7406,406,8,3,Technical
7407,407,8,3,Billing
7408,408,8,4,Billing
7409,409,8,1,Service
7410,410,8,4,Technical
7411,411,8,3,Billing
7412,412,8,4,Billing
7413,413,8,4,Service
7414,414,8,4,Technical
7415,415,8,2,Service
7416,416,8,2,Technical
7417,417,8,3,Billing
7418,418,8,6,Technical
7419,419,8,4,Service
7420,420,8,6,Billing
7421,421,8,8,Technical
7422,422,8,6,Technical
7423,423,8,3,Service
7424,424,8,3,Service
7425,425,8,3,Billing
7426,426,8,3,Billing
7427,427,8,2,Service
7428,428,8,4,Billing
7429,429,8,6,Technical
7430,430,8,1,Billing
7431,431,8,4,Technical
7432,432,8,4,Technical
7433,433,8,3,Service
7434,434,8,7,Technical
7435,435,8,4,Technical
7436,436,8,2,Technical
7437,437,8,7,Technical
7438,438,8,4,Technical
7439,439,8,1,Billing
7440,440,8,2,Service
7441,441,8,6,Service
7442,442,8,1,Billing
7443,443,8,7,Billing
7444,444,8,2,Billing
7445,445,8,3,Technical
7446,446,8,3,Service
7447,447,8,5,Service
7448,448,8,8,Service
7449,449,8,1,Billing
7450,450,8,6,Service
7451,451,8,2,Service
7452,452,8,3,Billing
7453,453,8,5,Technical
7454,454,8,3,Service
7455,455,8,2,Technical
7456,456,8,5,Billing
7457,457,8,5,Technical
7458,458,8,2,Service
7459,459,8,1,Billing
7460,460,8,6,Service
7461,461,8,3,Service
7462,462,8,1,Service
7463,463,8,9,Billing
7464,464,8,4,Technical
7465,465,8,4,Technical
7466,466,8,6,Billing
7467,467,8,7,Billing
7468,468,8,3,Service
7469,469,8,2,Billing
7470,470,8,4,Service
7471,471,8,8,Technical
7472,472,8,5,Billing
7473,473,8,4,Technical
7474,474,8,6,Billing
7475,475,8,5,Service
7476,476,8,4,Billing
7477,477,8,4,Billing
7478,478,8,5,Service
7479,479,8,5,Billing
7480,480,8,6,Technical
7481,481,8,4,Technical
7482,482,8,0,Technical
7483,483,8,6,Billing
7484,484,8,4,Billing
7485,485,8,7,Service
7486,486,8,1,Service
7487,487,8,3,Technical
7488,488,8,2,Service
7489,489,8,1,Billing
7490,490,8,4,Technical
7491,491,8,6,Service
7492,492,8,3,Billing
7493,493,8,1,Technical
7494,494,8,7,Service
7495,495,8,4,Service
7496,496,8,4,Billing
7497,497,8,5,Billing
7498,498,8,4,Billing
7499,499,8,1,Technical
7500,500,8,3,Billing
7501,501,8,3,Technical
7502,502,8,11,Technical
7503,503,8,0,Billing
7504,504,8,2,Technical
7505,505,8,7,Billing
7506,506,8,5,Service
7507,507,8,3,Technical
7508,508,8,6,Technical
7509,509,8,4,Service
7510,510,8,3,Service
7511,511,8,4,Billing
7512,512,8,4,Technical
7513,513,8,7,Billing
7514,514,8,5,Technical
7515,515,8,1,Billing
7516,516,8,4,Technical
7517,517,8,5,Technical
7518,518,8,4,Billing
7519,519,8,4,Service
7520,520,8,2,Billing
7521,521,8,4,Technical
7522,522,8,7,Billing
7523,523,8,4,Billing
7524,524,8,1,Service
7525,525,8,4,Billing
7526,526,8,5,Billing
7527,527,8,4,Billing
7528,528,8,6,Service
7529,529,8,5,Billing
7530,530,8,2,Service
7531,531,8,4,Technical
7532,532,8,2,Billing
7533,533,8,3,Service
7534,534,8,3,Service
7535,535,8,5,Service
7536,536,8,4,Billing
7537,537,8,4,Billing
7538,538,8,4,Technical
7539,539,8,3,Billing
7540,540,8,7,Service
7541,541,8,0,Billing
7542,542,8,4,Service
7543,543,8,0,Technical
7544,544,8,3,Billing
7545,545,8,4,Technical
7546,546,8,4,Technical
7547,547,8,3,Technical
7548,548,8,6,Technical
7549,549,8,6,Technical
7550,550,8,3,Service
7551,551,8,4,Billing
7552,552,8,4,Service
7553,553,8,1,Service
7554,554,8,3,Technical
7555,555,8,7,Technical
7556,556,8,6,Technical
7557,557,8,10,Technical
7558,558,8,6,Technical
7559,559,8,4,Technical
7560,560,8,3,Service
7561,561,8,3,Technical
7562,562,8,2,Technical
7563,563,8,4,Billing
7564,564,8,3,Billing
7565,565,8,7,Service
7566,566,8,4,Service
7567,567,8,3,Technical
7568,568,8,7,Technical
7569,569,8,4,Service
7570,570,8,1,Billing
7571,571,8,5,Billing
7572,572,8,4,Technical
7573,573,8,2,Billing
7574,574,8,5,Billing
7575,575,8,4,Billing
7576,576,8,5,Technical
7577,577,8,2,Technical
7578,578,8,2,Technical
7579,579,8,5,Technical
7580,580,8,3,Service
7581,581,8,1,Service
7582,582,8,6,Billing
7583,583,8,7,Billing
7584,584,8,4,Service
7585,585,8,7,Technical
7586,586,8,0,Service
7587,587,8,7,Technical
7588,588,8,7,Technical
7589,589,8,4,Billing
7590,590,8,3,Technical
7591,591,8,5,Technical
7592,592,8,8,Technical
7593,593,8,7,Billing
7594,594,8,4,Service
7595,595,8,4,Billing
7596,596,8,3,Service
7597,597,8,0,Billing
7598,598,8,2,Service
7599,599,8,2,Service
7600,600,8,4,Billing
7601,601,8,3,Technical
7602,602,8,8,Service
7603,603,8,4,Billing
7604,604,8,2,Billing
7605,605,8,8,Technical
7606,606,8,1,Technical
7607,607,8,2,Technical
7608,608,8,2,Technical
7609,609,8,5,Billing
7610,610,8,7,Billing
7611,611,8,2,Billing
7612,612,8,2,Billing
7613,613,8,4,Technical
7614,614,8,6,Service
7615,615,8,4,Technical
7616,616,8,6,Technical
7617,617,8,2,Billing
7618,618,8,0,Technical
7619,619,8,4,Service
7620,620,8,0,Billing
7621,621,8,3,Technical
7622,622,8,6,Technical
7623,623,8,4,Service
7624,624,8,1,Technical
7625,625,8,2,Billing
7626,626,8,6,Technical
7627,627,8,7,Service
7628,628,8,4,Technical
7629,629,8,4,Billing
7630,630,8,9,Technical
7631,631,8,6,Technical
7632,632,8,4,Billing
7633,633,8,5,Service
7634,634,8,3,Billing
7635,635,8,3,Technical
7636,636,8,5,Technical
7637,637,8,2,Technical
7638,638,8,6,Technical
7639,639,8,7,Billing
7640,640,8,4,Technical
7641,641,8,4,Billing
7642,642,8,5,Service
7643,643,8,2,Billing
7644,644,8,4,Technical
7645,645,8,2,Technical
7646,646,8,4,Billing
7647,647,8,7,Billing
7648,648,8,5,Billing
7649,649,8,3,Service
7650,650,8,8,Billing
7651,651,8,3,Billing
7652,652,8,3,Technical
7653,653,8,1,Technical
7654,654,8,2,Technical
7655,655,8,4,Technical
7656,656,8,3,Service
7657,657,8,2,Billing
7658,658,8,4,Billing
7659,659,8,3,Service
7660,660,8,7,Technical
7661,661,8,2,Billing
7662,662,8,6,Technical
7663,663,8,8,Billing
7664,664,8,7,Technical
7665,665,8,2,Technical
7666,666,8,1,Technical
7667,667,8,5,Billing
7668,668,8,2,Technical
7669,669,8,2,Technical
7670,670,8,9,Billing
7671,671,8,0,Service
7672,672,8,3,Service
7673,673,8,7,Service
7674,674,8,6,Service
7675,675,8,4,Service
7676,676,8,4,Technical
7677,677,8,3,Technical
7678,678,8,4,Service
7679,679,8,4,Billing
7680,680,8,1,Billing
7681,681,8,1,Technical
7682,682,8,3,Technical
7683,683,8,1,Service
7684,684,8,0,Service
7685,685,8,3,Service
7686,686,8,7,Billing
7687,687,8,2,Technical
7688,688,8,8,Technical
7689,689,8,4,Technical
7690,690,8,0,Technical
7691,691,8,5,Technical
7692,692,8,6,Technical
7693,693,8,3,Technical
7694,694,8,5,Billing
7695,695,8,2,Technical
7696,696,8,2,Billing
7697,697,8,7,Service
7698,698,8,5,Service
7699,699,8,2,Technical
7700,700,8,4,Service
7701,701,8,2,Technical
7702,702,8,5,Service
7703,703,8,3,Technical
7704,704,8,5,Billing
7705,705,8,4,Service
7706,706,8,3,Billing
7707,707,8,1,Technical
7708,708,8,4,Billing
7709,709,8,0,Service
7710,710,8,5,Technical
7711,711,8,1,Billing
7712,712,8,4,Billing
7713,713,8,3,Billing
7714,714,8,5,Technical
7715,715,8,4,Billing
7716,716,8,4,Service
7717,717,8,8,Billing
7718,718,8,4,Technical
7719,719,8,3,Technical
7720,720,8,5,Technical
7721,721,8,3,Technical
7722,722,8,4,Billing
7723,723,8,8,Billing
7724,724,8,5,Service
7725,725,8,2,Billing
7726,726,8,5,Technical
7727,727,8,4,Technical
7728,728,8,2,Service
7729,729,8,4,Service
7730,730,8,4,Technical
7731,731,8,5,Technical
7732,732,8,4,Technical
7733,733,8,7,Billing
7734,734,8,3,Billing
7735,735,8,6,Technical
7736,736,8,2,Technical
7737,737,8,5,Technical
7738,738,8,3,Billing
7739,739,8,2,Billing
7740,740,8,2,Technical
7741,741,8,4,Service
7742,742,8,5,Billing
7743,743,8,7,Technical
7744,744,8,2,Billing
7745,745,8,3,Technical
7746,746,8,3,Technical
7747,747,8,3,Technical
7748,748,8,2,Billing
7749,749,8,8,Technical
7750,750,8,7,Technical
7751,751,8,5,Technical
7752,752,8,1,Billing
7753,753,8,3,Technical
7754,754,8,5,Service
7755,755,8,4,Service
7756,756,8,4,Billing
7757,757,8,4,Billing
7758,758,8,8,Service
7759,759,8,7,Service
7760,760,8,3,Service
7761,761,8,2,Technical
7762,762,8,4,Technical
7763,763,8,3,Billing
7764,764,8,5,Technical
7765,765,8,10,Technical
7766,766,8,5,Technical
7767,767,8,6,Service
7768,768,8,10,Service
7769,769,8,6,Billing
7770,770,8,3,Technical
7771,771,8,2,Technical
7772,772,8,5,Service
7773,773,8,6,Billing
7774,774,8,7,Billing
7775,775,8,3,Technical
7776,776,8,1,Technical
7777,777,8,6,Technical
7778,778,8,6,Billing
7779,779,8,6,Technical
7780,780,8,1,Technical
7781,781,8,4,Technical
7782,782,8,3,Service
7783,783,8,2,Billing
7784,784,8,4,Service
7785,785,8,4,Technical
7786,786,8,4,Billing
7787,787,8,6,Technical
7788,788,8,7,Billing
7789,789,8,2,Billing
7790,790,8,7,Technical
7791,791,8,2,Billing
7792,792,8,7,Service
7793,793,8,4,Service
7794,794,8,3,Technical
7795,795,8,3,Service
7796,796,8,2,Billing
7797,797,8,4,Technical
7798,798,8,3,Technical
7799,799,8,3,Billing
7800,800,8,4,Billing
7801,801,8,4,Billing
7802,802,8,6,Technical
7803,803,8,5,Technical
7804,804,8,5,Service
7805,805,8,3,Technical
7806,806,8,2,Billing
7807,807,8,5,Service
7808,808,8,2,Billing
7809,809,8,3,Technical
7810,810,8,3,Billing
7811,811,8,1,Technical
7812,812,8,4,Technical
7813,813,8,2,Billing
7814,814,8,7,Service
7815,815,8,3,Billing
7816,816,8,0,Technical
7817,817,8,7,Billing
7818,818,8,1,Service
7819,819,8,4,Service
7820,820,8,3,Billing
7821,821,8,4,Service
7822,822,8,2,Billing
7823,823,8,2,Technical
7824,824,8,1,Technical
7825,825,8,6,Service
7826,826,8,7,Billing
7827,827,8,5,Technical
7828,828,8,5,Billing
7829,829,8,6,Technical
7830,830,8,0,Technical
7831,831,8,1,Technical
7832,832,8,1,Service
7833,833,8,6,Technical
7834,834,8,3,Billing
7835,835,8,4,Service
7836,836,8,11,Technical
7837,837,8,1,Service
7838,838,8,3,Service
7839,839,8,6,Service
7840,840,8,5,Billing
7841,841,8,5,Service
7842,842,8,6,Service
7843,843,8,2,Technical
7844,844,8,5,Service
7845,845,8,3,Technical
7846,846,8,7,Billing
7847,847,8,6,Technical
7848,848,8,2,Billing
7849,849,8,0,Billing
7850,850,8,6,Technical
7851,851,8,6,Billing
7852,852,8,1,Technical
7853,853,8,3,Technical
7854,854,8,1,Billing
7855,855,8,3,Technical
7856,856,8,1,Technical
7857,857,8,3,Billing
7858,858,8,0,Service
7859,859,8,4,Service
7860,860,8,2,Service
7861,861,8,5,Technical
7862,862,8,3,Billing
7863,863,8,5,Technical
7864,864,8,5,Service
7865,865,8,0,Technical
7866,866,8,1,Billing
7867,867,8,3,Technical
7868,868,8,4,Technical
7869,869,8,4,Service
7870,870,8,0,Technical
7871,871,8,6,Billing
7872,872,8,3,Technical
7873,873,8,2,Service
7874,874,8,2,Service
7875,875,8,3,Technical
7876,876,8,13,Technical
7877,877,8,4,Service
7878,878,8,7,Billing
7879,879,8,4,Billing
7880,880,8,0,Technical
7881,881,8,0,Technical
7882,882,8,2,Billing
7883,883,8,5,Billing
7884,884,8,3,Technical
7885,885,8,8,Technical
7886,886,8,2,Service
7887,887,8,3,Service
7888,888,8,2,Service
7889,889,8,4,Service
7890,890,8,3,Billing
7891,891,8,9,Technical
7892,892,8,2,Billing
7893,893,8,8,Technical
7894,894,8,1,Service
7895,895,8,5,Billing
7896,896,8,5,Technical
7897,897,8,3,Technical
7898,898,8,3,Technical
7899,899,8,5,Billing
7900,900,8,3,Billing
7901,901,8,5,Service
7902,902,8,2,Billing
7903,903,8,2,Billing
7904,904,8,0,Technical
7905,905,8,6,Service
7906,906,8,6,Technical
7907,907,8,1,Technical
7908,908,8,1,Service
7909,909,8,4,Technical
7910,910,8,4,Technical
7911,911,8,4,Technical
7912,912,8,6,Technical
7913,913,8,4,Technical
7914,914,8,2,Service
7915,915,8,4,Service
7916,916,8,0,Technical
7917,917,8,2,Technical
7918,918,8,1,Billing
7919,919,8,3,Service
7920,920,8,8,Billing
7921,921,8,4,Technical
7922,922,8,4,Billing
7923,923,8,9,Technical
7924,924,8,3,Technical
7925,925,8,6,Technical
7926,926,8,4,Billing
7927,927,8,3,Technical
7928,928,8,3,Service
7929,929,8,8,Billing
7930,930,8,3,Technical
7931,931,8,2,Technical
7932,932,8,4,Service
7933,933,8,4,Technical
7934,934,8,3,Service
7935,935,8,9,Billing
7936,936,8,4,Billing
7937,937,8,7,Billing
7938,938,8,2,Service
7939,939,8,2,Technical
7940,940,8,3,Service
7941,941,8,2,Technical
7942,942,8,4,Technical
7943,943,8,2,Technical
7944,944,8,5,Service
7945,945,8,5,Billing
7946,946,8,4,Billing
7947,947,8,3,Billing
7948,948,8,3,Technical
7949,949,8,2,Technical
7950,950,8,5,Service
7951,951,8,3,Service
7952,952,8,6,Technical
7953,953,8,4,Service
7954,954,8,2,Technical
7955,955,8,3,Service
7956,956,8,3,Billing
7957,957,8,5,Billing
7958,958,8,5,Billing
7959,959,8,5,Technical
7960,960,8,4,Billing
7961,961,8,4,Service
7962,962,8,4,Technical
7963,963,8,5,Billing
7964,964,8,0,Billing
7965,965,8,2,Service
7966,966,8,8,Billing
7967,967,8,3,Technical
7968,968,8,10,Technical
7969,969,8,1,Service
7970,970,8,2,Billing
7971,971,8,6,Billing
7972,972,8,10,Service
7973,973,8,5,Service
7974,974,8,4,Service
7975,975,8,6,Billing
7976,976,8,8,Technical
7977,977,8,2,Billing
7978,978,8,6,Technical
7979,979,8,4,Technical
7980,980,8,6,Service
7981,981,8,3,Billing
7982,982,8,3,Billing
7983,983,8,4,Service
7984,984,8,6,Billing
7985,985,8,2,Billing
7986,986,8,2,Technical
7987,987,8,7,Technical
7988,988,8,4,Service
7989,989,8,1,Technical
7990,990,8,2,Billing
7991,991,8,5,Billing
7992,992,8,3,Billing
7993,993,8,4,Billing
7994,994,8,4,Service
7995,995,8,1,Technical
7996,996,8,3,Service
7997,997,8,5,Billing
7998,998,8,2,Technical
7999,999,8,2,Service
8000,1000,8,6,Technical
8001,1,9,2,Technical
8002,2,9,5,Service
8003,3,9,4,Technical
8004,4,9,5,Service
8005,5,9,2,Billing
8006,6,9,5,Billing
8007,7,9,3,Technical
8008,8,9,3,Service
8009,9,9,6,Service
8010,10,9,4,Technical
8011,11,9,7,Technical
8012,12,9,4,Technical
8013,13,9,4,Technical
8014,14,9,3,Technical
8015,15,9,3,Technical
8016,16,9,3,Technical
8017,17,9,4,Service
8018,18,9,4,Technical
8019,19,9,3,Service
8020,20,9,10,Billing
8021,21,9,4,Technical
8022,22,9,6,Technical
8023,23,9,2,Technical
8024,24,9,4,Service
8025,25,9,3,Billing
8026,26,9,1,Billing
8027,27,9,3,Service
8028,28,9,4,Service
8029,29,9,2,Billing
8030,30,9,4,Billing
8031,31,9,3,Billing
8032,32,9,2,Service
8033,33,9,5,Billing
8034,34,9,7,Technical
8035,35,9,2,Billing
8036,36,9,5,Service
8037,37,9,6,Technical
8038,38,9,4,Service
8039,39,9,5,Service
8040,40,9,3,Billing
8041,41,9,1,Technical
8042,42,9,2,Billing
8043,43,9,2,Billing
8044,44,9,8,Service
8045,45,9,7,Billing
8046,46,9,5,Technical
8047,47,9,2,Technical
8048,48,9,1,Billing
8049,49,9,5,Technical
8050,50,9,6,Billing
8051,51,9,1,Service
8052,52,9,3,Service
8053,53,9,7,Billing
8054,54,9,2,Technical
8055,55,9,4,Service
8056,56,9,7,Service
8057,57,9,4,Billing
8058,58,9,1,Technical
8059,59,9,0,Billing
8060,60,9,3,Service
8061,61,9,3,Technical
8062,62,9,3,Service
8063,63,9,0,Service
8064,64,9,7,Service
8065,65,9,2,Service
8066,66,9,4,Billing
8067,67,9,5,Service
8068,68,9,8,Billing
8069,69,9,5,Technical
8070,70,9,4,Service
8071,71,9,3,Technical
8072,72,9,3,Technical
8073,73,9,3,Technical
8074,74,9,2,Service
8075,75,9,3,Technical
8076,76,9,3,Billing
8077,77,9,6,Billing
8078,78,9,5,Billing
8079,79,9,8,Technical
8080,80,9,5,Technical
8081,81,9,8,Billing
8082,82,9,4,Service
8083,83,9,4,Billing
8084,84,9,5,Billing
8085,85,9,3,Billing
8086,86,9,9,Technical
8087,87,9,4,Technical
8088,88,9,4,Technical
8089,89,9,1,Technical
8090,90,9,5,Service
8091,91,9,5,Service
8092,92,9,3,Technical
8093,93,9,1,Billing
8094,94,9,4,Technical
8095,95,9,10,Billing
8096,96,9,3,Technical
8097,97,9,2,Technical
8098,98,9,2,Technical
8099,99,9,6,Billing
8100,100,9,2,Technical
8101,101,9,1,Billing
8102,102,9,3,Service
8103,103,9,3,Technical
8104,104,9,3,Service
8105,105,9,1,Technical
8106,106,9,8,Billing
8107,107,9,3,Billing
8108,108,9,2,Service
8109,109,9,4,Billing
8110,110,9,5,Technical
8111,111,9,4,Billing
8112,112,9,2,Billing
8113,113,9,8,Billing
8114,114,9,6,Technical
8115,115,9,2,Billing
8116,116,9,5,Technical
8117,117,9,2,Service
8118,118,9,7,Service
8119,119,9,2,Service
8120,120,9,6,Technical
8121,121,9,5,Service
8122,122,9,9,Technical
8123,123,9,2,Billing
8124,124,9,3,Technical
8125,125,9,2,Technical
8126,126,9,5,Technical
8127,127,9,5,Technical
8128,128,9,2,Technical
8129,129,9,4,Service
8130,130,9,3,Service
8131,131,9,4,Technical
8132,132,9,3,Technical
8133,133,9,3,Billing
8134,134,9,4,Technical
8135,135,9,3,Service
8136,136,9,1,Service
8137,137,9,6,Billing
8138,138,9,9,Service
8139,139,9,3,Service
8140,140,9,3,Service
8141,141,9,6,Billing
8142,142,9,4,Billing
8143,143,9,2,Billing
8144,144,9,3,Billing
8145,145,9,9,Technical
8146,146,9,1,Service
8147,147,9,4,Service
8148,148,9,3,Technical
8149,149,9,2,Technical
8150,150,9,1,Billing
8151,151,9,5,Billing
8152,152,9,5,Billing
8153,153,9,7,Billing
8154,154,9,3,Billing
8155,155,9,5,Billing
8156,156,9,6,Technical
8157,157,9,1,Service
8158,158,9,8,Technical
8159,159,9,5,Service
8160,160,9,2,Service
8161,161,9,2,Billing
8162,162,9,3,Billing
8163,163,9,1,Service
8164,164,9,3,Billing
8165,165,9,5,Technical
8166,166,9,3,Billing
8167,167,9,11,Technical
8168,168,9,0,Billing
8169,169,9,2,Technical
8170,170,9,6,Billing
8171,171,9,3,Billing
8172,172,9,2,Service
8173,173,9,3,Technical
8174,174,9,6,Service
8175,175,9,2,Billing
8176,176,9,3,Technical
8177,177,9,2,Billing
8178,178,9,2,Technical
8179,179,9,1,Billing
8180,180,9,6,Billing
8181,181,9,4,Technical
8182,182,9,7,Billing
8183,183,9,6,Billing
8184,184,9,2,Technical
8185,185,9,3,Service
8186,186,9,1,Billing
8187,187,9,1,Technical
8188,188,9,4,Technical
8189,189,9,4,Technical
8190,190,9,3,Billing
8191,191,9,3,Service
8192,192,9,6,Service
8193,193,9,6,Billing
8194,194,9,8,Technical
8195,195,9,7,Service
8196,196,9,3,Service
8197,197,9,6,Technical
8198,198,9,8,Billing
8199,199,9,8,Technical
8200,200,9,4,Technical
8201,201,9,5,Billing
8202,202,9,1,Service
8203,203,9,8,Billing
8204,204,9,2,Service
8205,205,9,5,Service
8206,206,9,3,Billing
8207,207,9,5,Service
8208,208,9,4,Service
8209,209,9,3,Technical
8210,210,9,2,Technical
8211,211,9,7,Service
8212,212,9,7,Billing
8213,213,9,1,Billing
8214,214,9,6,Service
8215,215,9,5,Service
8216,216,9,3,Billing
8217,217,9,1,Technical
8218,218,9,2,Service
8219,219,9,4,Service
8220,220,9,4,Billing
8221,221,9,7,Technical
8222,222,9,6,Technical
8223,223,9,3,Service
8224,224,9,1,Technical
8225,225,9,5,Service
8226,226,9,6,Billing
8227,227,9,2,Technical
8228,228,9,4,Technical
8229,229,9,1,Technical
8230,230,9,1,Billing
8231,231,9,1,Billing
8232,232,9,2,Technical
8233,233,9,7,Billing
8234,234,9,6,Billing
8235,235,9,6,Billing
8236,236,9,4,Technical
8237,237,9,7,Technical
8238,238,9,5,Billing
8239,239,9,3,Billing
8240,240,9,4,Service
8241,241,9,8,Billing
8242,242,9,2,Billing
8243,243,9,8,Technical
8244,244,9,2,Service
8245,245,9,2,Technical
8246,246,9,1,Service
8247,247,9,3,Technical
8248,248,9,3,Billing
8249,249,9,5,Technical
8250,250,9,1,Technical
8251,251,9,2,Technical
8252,252,9,1,Technical
8253,253,9,7,Technical
8254,254,9,1,Service
8255,255,9,2,Technical
8256,256,9,5,Billing
8257,257,9,2,Billing
8258,258,9,2,Service
8259,259,9,3,Service
8260,260,9,7,Service
8261,261,9,2,Billing
8262,262,9,3,Technical
8263,263,9,3,Billing
8264,264,9,7,Technical
8265,265,9,4,Technical
8266,266,9,5,Service
8267,267,9,6,Technical
8268,268,9,2,Service
8269,269,9,5,Technical
8270,270,9,0,Billing
8271,271,9,7,Service
8272,272,9,5,Billing
8273,273,9,3,Billing
8274,274,9,6,Service
8275,275,9,4,Service
8276,276,9,1,Billing
8277,277,9,5,Service
8278,278,9,4,Technical
8279,279,9,3,Service
8280,280,9,3,Service
8281,281,9,7,Service
8282,282,9,1,Billing
8283,283,9,3,Billing
8284,284,9,5,Service
8285,285,9,3,Technical
8286,286,9,5,Technical
8287,287,9,6,Billing
8288,288,9,2,Technical
8289,289,9,1,Technical
8290,290,9,3,Service
8291,291,9,7,Technical
8292,292,9,4,Billing
8293,293,9,4,Technical
8294,294,9,10,Billing
8295,295,9,1,Billing
8296,296,9,6,Billing
8297,297,9,5,Billing
8298,298,9,4,Technical
8299,299,9,8,Service
8300,300,9,2,Technical
8301,301,9,5,Service
8302,302,9,2,Service
8303,303,9,4,Billing
8304,304,9,5,Billing
8305,305,9,1,Technical
8306,306,9,4,Technical
8307,307,9,3,Service
8308,308,9,8,Billing
8309,309,9,6,Billing
8310,310,9,7,Service
8311,311,9,1,Service
8312,312,9,6,Service
8313,313,9,4,Technical
8314,314,9,3,Service
8315,315,9,7,Billing
8316,316,9,3,Billing
8317,317,9,8,Technical
8318,318,9,2,Billing
8319,319,9,2,Billing
8320,320,9,8,Technical
8321,321,9,5,Billing
8322,322,9,4,Service
8323,323,9,5,Service
8324,324,9,0,Service
8325,325,9,3,Service
8326,326,9,2,Technical
8327,327,9,1,Billing
8328,328,9,1,Billing
8329,329,9,4,Technical
8330,330,9,8,Billing
8331,331,9,4,Service
8332,332,9,4,Billing
8333,333,9,7,Service
8334,334,9,4,Service
8335,335,9,1,Service
8336,336,9,8,Billing
8337,337,9,3,Service
8338,338,9,6,Service
8339,339,9,4,Billing
8340,340,9,8,Technical
8341,341,9,6,Technical
8342,342,9,4,Service
8343,343,9,1,Billing
8344,344,9,3,Technical
8345,345,9,3,Billing
8346,346,9,3,Technical
8347,347,9,3,Technical
8348,348,9,7,Technical
8349,349,9,2,Technical
8350,350,9,4,Service
8351,351,9,8,Billing
8352,352,9,7,Technical
8353,353,9,3,Billing
8354,354,9,0,Billing
8355,355,9,3,Technical
8356,356,9,9,Service
8357,357,9,5,Technical
8358,358,9,5,Technical
8359,359,9,7,Service
8360,360,9,5,Service
8361,361,9,8,Billing
8362,362,9,0,Service
8363,363,9,2,Technical
8364,364,9,5,Service
8365,365,9,1,Technical
8366,366,9,4,Billing
8367,367,9,4,Technical
8368,368,9,0,Technical
8369,369,9,2,Service
8370,370,9,2,Service
8371,371,9,7,Service
8372,372,9,1,Billing
8373,373,9,3,Service
8374,374,9,5,Technical
8375,375,9,3,Billing
8376,376,9,2,Technical
8377,377,9,2,Billing
8378,378,9,8,Service
8379,379,9,7,Technical
8380,380,9,5,Technical
8381,381,9,5,Billing
8382,382,9,2,Technical
8383,383,9,4,Billing
8384,384,9,7,Billing
8385,385,9,9,Billing
8386,386,9,4,Billing
8387,387,9,4,Technical
8388,388,9,3,Billing
8389,389,9,7,Service
8390,390,9,2,Billing
8391,391,9,7,Service
8392,392,9,11,Technical
8393,393,9,3,Technical
8394,394,9,4,Billing
8395,395,9,4,Billing
8396,396,9,3,Billing
8397,397,9,3,Service
8398,398,9,3,Service
8399,399,9,2,Technical
8400,400,9,5,Billing
8401,401,9,3,Billing
8402,402,9,1,Service
8403,403,9,4,Technical
8404,404,9,1,Service
8405,405,9,0,Billing
8406,406,9,5,Technical
8407,407,9,3,Billing
8408,408,9,6,Service
8409,409,9,2,Technical
8410,410,9,1,Billing
8411,411,9,7,Billing
8412,412,9,4,Technical
8413,413,9,1,Billing
8414,414,9,4,Technical
8415,415,9,5,Service
8416,416,9,7,Service
8417,417,9,5,Technical
8418,418,9,1,Technical
8419,419,9,3,Technical
8420,420,9,0,Billing
8421,421,9,10,Billing
8422,422,9,4,Technical
8423,423,9,3,Technical
8424,424,9,1,Technical
8425,425,9,3,Technical
8426,426,9,0,Technical
8427,427,9,4,Technical
8428,428,9,0,Billing
8429,429,9,6,Service
8430,430,9,5,Service
8431,431,9,2,Service
8432,432,9,2,Billing
8433,433,9,3,Billing
8434,434,9,5,Service
8435,435,9,11,Technical
8436,436,9,5,Service
8437,437,9,4,Billing
8438,438,9,5,Billing
8439,439,9,4,Billing
8440,440,9,5,Service
8441,441,9,4,Service
8442,442,9,7,Billing
8443,443,9,4,Technical
8444,444,9,6,Billing
8445,445,9,5,Technical
8446,446,9,6,Billing
8447,447,9,5,Billing
8448,448,9,4,Technical
8449,449,9,7,Technical
8450,450,9,2,Billing
8451,451,9,4,Billing
8452,452,9,2,Technical
8453,453,9,3,Billing
8454,454,9,4,Billing
8455,455,9,3,Billing
8456,456,9,4,Service
8457,457,9,1,Service
8458,458,9,2,Technical
8459,459,9,3,Technical
8460,460,9,3,Service
8461,461,9,3,Service
8462,462,9,2,Billing
8463,463,9,7,Billing
8464,464,9,7,Service
8465,465,9,4,Technical
8466,466,9,3,Technical
8467,467,9,3,Billing
8468,468,9,1,Technical
8469,469,9,4,Technical
8470,470,9,4,Billing
8471,471,9,4,Billing
8472,472,9,0,Billing
8473,473,9,3,Technical
8474,474,9,7,Technical
8475,475,9,3,Technical
8476,476,9,7,Billing
8477,477,9,2,Technical
8478,478,9,6,Technical
8479,479,9,1,Billing
8480,480,9,2,Technical
8481,481,9,4,Technical
8482,482,9,2,Billing
8483,483,9,3,Technical
8484,484,9,2,Billing
8485,485,9,2,Service
8486,486,9,6,Billing
8487,487,9,2,Service
8488,488,9,1,Technical
8489,489,9,4,Billing
8490,490,9,1,Service
8491,491,9,6,Service
8492,492,9,4,Billing
8493,493,9,2,Service
8494,494,9,4,Billing
8495,495,9,3,Technical
8496,496,9,4,Service
8497,497,9,10,Technical
8498,498,9,3,Billing
8499,499,9,2,Technical
8500,500,9,5,Service
8501,501,9,4,Technical
8502,502,9,9,Technical
8503,503,9,4,Service
8504,504,9,4,Billing
8505,505,9,2,Technical
8506,506,9,4,Billing
8507,507,9,6,Service
8508,508,9,7,Technical
8509,509,9,1,Billing
8510,510,9,4,Billing
8511,511,9,3,Technical
8512,512,9,7,Billing
8513,513,9,3,Service
8514,514,9,5,Billing
8515,515,9,4,Service
8516,516,9,2,Technical
8517,517,9,0,Billing
8518,518,9,7,Billing
8519,519,9,4,Billing
8520,520,9,3,Technical
8521,521,9,5,Billing
8522,522,9,5,Billing
8523,523,9,2,Service
8524,524,9,2,Billing
8525,525,9,5,Service
8526,526,9,7,Billing
8527,527,9,1,Billing
8528,528,9,5,Billing
8529,529,9,3,Technical
8530,530,9,5,Service
8531,531,9,4,Billing
8532,532,9,5,Technical
8533,533,9,4,Billing
8534,534,9,8,Billing
8535,535,9,7,Service
8536,536,9,3,Technical
8537,537,9,1,Technical
8538,538,9,7,Technical
8539,539,9,4,Billing
8540,540,9,3,Service
8541,541,9,4,Billing
8542,542,9,4,Technical
8543,543,9,4,Billing
8544,544,9,2,Billing
8545,545,9,3,Service
8546,546,9,8,Technical
8547,547,9,11,Service
8548,548,9,3,Billing
8549,549,9,5,Technical
8550,550,9,4,Billing
8551,551,9,0,Technical
8552,552,9,6,Technical
8553,553,9,1,Service
8554,554,9,3,Billing
8555,555,9,7,Technical
8556,556,9,8,Billing
8557,557,9,4,Technical
8558,558,9,4,Technical
8559,559,9,5,Billing
8560,560,9,5,Billing
8561,561,9,7,Technical
8562,562,9,3,Service
8563,563,9,2,Service
8564,564,9,7,Service
8565,565,9,4,Service
8566,566,9,4,Billing
8567,567,9,4,Billing
8568,568,9,1,Technical
8569,569,9,3,Technical
8570,570,9,2,Technical
8571,571,9,5,Service
8572,572,9,6,Technical
8573,573,9,7,Service
8574,574,9,3,Technical
8575,575,9,1,Service
8576,576,9,5,Service
8577,577,9,2,Service
8578,578,9,7,Technical
8579,579,9,2,Service
8580,580,9,3,Technical
8581,581,9,3,Billing
8582,582,9,3,Technical
8583,583,9,5,Service
8584,584,9,2,Technical
8585,585,9,2,Service
8586,586,9,4,Billing
8587,587,9,9,Service
8588,588,9,7,Technical
8589,589,9,3,Technical
8590,590,9,5,Technical
8591,591,9,8,Service
8592,592,9,1,Technical
8593,593,9,5,Technical
8594,594,9,5,Billing
8595,595,9,4,Service
8596,596,9,2,Billing
8597,597,9,3,Technical
8598,598,9,3,Service
8599,599,9,2,Technical
8600,600,9,7,Billing
8601,601,9,6,Billing
8602,602,9,5,Technical
8603,603,9,2,Billing
8604,604,9,7,Billing
8605,605,9,4,Service
8606,606,9,2,Technical
8607,607,9,2,Service
8608,608,9,2,Technical
8609,609,9,0,Technical
8610,610,9,5,Billing
8611,611,9,2,Service
8612,612,9,2,Service
8613,613,9,4,Service
8614,614,9,2,Technical
8615,615,9,4,Technical
8616,616,9,2,Billing
8617,617,9,4,Technical
8618,618,9,1,Billing
8619,619,9,2,Technical
8620,620,9,2,Service
8621,621,9,1,Billing
8622,622,9,3,Technical
8623,623,9,4,Service
8624,624,9,4,Technical
8625,625,9,8,Technical
8626,626,9,6,Service
8627,627,9,4,Service
8628,628,9,6,Billing
8629,629,9,8,Billing
8630,630,9,5,Billing
8631,631,9,7,Technical
8632,632,9,6,Billing
8633,633,9,5,Billing
8634,634,9,3,Service
8635,635,9,5,Technical
8636,636,9,4,Service
8637,637,9,6,Service
8638,638,9,1,Service
8639,639,9,3,Technical
8640,640,9,4,Billing
8641,641,9,4,Service
8642,642,9,4,Technical
8643,643,9,6,Billing
8644,644,9,5,Technical
8645,645,9,3,Service
8646,646,9,2,Billing
8647,647,9,7,Technical
8648,648,9,1,Technical
8649,649,9,8,Service
8650,650,9,7,Technical
8651,651,9,3,Technical
8652,652,9,3,Technical
8653,653,9,5,Billing
8654,654,9,2,Billing
8655,655,9,4,Technical
8656,656,9,2,Billing
8657,657,9,1,Billing
8658,658,9,0,Billing
8659,659,9,5,Technical
8660,660,9,2,Billing
8661,661,9,2,Technical
8662,662,9,6,Technical
8663,663,9,5,Billing
8664,664,9,3,Billing
8665,665,9,3,Billing
8666,666,9,4,Service
8667,667,9,7,Technical
8668,668,9,5,Technical
8669,669,9,2,Billing
8670,670,9,4,Technical
8671,671,9,1,Billing
8672,672,9,3,Technical
8673,673,9,5,Billing
8674,674,9,2,Technical
8675,675,9,1,Technical
8676,676,9,1,Service
8677,677,9,5,Technical
8678,678,9,3,Service
8679,679,9,5,Service
8680,680,9,1,Service
8681,681,9,2,Service
8682,682,9,5,Technical
8683,683,9,8,Technical
8684,684,9,2,Billing
8685,685,9,7,Billing
8686,686,9,7,Technical
8687,687,9,6,Technical
8688,688,9,5,Billing
8689,689,9,1,Technical
8690,690,9,3,Technical
8691,691,9,5,Technical
8692,692,9,2,Billing
8693,693,9,6,Service
8694,694,9,0,Billing
8695,695,9,3,Billing
8696,696,9,4,Technical
8697,697,9,3,Billing
8698,698,9,2,Service
8699,699,9,1,Service
8700,700,9,3,Billing
8701,701,9,3,Technical
8702,702,9,2,Technical
8703,703,9,4,Technical
8704,704,9,2,Technical
8705,705,9,1,Technical
8706,706,9,2,Billing
8707,707,9,7,Billing
8708,708,9,6,Technical
8709,709,9,1,Technical
8710,710,9,2,Technical
8711,711,9,2,Billing
8712,712,9,2,Service
8713,713,9,4,Billing
8714,714,9,3,Technical
8715,715,9,2,Technical
8716,716,9,5,Service
8717,717,9,5,Service
8718,718,9,3,Billing
8719,719,9,2,Technical
8720,720,9,5,Billing
8721,721,9,1,Service
8722,722,9,6,Technical
8723,723,9,8,Technical
8724,724,9,3,Billing
8725,725,9,7,Technical
8726,726,9,5,Billing
8727,727,9,8,Technical
8728,728,9,5,Billing
8729,729,9,6,Technical
8730,730,9,2,Service
8731,731,9,5,Billing
8732,732,9,4,Billing
8733,733,9,3,Technical
8734,734,9,3,Billing
8735,735,9,6,Billing
8736,736,9,3,Billing
8737,737,9,9,Technical
8738,738,9,4,Billing
8739,739,9,6,Service
8740,740,9,3,Technical
8741,741,9,8,Billing
8742,742,9,9,Technical
8743,743,9,0,Technical
8744,744,9,4,Billing
8745,745,9,2,Billing
8746,746,9,7,Billing
8747,747,9,2,Technical
8748,748,9,3,Service
8749,749,9,4,Technical
8750,750,9,3,Billing
8751,751,9,6,Service
8752,752,9,4,Service
8753,753,9,2,Technical
8754,754,9,5,Billing
8755,755,9,4,Technical
8756,756,9,3,Technical
8757,757,9,8,Technical
8758,758,9,8,Technical
8759,759,9,6,Technical
8760,760,9,2,Billing
8761,761,9,2,Technical
8762,762,9,6,Service
8763,763,9,3,Billing
8764,764,9,2,Service
8765,765,9,7,Technical
8766,766,9,3,Technical
8767,767,9,3,Technical
8768,768,9,4,Service
8769,769,9,3,Billing
8770,770,9,3,Technical
8771,771,9,3,Service
8772,772,9,8,Billing
8773,773,9,4,Billing
8774,774,9,3,Service
8775,775,9,2,Billing
8776,776,9,3,Service
8777,777,9,4,Technical
8778,778,9,9,Billing
8779,779,9,5,Technical
8780,780,9,4,Service
8781,781,9,6,Billing
8782,782,9,7,Technical
8783,783,9,5,Service
8784,784,9,6,Technical
8785,785,9,4,Billing
8786,786,9,6,Service
8787,787,9,2,Technical
8788,788,9,3,Billing
8789,789,9,5,Billing
8790,790,9,3,Billing
8791,791,9,3,Billing
8792,792,9,6,Billing
8793,793,9,3,Billing
8794,794,9,3,Service
8795,795,9,1,Billing
8796,796,9,1,Billing
8797,797,9,1,Service
8798,798,9,5,Technical
8799,799,9,0,Service
8800,800,9,3,Billing
8801,801,9,4,Technical
8802,802,9,3,Billing
8803,803,9,2,Technical
8804,804,9,4,Billing
8805,805,9,2,Billing
8806,806,9,2,Billing
8807,807,9,1,Billing
8808,808,9,4,Billing
8809,809,9,1,Billing
8810,810,9,7,Billing
8811,811,9,4,Technical
8812,812,9,3,Billing
8813,813,9,3,Technical
8814,814,9,4,Billing
8815,815,9,2,Billing
8816,816,9,1,Technical
8817,817,9,8,Technical
8818,818,9,10,Technical
8819,819,9,6,Service
8820,820,9,2,Technical
8821,821,9,2,Service
8822,822,9,0,Service
8823,823,9,3,Service
8824,824,9,4,Technical
8825,825,9,5,Billing
8826,826,9,1,Billing
8827,827,9,4,Service
8828,828,9,5,Billing
8829,829,9,4,Technical
8830,830,9,3,Technical
8831,831,9,4,Billing
8832,832,9,5,Billing
8833,833,9,4,Technical
8834,834,9,2,Technical
8835,835,9,8,Service
8836,836,9,2,Billing
8837,837,9,5,Billing
8838,838,9,4,Service
8839,839,9,4,Technical
8840,840,9,2,Billing
8841,841,9,2,Billing
8842,842,9,5,Technical
8843,843,9,2,Billing
8844,844,9,4,Technical
8845,845,9,6,Service
8846,846,9,3,Billing
8847,847,9,2,Technical
8848,848,9,5,Billing
8849,849,9,1,Billing
8850,850,9,5,Service
8851,851,9,5,Billing
8852,852,9,5,Service
8853,853,9,5,Technical
8854,854,9,3,Billing
8855,855,9,5,Service
8856,856,9,3,Billing
8857,857,9,5,Service
8858,858,9,4,Technical
8859,859,9,5,Technical
8860,860,9,2,Billing
8861,861,9,3,Service
8862,862,9,4,Billing
8863,863,9,5,Billing
8864,864,9,6,Technical
8865,865,9,6,Service
8866,866,9,4,Technical
8867,867,9,3,Technical
8868,868,9,5,Service
8869,869,9,4,Technical
8870,870,9,6,Billing
8871,871,9,4,Technical
8872,872,9,6,Service
8873,873,9,5,Billing
8874,874,9,5,Billing
8875,875,9,7,Billing
8876,876,9,7,Billing
8877,877,9,2,Technical
8878,878,9,2,Technical
8879,879,9,5,Service
8880,880,9,4,Billing
8881,881,9,1,Billing
8882,882,9,4,Service
8883,883,9,5,Service
8884,884,9,3,Billing
8885,885,9,4,Service
8886,886,9,9,Technical
8887,887,9,4,Billing
8888,888,9,7,Technical
8889,889,9,2,Billing
8890,890,9,1,Billing
8891,891,9,10,Technical
8892,892,9,1,Billing
8893,893,9,3,Technical
8894,894,9,9,Billing
8895,895,9,3,Technical
8896,896,9,2,Technical
8897,897,9,5,Service
8898,898,9,6,Service
8899,899,9,7,Technical
8900,900,9,4,Billing
8901,901,9,2,Billing
8902,902,9,7,Technical
8903,903,9,2,Technical
8904,904,9,2,Billing
8905,905,9,3,Technical
8906,906,9,6,Billing
8907,907,9,6,Service
8908,908,9,3,Billing
8909,909,9,3,Technical
8910,910,9,5,Billing
8911,911,9,1,Service
8912,912,9,3,Technical
8913,913,9,3,Technical
8914,914,9,4,Billing
8915,915,9,5,Billing
8916,916,9,1,Service
8917,917,9,5,Billing
8918,918,9,4,Billing
8919,919,9,3,Technical
8920,920,9,4,Service
8921,921,9,0,Billing
8922,922,9,5,Technical
8923,923,9,7,Technical
8924,924,9,2,Technical
8925,925,9,4,Technical
8926,926,9,10,Billing
8927,927,9,0,Technical
8928,928,9,3,Billing
8929,929,9,5,Billing
8930,930,9,4,Service
8931,931,9,2,Technical
8932,932,9,4,Billing
8933,933,9,4,Service
8934,934,9,5,Billing
8935,935,9,2,Service
8936,936,9,1,Billing
8937,937,9,4,Billing
8938,938,9,3,Service
8939,939,9,4,Billing
8940,940,9,5,Service
8941,941,9,7,Billing
8942,942,9,2,Service
8943,943,9,5,Billing
8944,944,9,3,Service
8945,945,9,4,Service
8946,946,9,4,Billing
8947,947,9,6,Technical
8948,948,9,8,Technical
8949,949,9,4,Billing
8950,950,9,2,Technical
8951,951,9,2,Service
8952,952,9,3,Billing
8953,953,9,2,Billing
8954,954,9,5,Service
8955,955,9,5,Technical
8956,956,9,2,Technical
8957,957,9,4,Technical
8958,958,9,5,Technical
8959,959,9,3,Service
8960,960,9,2,Service
8961,961,9,1,Technical
8962,962,9,2,Billing
8963,963,9,4,Billing
8964,964,9,2,Billing
8965,965,9,1,Technical
8966,966,9,5,Billing
8967,967,9,0,Billing
8968,968,9,8,Technical
8969,969,9,2,Service
8970,970,9,1,Service
8971,971,9,4,Billing
8972,972,9,4,Technical
8973,973,9,4,Service
8974,974,9,4,Billing
8975,975,9,7,Technical
8976,976,9,7,Service
8977,977,9,6,Billing
8978,978,9,7,Billing
8979,979,9,4,Billing
8980,980,9,5,Billing
8981,981,9,4,Service
8982,982,9,4,Billing
8983,983,9,2,Billing
8984,984,9,4,Technical
8985,985,9,4,Technical
8986,986,9,4,Billing
8987,987,9,2,Billing
8988,988,9,3,Technical
8989,989,9,4,Technical
8990,990,9,5,Technical
8991,991,9,3,Service
8992,992,9,5,Technical
8993,993,9,5,Billing
8994,994,9,5,Technical
8995,995,9,3,Technical
8996,996,9,3,Technical
8997,997,9,4,Service
8998,998,9,4,Billing
8999,999,9,5,Billing
9000,1000,9,4,Service
9001,1,10,2,Billing
9002,2,10,4,Service
9003,3,10,1,Technical
9004,4,10,3,Service
9005,5,10,9,Technical
9006,6,10,2,Technical
9007,7,10,4,Technical
9008,8,10,4,Technical
9009,9,10,4,Technical
9010,10,10,2,Technical
9011,11,10,1,Billing
9012,12,10,1,Billing
9013,13,10,2,Technical
9014,14,10,1,Technical
9015,15,10,6,Service
9016,16,10,3,Technical
9017,17,10,4,Billing
9018,18,10,4,Technical
9019,19,10,3,Service
9020,20,10,2,Technical
9021,21,10,2,Billing
9022,22,10,2,Technical
9023,23,10,2,Technical
9024,24,10,3,Billing
9025,25,10,5,Service
9026,26,10,5,Technical
9027,27,10,4,Technical
9028,28,10,7,Service
9029,29,10,3,Technical
9030,30,10,5,Billing
9031,31,10,0,Billing
9032,32,10,2,Technical
9033,33,10,9,Technical
9034,34,10,8,Technical
9035,35,10,4,Service
9036,36,10,6,Service
9037,37,10,7,Technical
9038,38,10,2,Service
9039,39,10,2,Technical
9040,40,10,3,Billing
9041,41,10,3,Service
9042,42,10,7,Service
9043,43,10,3,Technical
9044,44,10,3,Billing
9045,45,10,5,Service
9046,46,10,5,Billing
9047,47,10,5,Technical
9048,48,10,1,Billing
9049,49,10,1,Billing
9050,50,10,8,Service
9051,51,10,1,Billing
9052,52,10,0,Service
9053,53,10,6,Technical
9054,54,10,2,Billing
9055,55,10,1,Billing
9056,56,10,6,Technical
9057,57,10,4,Technical
9058,58,10,2,Service
9059,59,10,3,Billing
9060,60,10,4,Technical
9061,61,10,3,Technical
9062,62,10,8,Technical
9063,63,10,3,Technical
9064,64,10,2,Technical
9065,65,10,5,Billing
9066,66,10,1,Service
9067,67,10,5,Service
9068,68,10,4,Service
9069,69,10,3,Technical
9070,70,10,5,Billing
9071,71,10,3,Service
9072,72,10,5,Service
9073,73,10,7,Billing
9074,74,10,1,Technical
9075,75,10,4,Technical
9076,76,10,1,Billing
9077,77,10,4,Technical
9078,78,10,5,Billing
9079,79,10,6,Billing
9080,80,10,5,Technical
9081,81,10,4,Technical
9082,82,10,2,Billing
9083,83,10,3,Service
9084,84,10,3,Billing
9085,85,10,7,Service
9086,86,10,5,Billing
9087,87,10,6,Billing
9088,88,10,4,Technical
9089,89,10,3,Billing
9090,90,10,7,Technical
9091,91,10,2,Billing
9092,92,10,2,Service
9093,93,10,3,Technical
9094,94,10,3,Billing
9095,95,10,6,Technical
9096,96,10,8,Service
9097,97,10,4,Technical
9098,98,10,4,Billing
9099,99,10,3,Technical
9100,100,10,4,Service
9101,101,10,4,Billing
9102,102,10,7,Technical
9103,103,10,6,Billing
9104,104,10,3,Billing
9105,105,10,4,Billing
9106,106,10,4,Billing
9107,107,10,4,Billing
9108,108,10,2,Technical
9109,109,10,4,Technical
9110,110,10,8,Billing
9111,111,10,6,Technical
9112,112,10,3,Billing
9113,113,10,5,Billing
9114,114,10,7,Service
9115,115,10,5,Technical
9116,116,10,3,Billing
9117,117,10,7,Service
9118,118,10,5,Technical
9119,119,10,4,Technical
9120,120,10,8,Service
9121,121,10,5,Billing
9122,122,10,5,Service
9123,123,10,2,Technical
9124,124,10,3,Technical
9125,125,10,1,Billing
9126,126,10,2,Billing
9127,127,10,4,Technical
9128,128,10,3,Service
9129,129,10,1,Technical
9130,130,10,7,Billing
9131,131,10,6,Technical
9132,132,10,3,Service
9133,133,10,7,Technical
9134,134,10,3,Billing
9135,135,10,2,Technical
9136,136,10,6,Service
9137,137,10,5,Technical
9138,138,10,5,Billing
9139,139,10,1,Service
9140,140,10,4,Service
9141,141,10,4,Service
9142,142,10,1,Billing
9143,143,10,2,Service
9144,144,10,7,Service
9145,145,10,7,Service
9146,146,10,5,Technical
9147,147,10,5,Service
9148,148,10,3,Technical
9149,149,10,1,Billing
9150,150,10,2,Service
9151,151,10,7,Technical
9152,152,10,5,Billing
9153,153,10,2,Service
9154,154,10,4,Technical
9155,155,10,5,Service
9156,156,10,4,Service
9157,157,10,5,Billing
9158,158,10,4,Service
9159,159,10,3,Billing
9160,160,10,4,Service
9161,161,10,5,Technical
9162,162,10,3,Technical
9163,163,10,3,Service
9164,164,10,3,Technical
9165,165,10,1,Billing
9166,166,10,5,Billing
9167,167,10,2,Billing
9168,168,10,3,Technical
9169,169,10,1,Billing
9170,170,10,6,Service
9171,171,10,9,Billing
9172,172,10,1,Technical
9173,173,10,6,Billing
9174,174,10,5,Technical
9175,175,10,7,Service
9176,176,10,3,Billing
9177,177,10,3,Service
9178,178,10,5,Technical
9179,179,10,2,Service
9180,180,10,3,Service
9181,181,10,4,Technical
9182,182,10,6,Billing
9183,183,10,3,Billing
9184,184,10,8,Billing
9185,185,10,6,Service
9186,186,10,7,Billing
9187,187,10,8,Technical
9188,188,10,5,Technical
9189,189,10,5,Billing
9190,190,10,2,Billing
9191,191,10,5,Service
9192,192,10,4,Billing
9193,193,10,4,Technical
9194,194,10,3,Technical
9195,195,10,7,Technical
9196,196,10,7,Service
9197,197,10,1,Billing
9198,198,10,4,Technical
9199,199,10,5,Technical
9200,200,10,4,Service
9201,201,10,1,Technical
9202,202,10,6,Billing
9203,203,10,1,Technical
9204,204,10,3,Billing
9205,205,10,2,Billing
9206,206,10,4,Billing
9207,207,10,6,Service
9208,208,10,1,Technical
9209,209,10,6,Technical
9210,210,10,5,Billing
9211,211,10,5,Service
9212,212,10,7,Billing
9213,213,10,6,Service
9214,214,10,5,Technical
9215,215,10,3,Billing
9216,216,10,1,Billing
9217,217,10,3,Technical
9218,218,10,3,Billing
9219,219,10,3,Billing
9220,220,10,3,Billing
9221,221,10,7,Billing
9222,222,10,7,Billing
9223,223,10,3,Billing
9224,224,10,2,Billing
9225,225,10,5,Billing
9226,226,10,8,Billing
9227,227,10,5,Technical
9228,228,10,4,Service
9229,229,10,7,Technical
9230,230,10,4,Technical
9231,231,10,2,Technical
9232,232,10,2,Technical
9233,233,10,4,Technical
9234,234,10,3,Billing
9235,235,10,4,Billing
9236,236,10,5,Service
9237,237,10,6,Billing
9238,238,10,1,Billing
9239,239,10,3,Billing
9240,240,10,4,Billing
9241,241,10,5,Service
9242,242,10,1,Technical
9243,243,10,4,Billing
9244,244,10,4,Technical
9245,245,10,2,Billing
9246,246,10,2,Billing
9247,247,10,5,Billing
9248,248,10,3,Technical
9249,249,10,7,Service
9250,250,10,2,Billing
9251,251,10,1,Technical
9252,252,10,4,Technical
9253,253,10,6,Billing
9254,254,10,5,Billing
9255,255,10,6,Service
9256,256,10,7,Service
9257,257,10,2,Service
9258,258,10,7,Technical
9259,259,10,6,Billing
9260,260,10,0,Billing
9261,261,10,1,Service
9262,262,10,3,Service
9263,263,10,3,Billing
9264,264,10,4,Technical
9265,265,10,5,Technical
9266,266,10,4,Billing
9267,267,10,5,Technical
9268,268,10,3,Billing
9269,269,10,2,Service
9270,270,10,3,Billing
9271,271,10,6,Technical
9272,272,10,2,Billing
9273,273,10,7,Billing
9274,274,10,4,Service
9275,275,10,2,Billing
9276,276,10,6,Technical
9277,277,10,3,Billing
9278,278,10,9,Service
9279,279,10,1,Service
9280,280,10,3,Billing
9281,281,10,4,Technical
9282,282,10,4,Billing
9283,283,10,5,Billing
9284,284,10,6,Service
9285,285,10,2,Technical
9286,286,10,2,Billing
9287,287,10,3,Billing
9288,288,10,2,Technical
9289,289,10,4,Service
9290,290,10,7,Billing
9291,291,10,3,Billing
9292,292,10,5,Billing
9293,293,10,2,Billing
9294,294,10,4,Billing
9295,295,10,5,Billing
9296,296,10,2,Technical
9297,297,10,2,Service
9298,298,10,5,Service
9299,299,10,5,Billing
9300,300,10,2,Service
9301,301,10,5,Billing
9302,302,10,3,Billing
9303,303,10,5,Technical
9304,304,10,5,Service
9305,305,10,2,Service
9306,306,10,1,Technical
9307,307,10,5,Service
9308,308,10,2,Technical
9309,309,10,7,Technical
9310,310,10,2,Technical
9311,311,10,3,Billing
9312,312,10,7,Service
9313,313,10,4,Technical
9314,314,10,2,Technical
9315,315,10,6,Technical
9316,316,10,2,Billing
9317,317,10,1,Billing
9318,318,10,4,Technical
9319,319,10,5,Service
9320,320,10,5,Service
9321,321,10,2,Service
9322,322,10,0,Technical
9323,323,10,5,Billing
9324,324,10,3,Technical
9325,325,10,3,Technical
9326,326,10,2,Billing
9327,327,10,2,Billing
9328,328,10,2,Technical
9329,329,10,3,Technical
9330,330,10,2,Service
9331,331,10,4,Technical
9332,332,10,5,Billing
9333,333,10,1,Technical
9334,334,10,6,Billing
9335,335,10,4,Service
9336,336,10,4,Technical
9337,337,10,9,Service
9338,338,10,4,Billing
9339,339,10,3,Billing
9340,340,10,2,Technical
9341,341,10,4,Billing
9342,342,10,3,Billing
9343,343,10,4,Service
9344,344,10,2,Service
9345,345,10,4,Billing
9346,346,10,5,Service
9347,347,10,1,Service
9348,348,10,7,Billing
9349,349,10,3,Billing
9350,350,10,2,Service
9351,351,10,3,Technical
9352,352,10,3,Technical
9353,353,10,8,Technical
9354,354,10,4,Technical
9355,355,10,3,Billing
9356,356,10,3,Billing
9357,357,10,1,Billing
9358,358,10,1,Service
9359,359,10,4,Service
9360,360,10,5,Service
9361,361,10,2,Technical
9362,362,10,3,Technical
9363,363,10,3,Technical
9364,364,10,3,Technical
9365,365,10,4,Service
9366,366,10,3,Technical
9367,367,10,4,Technical
9368,368,10,2,Technical
9369,369,10,5,Technical
9370,370,10,2,Service
9371,371,10,4,Technical
9372,372,10,3,Service
9373,373,10,7,Billing
9374,374,10,6,Technical
9375,375,10,0,Technical
9376,376,10,4,Technical
9377,377,10,5,Billing
9378,378,10,9,Service
9379,379,10,4,Billing
9380,380,10,1,Service
9381,381,10,3,Billing
9382,382,10,4,Billing
9383,383,10,3,Technical
9384,384,10,6,Billing
9385,385,10,8,Billing
9386,386,10,5,Billing
9387,387,10,5,Billing
9388,388,10,2,Billing
9389,389,10,8,Service
9390,390,10,2,Billing
9391,391,10,5,Billing
9392,392,10,2,Billing
9393,393,10,2,Technical
9394,394,10,9,Service
9395,395,10,6,Service
9396,396,10,3,Technical
9397,397,10,9,Billing
9398,398,10,4,Service
9399,399,10,4,Service
9400,400,10,2,Technical
9401,401,10,6,Technical
9402,402,10,2,Technical
9403,403,10,3,Technical
9404,404,10,5,Service
9405,405,10,4,Service
9406,406,10,5,Service
9407,407,10,2,Service
9408,408,10,3,Billing
9409,409,10,0,Technical
9410,410,10,5,Billing
9411,411,10,4,Service
9412,412,10,7,Billing
9413,413,10,3,Billing
9414,414,10,4,Billing
9415,415,10,3,Billing
9416,416,10,5,Technical
9417,417,10,2,Billing
9418,418,10,5,Technical
9419,419,10,6,Billing
9420,420,10,3,Service
9421,421,10,3,Technical
9422,422,10,10,Billing
9423,423,10,0,Technical
9424,424,10,0,Service
9425,425,10,2,Service
9426,426,10,4,Billing
9427,427,10,7,Billing
9428,428,10,3,Service
9429,429,10,5,Service
9430,430,10,1,Billing
9431,431,10,2,Billing
9432,432,10,4,Technical
9433,433,10,1,Technical
9434,434,10,0,Technical
9435,435,10,1,Service
9436,436,10,3,Service
9437,437,10,4,Billing
9438,438,10,4,Billing
9439,439,10,1,Technical
9440,440,10,4,Technical
9441,441,10,3,Technical
9442,442,10,7,Billing
9443,443,10,7,Billing
9444,444,10,2,Technical
9445,445,10,6,Service
9446,446,10,6,Technical
9447,447,10,4,Service
9448,448,10,8,Technical
9449,449,10,6,Technical
9450,450,10,10,Technical
9451,451,10,3,Technical
9452,452,10,8,Service
9453,453,10,5,Technical
9454,454,10,4,Service
9455,455,10,8,Technical
9456,456,10,8,Technical
9457,457,10,1,Technical
9458,458,10,0,Billing
9459,459,10,4,Technical
9460,460,10,3,Technical
9461,461,10,5,Billing
9462,462,10,4,Billing
9463,463,10,2,Billing
9464,464,10,8,Technical
9465,465,10,3,Technical
9466,466,10,2,Technical
9467,467,10,4,Technical
9468,468,10,2,Technical
9469,469,10,6,Technical
9470,470,10,1,Technical
9471,471,10,4,Service
9472,472,10,4,Technical
9473,473,10,5,Service
9474,474,10,8,Billing
9475,475,10,5,Billing
9476,476,10,0,Service
9477,477,10,4,Service
9478,478,10,3,Service
9479,479,10,3,Technical
9480,480,10,4,Technical
9481,481,10,4,Billing
9482,482,10,2,Billing
9483,483,10,2,Billing
9484,484,10,5,Service
9485,485,10,5,Billing
9486,486,10,5,Billing
9487,487,10,2,Service
9488,488,10,6,Service
9489,489,10,7,Billing
9490,490,10,4,Billing
9491,491,10,5,Service
9492,492,10,3,Billing
9493,493,10,7,Billing
9494,494,10,2,Billing
9495,495,10,6,Service
9496,496,10,1,Billing
9497,497,10,2,Billing
9498,498,10,1,Technical
9499,499,10,1,Technical
9500,500,10,8,Billing
9501,501,10,4,Technical
9502,502,10,7,Technical
9503,503,10,4,Billing
9504,504,10,4,Technical
9505,505,10,3,Billing
9506,506,10,5,Billing
9507,507,10,1,Billing
9508,508,10,4,Billing
9509,509,10,6,Billing
9510,510,10,3,Service
9511,511,10,1,Billing
9512,512,10,1,Technical
9513,513,10,9,Service
9514,514,10,6,Technical
9515,515,10,4,Technical
9516,516,10,2,Technical
9517,517,10,1,Service
9518,518,10,4,Service
9519,519,10,2,Service
9520,520,10,5,Billing
9521,521,10,5,Technical
9522,522,10,7,Technical
9523,523,10,0,Service
9524,524,10,5,Billing
9525,525,10,2,Technical
9526,526,10,9,Billing
9527,527,10,10,Billing
9528,528,10,8,Service
9529,529,10,5,Technical
9530,530,10,5,Billing
9531,531,10,5,Technical
9532,532,10,3,Technical
9533,533,10,6,Technical
9534,534,10,5,Billing
9535,535,10,4,Billing
9536,536,10,3,Technical
9537,537,10,7,Technical
9538,538,10,5,Billing
9539,539,10,7,Billing
9540,540,10,3,Technical
9541,541,10,2,Technical
9542,542,10,5,Billing
9543,543,10,5,Service
9544,544,10,4,Billing
9545,545,10,7,Billing
9546,546,10,6,Billing
9547,547,10,4,Billing
9548,548,10,3,Billing
9549,549,10,3,Service
9550,550,10,9,Technical
9551,551,10,3,Billing
9552,552,10,4,Service
9553,553,10,1,Technical
9554,554,10,5,Technical
9555,555,10,3,Technical
9556,556,10,12,Billing
9557,557,10,1,Technical
9558,558,10,5,Service
9559,559,10,2,Billing
9560,560,10,5,Technical
9561,561,10,1,Technical
9562,562,10,4,Technical
9563,563,10,3,Billing
9564,564,10,3,Technical
9565,565,10,1,Technical
9566,566,10,3,Technical
9567,567,10,8,Billing
9568,568,10,3,Technical
9569,569,10,7,Billing
9570,570,10,3,Technical
9571,571,10,2,Billing
9572,572,10,5,Billing
9573,573,10,5,Service
9574,574,10,5,Technical
9575,575,10,3,Billing
9576,576,10,6,Billing
9577,577,10,4,Technical
9578,578,10,3,Technical
9579,579,10,2,Service
9580,580,10,5,Technical
9581,581,10,5,Technical
9582,582,10,3,Technical
9583,583,10,3,Technical
9584,584,10,5,Billing
9585,585,10,3,Technical
9586,586,10,4,Service
9587,587,10,3,Service
9588,588,10,7,Billing
9589,589,10,7,Billing
9590,590,10,8,Service
9591,591,10,6,Service
9592,592,10,6,Technical
9593,593,10,4,Technical
9594,594,10,2,Technical
9595,595,10,2,Billing
9596,596,10,5,Technical
9597,597,10,2,Technical
9598,598,10,2,Technical
9599,599,10,3,Technical
9600,600,10,5,Billing
9601,601,10,3,Billing
9602,602,10,3,Technical
9603,603,10,7,Service
9604,604,10,0,Technical
9605,605,10,2,Billing
9606,606,10,0,Technical
9607,607,10,2,Service
9608,608,10,3,Technical
9609,609,10,2,Billing
9610,610,10,5,Billing
9611,611,10,1,Technical
9612,612,10,6,Service
9613,613,10,5,Billing
9614,614,10,2,Billing
9615,615,10,5,Billing
9616,616,10,9,Service
9617,617,10,4,Billing
9618,618,10,3,Billing
9619,619,10,3,Billing
9620,620,10,1,Billing
9621,621,10,3,Billing
9622,622,10,7,Billing
9623,623,10,4,Billing
9624,624,10,3,Technical
9625,625,10,5,Billing
9626,626,10,1,Technical
9627,627,10,5,Billing
9628,628,10,4,Service
9629,629,10,2,Billing
9630,630,10,5,Billing
9631,631,10,9,Technical
9632,632,10,7,Billing
9633,633,10,6,Technical
9634,634,10,7,Billing
9635,635,10,2,Billing
9636,636,10,4,Service
9637,637,10,3,Billing
9638,638,10,4,Service
9639,639,10,1,Billing
9640,640,10,10,Billing
9641,641,10,4,Service
9642,642,10,5,Technical
9643,643,10,0,Billing
9644,644,10,6,Billing
9645,645,10,4,Technical
9646,646,10,3,Technical
9647,647,10,7,Technical
9648,648,10,1,Technical
9649,649,10,5,Billing
9650,650,10,9,Technical
9651,651,10,4,Technical
9652,652,10,1,Technical
9653,653,10,2,Technical
9654,654,10,4,Billing
9655,655,10,5,Technical
9656,656,10,3,Technical
9657,657,10,5,Technical
9658,658,10,2,Service
9659,659,10,4,Billing
9660,660,10,4,Service
9661,661,10,2,Billing
9662,662,10,7,Service
9663,663,10,5,Billing
9664,664,10,5,Service
9665,665,10,6,Billing
9666,666,10,3,Technical
9667,667,10,2,Technical
9668,668,10,2,Technical
9669,669,10,1,Technical
9670,670,10,10,Technical
9671,671,10,0,Service
9672,672,10,3,Billing
9673,673,10,6,Technical
9674,674,10,2,Technical
9675,675,10,2,Service
9676,676,10,5,Service
9677,677,10,4,Service
9678,678,10,5,Technical
9679,679,10,3,Technical
9680,680,10,1,Billing
9681,681,10,1,Billing
9682,682,10,2,Billing
9683,683,10,2,Technical
9684,684,10,4,Service
9685,685,10,8,Technical
9686,686,10,2,Technical
9687,687,10,5,Technical
9688,688,10,1,Technical
9689,689,10,3,Technical
9690,690,10,4,Billing
9691,691,10,2,Technical
9692,692,10,7,Service
9693,693,10,4,Billing
9694,694,10,2,Billing
9695,695,10,2,Technical
9696,696,10,1,Billing
9697,697,10,7,Technical
9698,698,10,4,Service
9699,699,10,1,Billing
9700,700,10,3,Billing
9701,701,10,3,Service
9702,702,10,3,Billing
9703,703,10,5,Technical
9704,704,10,1,Service
9705,705,10,3,Service
9706,706,10,2,Service
9707,707,10,3,Technical
9708,708,10,7,Service
9709,709,10,4,Technical
9710,710,10,10,Technical
9711,711,10,7,Service
9712,712,10,4,Service
9713,713,10,5,Billing
9714,714,10,6,Technical
9715,715,10,3,Technical
9716,716,10,7,Billing
9717,717,10,3,Technical
9718,718,10,6,Technical
9719,719,10,7,Technical
9720,720,10,4,Service
9721,721,10,4,Service
9722,722,10,6,Technical
9723,723,10,6,Technical
9724,724,10,1,Service
9725,725,10,3,Technical
9726,726,10,5,Technical
9727,727,10,9,Service
9728,728,10,4,Billing
9729,729,10,10,Technical
9730,730,10,3,Billing
9731,731,10,6,Technical
9732,732,10,5,Service
9733,733,10,6,Technical
9734,734,10,1,Technical
9735,735,10,4,Service
9736,736,10,3,Technical
9737,737,10,2,Service
9738,738,10,5,Service
9739,739,10,2,Service
9740,740,10,0,Service
9741,741,10,3,Billing
9742,742,10,3,Billing
9743,743,10,2,Technical
9744,744,10,4,Billing
9745,745,10,2,Technical
9746,746,10,6,Technical
9747,747,10,2,Billing
9748,748,10,4,Service
9749,749,10,4,Billing
9750,750,10,3,Technical
9751,751,10,2,Technical
9752,752,10,2,Technical
9753,753,10,10,Billing
9754,754,10,0,Technical
9755,755,10,5,Service
9756,756,10,7,Technical
9757,757,10,5,Service
9758,758,10,8,Service
9759,759,10,1,Technical
9760,760,10,3,Technical
9761,761,10,5,Technical
9762,762,10,3,Technical
9763,763,10,7,Technical
9764,764,10,3,Technical
9765,765,10,1,Technical
9766,766,10,6,Service
9767,767,10,2,Service
9768,768,10,6,Technical
9769,769,10,5,Service
9770,770,10,1,Billing
9771,771,10,1,Technical
9772,772,10,0,Technical
9773,773,10,5,Billing
9774,774,10,4,Technical
9775,775,10,3,Service
9776,776,10,5,Billing
9777,777,10,5,Service
9778,778,10,6,Billing
9779,779,10,3,Service
9780,780,10,2,Technical
9781,781,10,3,Service
9782,782,10,2,Technical
9783,783,10,5,Technical
9784,784,10,5,Service
9785,785,10,4,Technical
9786,786,10,6,Billing
9787,787,10,3,Billing
9788,788,10,7,Billing
9789,789,10,4,Technical
9790,790,10,4,Billing
9791,791,10,7,Technical
9792,792,10,9,Billing
9793,793,10,2,Billing
9794,794,10,4,Technical
9795,795,10,2,Technical
9796,796,10,2,Technical
9797,797,10,3,Service
9798,798,10,5,Service
9799,799,10,3,Billing
9800,800,10,3,Technical
9801,801,10,4,Service
9802,802,10,5,Technical
9803,803,10,4,Billing
9804,804,10,5,Service
9805,805,10,4,Technical
9806,806,10,2,Billing
9807,807,10,1,Technical
9808,808,10,6,Billing
9809,809,10,1,Technical
9810,810,10,3,Billing
9811,811,10,1,Billing
9812,812,10,0,Technical
9813,813,10,5,Billing
9814,814,10,6,Billing
9815,815,10,7,Service
9816,816,10,2,Service
9817,817,10,1,Billing
9818,818,10,4,Service
9819,819,10,5,Service
9820,820,10,5,Technical
9821,821,10,3,Billing
9822,822,10,2,Technical
9823,823,10,5,Billing
9824,824,10,3,Technical
9825,825,10,4,Service
9826,826,10,4,Technical
9827,827,10,6,Billing
9828,828,10,9,Service
9829,829,10,4,Technical
9830,830,10,6,Service
9831,831,10,5,Service
9832,832,10,3,Service
9833,833,10,3,Billing
9834,834,10,8,Billing
9835,835,10,2,Service
9836,836,10,5,Service
9837,837,10,3,Billing
9838,838,10,4,Billing
9839,839,10,4,Service
9840,840,10,4,Service
9841,841,10,2,Service
9842,842,10,5,Technical
9843,843,10,1,Technical
9844,844,10,6,Billing
9845,845,10,7,Billing
9846,846,10,3,Technical
9847,847,10,4,Service
9848,848,10,5,Technical
9849,849,10,3,Billing
9850,850,10,3,Technical
9851,851,10,5,Technical
9852,852,10,3,Technical
9853,853,10,4,Technical
9854,854,10,3,Billing
9855,855,10,0,Service
9856,856,10,5,Billing
9857,857,10,1,Technical
9858,858,10,4,Billing
9859,859,10,3,Technical
9860,860,10,2,Technical
9861,861,10,3,Technical
9862,862,10,2,Billing
9863,863,10,6,Technical
9864,864,10,5,Billing
9865,865,10,4,Technical
9866,866,10,1,Billing
9867,867,10,5,Technical
9868,868,10,5,Service
9869,869,10,5,Billing
9870,870,10,2,Technical
9871,871,10,3,Billing
9872,872,10,4,Service
9873,873,10,6,Billing
9874,874,10,8,Service
9875,875,10,4,Service
9876,876,10,9,Service
9877,877,10,6,Technical
9878,878,10,6,Service
9879,879,10,2,Billing
9880,880,10,6,Billing
9881,881,10,4,Technical
9882,882,10,7,Billing
9883,883,10,5,Service
9884,884,10,3,Technical
9885,885,10,0,Service
9886,886,10,0,Technical
9887,887,10,11,Service
9888,888,10,4,Billing
9889,889,10,0,Billing
9890,890,10,3,Technical
9891,891,10,2,Billing
9892,892,10,5,Billing
9893,893,10,3,Technical
9894,894,10,3,Service
9895,895,10,4,Technical
9896,896,10,6,Technical
9897,897,10,2,Billing
9898,898,10,3,Billing
9899,899,10,4,Billing
9900,900,10,0,Technical
9901,901,10,5,Technical
9902,902,10,1,Billing
9903,903,10,2,Service
9904,904,10,3,Service
9905,905,10,3,Technical
9906,906,10,4,Technical
9907,907,10,2,Service
9908,908,10,4,Technical
9909,909,10,4,Billing
9910,910,10,1,Billing
9911,911,10,3,Billing
9912,912,10,8,Technical
9913,913,10,5,Service
9914,914,10,5,Service
9915,915,10,5,Technical
9916,916,10,5,Service
9917,917,10,4,Technical
9918,918,10,3,Service
9919,919,10,4,Service
9920,920,10,5,Service
9921,921,10,8,Technical
9922,922,10,6,Service
9923,923,10,4,Billing
9924,924,10,9,Billing
9925,925,10,5,Service
9926,926,10,4,Technical
9927,927,10,2,Billing
9928,928,10,5,Technical
9929,929,10,4,Technical
9930,930,10,7,Technical
9931,931,10,3,Billing
9932,932,10,2,Service
9933,933,10,4,Service
9934,934,10,4,Technical
9935,935,10,7,Service
9936,936,10,3,Billing
9937,937,10,3,Billing
9938,938,10,6,Billing
9939,939,10,4,Service
9940,940,10,4,Technical
9941,941,10,4,Billing
9942,942,10,2,Billing
9943,943,10,3,Service
9944,944,10,1,Technical
9945,945,10,8,Service
9946,946,10,3,Technical
9947,947,10,5,Billing
9948,948,10,2,Technical
9949,949,10,8,Technical
9950,950,10,2,Technical
9951,951,10,5,Technical
9952,952,10,6,Billing
9953,953,10,3,Technical
9954,954,10,8,Service
9955,955,10,4,Technical
9956,956,10,2,Billing
9957,957,10,4,Technical
9958,958,10,5,Billing
9959,959,10,5,Billing
9960,960,10,4,Service
9961,961,10,4,Billing
9962,962,10,2,Technical
9963,963,10,6,Service
9964,964,10,4,Technical
9965,965,10,4,Billing
9966,966,10,4,Technical
9967,967,10,2,Technical
9968,968,10,3,Service
9969,969,10,7,Service
9970,970,10,1,Technical
9971,971,10,1,Technical
9972,972,10,2,Service
9973,973,10,3,Service
9974,974,10,2,Technical
9975,975,10,3,Billing
9976,976,10,1,Service
9977,977,10,6,Billing
9978,978,10,2,Technical
9979,979,10,6,Service
9980,980,10,2,Technical
9981,981,10,2,Service
9982,982,10,3,Technical
9983,983,10,1,Service
9984,984,10,4,Technical
9985,985,10,5,Technical
9986,986,10,2,Billing
9987,987,10,3,Service
9988,988,10,4,Technical
9989,989,10,2,Billing
9990,990,10,10,Technical
9991,991,10,2,Technical
9992,992,10,2,Billing
9993,993,10,4,Technical
9994,994,10,2,Service
9995,995,10,6,Technical
9996,996,10,1,Billing
9997,997,10,4,Billing
9998,998,10,4,Service
9999,999,10,6,Technical
10000,1000,10,10,Billing
10001,1,11,4,Technical
10002,2,11,8,Service
10003,3,11,5,Service
10004,4,11,1,Billing
10005,5,11,2,Billing
10006,6,11,3,Billing
10007,7,11,2,Technical
10008,8,11,6,Technical
10009,9,11,4,Technical
10010,10,11,3,Billing
10011,11,11,3,Billing
10012,12,11,4,Technical
10013,13,11,3,Technical
10014,14,11,4,Service
10015,15,11,5,Service
10016,16,11,6,Billing
10017,17,11,8,Billing
10018,18,11,6,Billing
10019,19,11,6,Service
10020,20,11,1,Technical
10021,21,11,5,Billing
10022,22,11,9,Technical
10023,23,11,7,Technical
10024,24,11,5,Technical
10025,25,11,10,Billing
10026,26,11,4,Technical
10027,27,11,5,Service
10028,28,11,6,Technical
10029,29,11,4,Service
10030,30,11,2,Technical
10031,31,11,3,Service
10032,32,11,1,Service
10033,33,11,7,Service
10034,34,11,9,Billing
10035,35,11,4,Billing
10036,36,11,2,Service
10037,37,11,1,Billing
10038,38,11,3,Technical
10039,39,11,2,Technical
10040,40,11,2,Technical
10041,41,11,2,Billing
10042,42,11,2,Service
10043,43,11,4,Technical
10044,44,11,5,Billing
10045,45,11,4,Service
10046,46,11,2,Service
10047,47,11,4,Billing
10048,48,11,3,Service
10049,49,11,10,Service
10050,50,11,3,Billing
10051,51,11,1,Technical
10052,52,11,3,Billing
10053,53,11,3,Billing
10054,54,11,2,Technical
10055,55,11,3,Technical
10056,56,11,4,Technical
10057,57,11,9,Billing
10058,58,11,2,Technical
10059,59,11,3,Billing
10060,60,11,4,Service
10061,61,11,2,Service
10062,62,11,2,Billing
10063,63,11,6,Billing
10064,64,11,3,Billing
10065,65,11,2,Service
10066,66,11,2,Service
10067,67,11,5,Service
10068,68,11,5,Service
10069,69,11,4,Technical
10070,70,11,0,Service
10071,71,11,0,Technical
10072,72,11,1,Service
10073,73,11,8,Technical
10074,74,11,4,Technical
10075,75,11,2,Technical
10076,76,11,1,Technical
10077,77,11,6,Technical
10078,78,11,5,Billing
10079,79,11,5,Service
10080,80,11,3,Service
10081,81,11,4,Billing
10082,82,11,3,Service
10083,83,11,2,Technical
10084,84,11,2,Service
10085,85,11,4,Billing
10086,86,11,2,Service
10087,87,11,4,Technical
10088,88,11,2,Billing
10089,89,11,5,Technical
10090,90,11,7,Service
10091,91,11,2,Technical
10092,92,11,1,Technical
10093,93,11,3,Billing
10094,94,11,5,Technical
10095,95,11,5,Technical
10096,96,11,8,Technical
10097,97,11,3,Service
10098,98,11,6,Service
10099,99,11,9,Service
10100,100,11,1,Billing
10101,101,11,1,Billing
10102,102,11,4,Technical
10103,103,11,1,Billing
10104,104,11,4,Service
10105,105,11,3,Technical
10106,106,11,1,Billing
10107,107,11,9,Technical
10108,108,11,6,Technical
10109,109,11,5,Service
10110,110,11,3,Technical
10111,111,11,2,Technical
10112,112,11,1,Billing
10113,113,11,3,Technical
10114,114,11,2,Technical
10115,115,11,2,Billing
10116,116,11,0,Service
10117,117,11,2,Technical
10118,118,11,5,Technical
10119,119,11,3,Technical
10120,120,11,3,Technical
10121,121,11,5,Billing
10122,122,11,7,Service
10123,123,11,1,Technical
10124,124,11,3,Technical
10125,125,11,6,Billing
10126,126,11,3,Billing
10127,127,11,5,Billing
10128,128,11,6,Service
10129,129,11,1,Billing
10130,130,11,6,Technical
10131,131,11,4,Technical
10132,132,11,4,Billing
10133,133,11,7,Technical
10134,134,11,2,Billing
10135,135,11,1,Technical
10136,136,11,3,Technical
10137,137,11,6,Technical
10138,138,11,6,Billing
10139,139,11,6,Billing
10140,140,11,5,Billing
10141,141,11,3,Billing
10142,142,11,3,Billing
10143,143,11,4,Technical
10144,144,11,1,Billing
10145,145,11,8,Service
10146,146,11,2,Billing
10147,147,11,6,Technical
10148,148,11,3,Service
10149,149,11,2,Service
10150,150,11,5,Technical
10151,151,11,6,Technical
10152,152,11,4,Billing
10153,153,11,7,Service
10154,154,11,1,Billing
10155,155,11,4,Technical
10156,156,11,4,Technical
10157,157,11,3,Service
10158,158,11,1,Billing
10159,159,11,2,Service
10160,160,11,1,Billing
10161,161,11,3,Billing
10162,162,11,1,Billing
10163,163,11,4,Billing
10164,164,11,5,Billing
10165,165,11,4,Technical
10166,166,11,2,Technical
10167,167,11,3,Billing
10168,168,11,3,Billing
10169,169,11,6,Technical
10170,170,11,4,Technical
10171,171,11,0,Billing
10172,172,11,5,Service
10173,173,11,6,Technical
10174,174,11,6,Billing
10175,175,11,7,Billing
10176,176,11,0,Billing
10177,177,11,5,Technical
10178,178,11,0,Technical
10179,179,11,3,Service
10180,180,11,4,Technical
10181,181,11,5,Technical
10182,182,11,5,Billing
10183,183,11,1,Technical
10184,184,11,2,Technical
10185,185,11,5,Technical
10186,186,11,3,Technical
10187,187,11,3,Technical
10188,188,11,7,Billing
10189,189,11,5,Technical
10190,190,11,2,Service
10191,191,11,7,Technical
10192,192,11,6,Technical
10193,193,11,3,Technical
10194,194,11,4,Technical
10195,195,11,8,Technical
10196,196,11,5,Service
10197,197,11,1,Billing
10198,198,11,6,Service
10199,199,11,2,Technical
10200,200,11,6,Billing
10201,201,11,2,Billing
10202,202,11,8,Technical
10203,203,11,6,Billing
10204,204,11,3,Billing
10205,205,11,6,Billing
10206,206,11,4,Technical
10207,207,11,3,Service
10208,208,11,2,Billing
10209,209,11,6,Technical
10210,210,11,5,Technical
10211,211,11,3,Technical
10212,212,11,6,Billing
10213,213,11,5,Service
10214,214,11,6,Technical
10215,215,11,5,Technical
10216,216,11,5,Billing
10217,217,11,1,Service
10218,218,11,3,Billing
10219,219,11,5,Technical
10220,220,11,7,Technical
10221,221,11,5,Technical
10222,222,11,3,Technical
10223,223,11,4,Billing
10224,224,11,3,Service
10225,225,11,3,Technical
10226,226,11,4,Technical
10227,227,11,1,Technical
10228,228,11,1,Technical
10229,229,11,3,Billing
10230,230,11,6,Billing
10231,231,11,7,Technical
10232,232,11,6,Billing
10233,233,11,5,Billing
10234,234,11,7,Service
10235,235,11,2,Service
10236,236,11,2,Technical
10237,237,11,7,Technical
10238,238,11,1,Technical
10239,239,11,1,Technical
10240,240,11,5,Technical
10241,241,11,3,Technical
10242,242,11,3,Billing
10243,243,11,5,Technical
10244,244,11,0,Technical
10245,245,11,2,Service
10246,246,11,4,Billing
10247,247,11,5,Technical
10248,248,11,4,Service
10249,249,11,4,Billing
10250,250,11,5,Service
10251,251,11,1,Billing
10252,252,11,3,Service
10253,253,11,3,Billing
10254,254,11,6,Technical
10255,255,11,3,Technical
10256,256,11,4,Billing
10257,257,11,1,Service
10258,258,11,7,Billing
10259,259,11,2,Billing
10260,260,11,5,Billing
10261,261,11,5,Billing
10262,262,11,2,Technical
10263,263,11,6,Billing
10264,264,11,0,Billing
10265,265,11,3,Billing
10266,266,11,3,Billing
10267,267,11,4,Billing
10268,268,11,8,Service
10269,269,11,7,Billing
10270,270,11,5,Service
10271,271,11,6,Technical
10272,272,11,7,Technical
10273,273,11,2,Technical
10274,274,11,8,Service
10275,275,11,2,Service
10276,276,11,2,Service
10277,277,11,2,Technical
10278,278,11,6,Technical
10279,279,11,4,Technical
10280,280,11,5,Billing
10281,281,11,6,Billing
10282,282,11,9,Technical
10283,283,11,2,Technical
10284,284,11,4,Technical
10285,285,11,7,Technical
10286,286,11,1,Billing
10287,287,11,5,Service
10288,288,11,7,Technical
10289,289,11,3,Technical
10290,290,11,4,Service
10291,291,11,3,Service
10292,292,11,3,Technical
10293,293,11,1,Billing
10294,294,11,6,Technical
10295,295,11,6,Service
10296,296,11,2,Billing
10297,297,11,4,Billing
10298,298,11,2,Technical
10299,299,11,3,Technical
10300,300,11,2,Service
10301,301,11,4,Technical
10302,302,11,5,Billing
10303,303,11,11,Billing
10304,304,11,3,Technical
10305,305,11,0,Technical
10306,306,11,4,Technical
10307,307,11,2,Technical
10308,308,11,2,Technical
10309,309,11,7,Service
10310,310,11,2,Technical
10311,311,11,6,Service
10312,312,11,8,Service
10313,313,11,1,Technical
10314,314,11,2,Service
10315,315,11,4,Billing
10316,316,11,6,Service
10317,317,11,7,Technical
10318,318,11,2,Technical
10319,319,11,3,Billing
10320,320,11,5,Billing
10321,321,11,4,Service
10322,322,11,3,Service
10323,323,11,4,Technical
10324,324,11,5,Billing
10325,325,11,4,Technical
10326,326,11,1,Billing
10327,327,11,2,Service
10328,328,11,2,Technical
10329,329,11,1,Billing
10330,330,11,5,Technical
10331,331,11,4,Technical
10332,332,11,6,Technical
10333,333,11,4,Technical
10334,334,11,7,Billing
10335,335,11,7,Billing
10336,336,11,3,Billing
10337,337,11,2,Billing
10338,338,11,14,Billing
10339,339,11,3,Service
10340,340,11,4,Billing
10341,341,11,5,Technical
10342,342,11,3,Technical
10343,343,11,4,Billing
10344,344,11,1,Technical
10345,345,11,3,Technical
10346,346,11,8,Service
10347,347,11,3,Technical
10348,348,11,5,Billing
10349,349,11,3,Technical
10350,350,11,1,Service
10351,351,11,4,Service
10352,352,11,5,Billing
10353,353,11,5,Billing
10354,354,11,2,Billing
10355,355,11,4,Technical
10356,356,11,6,Technical
10357,357,11,5,Service
10358,358,11,5,Billing
10359,359,11,9,Billing
10360,360,11,4,Billing
10361,361,11,0,Technical
10362,362,11,1,Technical
10363,363,11,2,Technical
10364,364,11,4,Service
10365,365,11,3,Technical
10366,366,11,1,Technical
10367,367,11,4,Billing
10368,368,11,3,Billing
10369,369,11,6,Service
10370,370,11,6,Billing
10371,371,11,6,Service
10372,372,11,5,Service
10373,373,11,5,Billing
10374,374,11,5,Billing
10375,375,11,4,Billing
10376,376,11,1,Technical
10377,377,11,4,Service
10378,378,11,1,Billing
10379,379,11,2,Technical
10380,380,11,4,Billing
10381,381,11,7,Billing
10382,382,11,6,Billing
10383,383,11,3,Technical
10384,384,11,5,Billing
10385,385,11,6,Billing
10386,386,11,5,Billing
10387,387,11,2,Technical
10388,388,11,2,Technical
10389,389,11,4,Service
10390,390,11,1,Technical
10391,391,11,4,Service
10392,392,11,7,Technical
10393,393,11,1,Service
10394,394,11,1,Technical
10395,395,11,4,Technical
10396,396,11,4,Service
10397,397,11,5,Billing
10398,398,11,5,Billing
10399,399,11,3,Billing
10400,400,11,6,Technical
10401,401,11,4,Billing
10402,402,11,3,Technical
10403,403,11,6,Technical
10404,404,11,4,Technical
10405,405,11,5,Technical
10406,406,11,2,Technical
10407,407,11,2,Service
10408,408,11,2,Service
10409,409,11,3,Technical
10410,410,11,3,Service
10411,411,11,7,Service
10412,412,11,4,Billing
10413,413,11,4,Service
10414,414,11,7,Service
10415,415,11,4,Billing
10416,416,11,6,Service
10417,417,11,4,Service
10418,418,11,3,Technical
10419,419,11,7,Technical
10420,420,11,4,Service
10421,421,11,4,Technical
10422,422,11,9,Technical
10423,423,11,5,Technical
10424,424,11,4,Service
10425,425,11,2,Technical
10426,426,11,1,Billing
10427,427,11,1,Billing
10428,428,11,3,Technical
10429,429,11,4,Billing
10430,430,11,5,Billing
10431,431,11,3,Service
10432,432,11,8,Service
10433,433,11,4,Service
10434,434,11,6,Technical
10435,435,11,7,Billing
10436,436,11,2,Billing
10437,437,11,2,Technical
10438,438,11,4,Billing
10439,439,11,1,Technical
10440,440,11,5,Technical
10441,441,11,3,Service
10442,442,11,6,Billing
10443,443,11,5,Billing
10444,444,11,3,Service
10445,445,11,9,Service
10446,446,11,6,Billing
10447,447,11,2,Billing
10448,448,11,2,Billing
10449,449,11,4,Service
10450,450,11,4,Technical
10451,451,11,6,Service
10452,452,11,4,Billing
10453,453,11,2,Service
10454,454,11,4,Technical
10455,455,11,4,Technical
10456,456,11,3,Billing
10457,457,11,2,Technical
10458,458,11,3,Technical
10459,459,11,6,Technical
10460,460,11,5,Billing
10461,461,11,5,Service
10462,462,11,3,Billing
10463,463,11,7,Billing
10464,464,11,0,Service
10465,465,11,4,Service
10466,466,11,2,Service
10467,467,11,2,Technical
10468,468,11,3,Service
10469,469,11,4,Service
10470,470,11,1,Service
10471,471,11,3,Service
10472,472,11,3,Technical
10473,473,11,9,Billing
10474,474,11,5,Billing
10475,475,11,3,Billing
10476,476,11,6,Service
10477,477,11,6,Service
10478,478,11,7,Service
10479,479,11,2,Technical
10480,480,11,9,Billing
10481,481,11,1,Service
10482,482,11,3,Service
10483,483,11,2,Technical
10484,484,11,2,Service
10485,485,11,4,Technical
10486,486,11,6,Technical
10487,487,11,7,Service
10488,488,11,3,Technical
10489,489,11,5,Service
10490,490,11,6,Technical
10491,491,11,3,Technical
10492,492,11,3,Service
10493,493,11,2,Service
10494,494,11,4,Service
10495,495,11,4,Service
10496,496,11,5,Service
10497,497,11,5,Service
10498,498,11,3,Service
10499,499,11,3,Technical
10500,500,11,8,Technical
10501,501,11,8,Technical
10502,502,11,6,Billing
10503,503,11,3,Billing
10504,504,11,2,Billing
10505,505,11,3,Technical
10506,506,11,3,Service
10507,507,11,3,Technical
10508,508,11,4,Billing
10509,509,11,4,Service
10510,510,11,1,Service
10511,511,11,1,Service
10512,512,11,7,Technical
10513,513,11,7,Technical
10514,514,11,3,Service
10515,515,11,1,Service
10516,516,11,2,Technical
10517,517,11,3,Service
10518,518,11,1,Service
10519,519,11,4,Billing
10520,520,11,1,Billing
10521,521,11,6,Billing
10522,522,11,6,Billing
10523,523,11,1,Technical
10524,524,11,7,Billing
10525,525,11,5,Billing
10526,526,11,4,Billing
10527,527,11,3,Technical
10528,528,11,4,Service
10529,529,11,4,Billing
10530,530,11,5,Technical
10531,531,11,2,Service
10532,532,11,3,Service
10533,533,11,3,Billing
10534,534,11,3,Billing
10535,535,11,7,Billing
10536,536,11,5,Billing
10537,537,11,2,Technical
10538,538,11,1,Billing
10539,539,11,6,Technical
10540,540,11,7,Billing
10541,541,11,4,Service
10542,542,11,5,Billing
10543,543,11,4,Service
10544,544,11,4,Billing
10545,545,11,2,Technical
10546,546,11,8,Service
10547,547,11,2,Billing
10548,548,11,4,Technical
10549,549,11,8,Technical
10550,550,11,3,Service
10551,551,11,4,Technical
10552,552,11,5,Technical
10553,553,11,4,Billing
10554,554,11,2,Service
10555,555,11,3,Billing
10556,556,11,4,Billing
10557,557,11,6,Billing
10558,558,11,2,Technical
10559,559,11,4,Technical
10560,560,11,6,Technical
10561,561,11,5,Billing
10562,562,11,1,Billing
10563,563,11,3,Technical
10564,564,11,4,Billing
10565,565,11,6,Service
10566,566,11,5,Service
10567,567,11,3,Billing
10568,568,11,3,Service
10569,569,11,3,Technical
10570,570,11,4,Technical
10571,571,11,3,Technical
10572,572,11,6,Technical
10573,573,11,3,Service
10574,574,11,5,Technical
10575,575,11,0,Technical
10576,576,11,5,Service
10577,577,11,4,Technical
10578,578,11,7,Billing
10579,579,11,8,Service
10580,580,11,5,Billing
10581,581,11,4,Service
10582,582,11,4,Service
10583,583,11,0,Billing
10584,584,11,4,Billing
10585,585,11,1,Technical
10586,586,11,1,Service
10587,587,11,2,Technical
10588,588,11,10,Technical
10589,589,11,2,Billing
10590,590,11,11,Billing
10591,591,11,6,Technical
10592,592,11,4,Billing
10593,593,11,7,Billing
10594,594,11,3,Billing
10595,595,11,5,Technical
10596,596,11,4,Technical
10597,597,11,3,Technical
10598,598,11,7,Technical
10599,599,11,0,Technical
10600,600,11,2,Technical
10601,601,11,3,Billing
10602,602,11,9,Service
10603,603,11,3,Billing
10604,604,11,4,Billing
10605,605,11,5,Billing
10606,606,11,3,Technical
10607,607,11,4,Technical
10608,608,11,1,Billing
10609,609,11,5,Billing
10610,610,11,1,Technical
10611,611,11,3,Billing
10612,612,11,1,Billing
10613,613,11,4,Service
10614,614,11,5,Technical
10615,615,11,5,Billing
10616,616,11,5,Billing
10617,617,11,4,Service
10618,618,11,1,Billing
10619,619,11,7,Technical
10620,620,11,3,Billing
10621,621,11,3,Billing
10622,622,11,3,Technical
10623,623,11,3,Billing
10624,624,11,1,Service
10625,625,11,7,Billing
10626,626,11,8,Technical
10627,627,11,1,Billing
10628,628,11,6,Billing
10629,629,11,6,Technical
10630,630,11,6,Billing
10631,631,11,4,Technical
10632,632,11,3,Billing
10633,633,11,7,Service
10634,634,11,3,Billing
10635,635,11,2,Technical
10636,636,11,4,Service
10637,637,11,5,Technical
10638,638,11,4,Technical
10639,639,11,1,Technical
10640,640,11,1,Technical
10641,641,11,4,Technical
10642,642,11,3,Technical
10643,643,11,2,Technical
10644,644,11,0,Billing
10645,645,11,1,Service
10646,646,11,1,Technical
10647,647,11,6,Technical
10648,648,11,1,Technical
10649,649,11,1,Billing
10650,650,11,3,Billing
10651,651,11,1,Technical
10652,652,11,3,Billing
10653,653,11,4,Billing
10654,654,11,4,Service
10655,655,11,3,Service
10656,656,11,6,Technical
10657,657,11,4,Technical
10658,658,11,5,Technical
10659,659,11,2,Billing
10660,660,11,7,Technical
10661,661,11,4,Billing
10662,662,11,5,Billing
10663,663,11,4,Service
10664,664,11,2,Service
10665,665,11,1,Service
10666,666,11,6,Billing
10667,667,11,5,Service
10668,668,11,6,Billing
10669,669,11,4,Technical
10670,670,11,5,Billing
10671,671,11,0,Billing
10672,672,11,5,Technical
10673,673,11,9,Technical
10674,674,11,4,Service
10675,675,11,6,Billing
10676,676,11,3,Billing
10677,677,11,4,Technical
10678,678,11,4,Service
10679,679,11,4,Service
10680,680,11,0,Billing
10681,681,11,2,Billing
10682,682,11,1,Technical
10683,683,11,3,Billing
10684,684,11,3,Billing
10685,685,11,4,Billing
10686,686,11,3,Service
10687,687,11,1,Technical
10688,688,11,6,Service
10689,689,11,4,Billing
10690,690,11,6,Service
10691,691,11,0,Billing
10692,692,11,2,Billing
10693,693,11,3,Billing
10694,694,11,3,Billing
10695,695,11,2,Billing
10696,696,11,0,Billing
10697,697,11,2,Technical
10698,698,11,4,Technical
10699,699,11,5,Service
10700,700,11,3,Billing
10701,701,11,4,Technical
10702,702,11,4,Technical
10703,703,11,3,Service
10704,704,11,1,Technical
10705,705,11,2,Service
10706,706,11,3,Billing
10707,707,11,5,Billing
10708,708,11,4,Technical
10709,709,11,0,Service
10710,710,11,5,Service
10711,711,11,9,Service
10712,712,11,3,Technical
10713,713,11,3,Service
10714,714,11,3,Technical
10715,715,11,1,Billing
10716,716,11,2,Service
10717,717,11,3,Technical
10718,718,11,2,Billing
10719,719,11,7,Billing
10720,720,11,2,Service
10721,721,11,7,Service
10722,722,11,10,Technical
10723,723,11,2,Billing
10724,724,11,6,Billing
10725,725,11,2,Billing
10726,726,11,1,Technical
10727,727,11,3,Technical
10728,728,11,3,Billing
10729,729,11,3,Service
10730,730,11,4,Billing
10731,731,11,7,Service
10732,732,11,4,Service
10733,733,11,6,Billing
10734,734,11,1,Billing
10735,735,11,3,Technical
10736,736,11,7,Technical
10737,737,11,2,Billing
10738,738,11,0,Service
10739,739,11,3,Technical
10740,740,11,4,Billing
10741,741,11,6,Technical
10742,742,11,4,Service
10743,743,11,6,Technical
10744,744,11,3,Billing
10745,745,11,3,Technical
10746,746,11,5,Technical
10747,747,11,2,Billing
10748,748,11,3,Technical
10749,749,11,4,Billing
10750,750,11,3,Service
10751,751,11,11,Technical
10752,752,11,4,Service
10753,753,11,8,Technical
10754,754,11,3,Technical
10755,755,11,3,Service
10756,756,11,1,Service
10757,757,11,5,Technical
10758,758,11,4,Technical
10759,759,11,2,Service
10760,760,11,6,Billing
10761,761,11,2,Technical
10762,762,11,5,Technical
10763,763,11,0,Billing
10764,764,11,1,Billing
10765,765,11,1,Technical
10766,766,11,3,Service
10767,767,11,2,Billing
10768,768,11,3,Technical
10769,769,11,7,Service
10770,770,11,1,Billing
10771,771,11,4,Technical
10772,772,11,4,Service
10773,773,11,7,Billing
10774,774,11,6,Technical
10775,775,11,6,Service
10776,776,11,1,Technical
10777,777,11,2,Billing
10778,778,11,3,Technical
10779,779,11,4,Billing
10780,780,11,2,Billing
10781,781,11,4,Service
10782,782,11,4,Service
10783,783,11,4,Technical
10784,784,11,8,Technical
10785,785,11,3,Service
10786,786,11,2,Service
10787,787,11,5,Service
10788,788,11,9,Technical
10789,789,11,2,Billing
10790,790,11,5,Billing
10791,791,11,1,Billing
10792,792,11,3,Technical
10793,793,11,4,Billing
10794,794,11,2,Billing
10795,795,11,3,Technical
10796,796,11,6,Billing
10797,797,11,2,Billing
10798,798,11,4,Billing
10799,799,11,3,Billing
10800,800,11,6,Service
10801,801,11,2,Technical
10802,802,11,6,Technical
10803,803,11,5,Billing
10804,804,11,2,Service
10805,805,11,1,Service
10806,806,11,2,Billing
10807,807,11,4,Billing
10808,808,11,6,Technical
10809,809,11,7,Service
10810,810,11,4,Service
10811,811,11,3,Billing
10812,812,11,1,Billing
10813,813,11,2,Technical
10814,814,11,6,Service
10815,815,11,4,Technical
10816,816,11,5,Service
10817,817,11,4,Technical
10818,818,11,4,Service
10819,819,11,2,Technical
10820,820,11,3,Technical
10821,821,11,5,Technical
10822,822,11,4,Technical
10823,823,11,4,Billing
10824,824,11,0,Technical
10825,825,11,3,Technical
10826,826,11,4,Technical
10827,827,11,3,Service
10828,828,11,7,Billing
10829,829,11,1,Service
10830,830,11,5,Service
10831,831,11,3,Technical
10832,832,11,5,Technical
10833,833,11,4,Technical
10834,834,11,4,Technical
10835,835,11,5,Technical
10836,836,11,7,Technical
10837,837,11,3,Service
10838,838,11,5,Technical
10839,839,11,5,Technical
10840,840,11,4,Service
10841,841,11,0,Technical
10842,842,11,3,Billing
10843,843,11,4,Service
10844,844,11,2,Technical
10845,845,11,5,Technical
10846,846,11,7,Technical
10847,847,11,3,Billing
10848,848,11,5,Billing
10849,849,11,1,Technical
10850,850,11,3,Technical
10851,851,11,2,Service
10852,852,11,4,Billing
10853,853,11,4,Service
10854,854,11,3,Service
10855,855,11,4,Technical
10856,856,11,3,Billing
10857,857,11,4,Billing
10858,858,11,2,Service
10859,859,11,2,Billing
10860,860,11,2,Billing
10861,861,11,3,Technical
10862,862,11,2,Billing
10863,863,11,9,Service
10864,864,11,1,Technical
10865,865,11,7,Service
10866,866,11,2,Service
10867,867,11,2,Technical
10868,868,11,4,Technical
10869,869,11,9,Service
10870,870,11,0,Technical
10871,871,11,6,Technical
10872,872,11,6,Billing
10873,873,11,3,Technical
10874,874,11,8,Technical
10875,875,11,5,Billing
10876,876,11,8,Service
10877,877,11,3,Technical
10878,878,11,3,Technical
10879,879,11,6,Technical
10880,880,11,9,Service
10881,881,11,4,Billing
10882,882,11,6,Technical
10883,883,11,6,Service
10884,884,11,5,Technical
10885,885,11,3,Billing
10886,886,11,4,Technical
10887,887,11,1,Technical
10888,888,11,0,Service
10889,889,11,2,Service
10890,890,11,6,Technical
10891,891,11,1,Technical
10892,892,11,5,Technical
10893,893,11,3,Billing
10894,894,11,2,Billing
10895,895,11,4,Billing
10896,896,11,7,Service
10897,897,11,7,Billing
10898,898,11,5,Billing
10899,899,11,3,Billing
10900,900,11,3,Service
10901,901,11,2,Service
10902,902,11,3,Technical
10903,903,11,2,Service
10904,904,11,4,Billing
10905,905,11,7,Billing
10906,906,11,4,Technical
10907,907,11,4,Billing
10908,908,11,4,Technical
10909,909,11,5,Technical
10910,910,11,3,Technical
10911,911,11,3,Billing
10912,912,11,3,Service
10913,913,11,4,Billing
10914,914,11,1,Technical
10915,915,11,4,Billing
10916,916,11,3,Billing
10917,917,11,2,Technical
10918,918,11,3,Service
10919,919,11,1,Service
10920,920,11,6,Technical
10921,921,11,4,Technical
10922,922,11,1,Technical
10923,923,11,2,Billing
10924,924,11,5,Technical
10925,925,11,2,Billing
10926,926,11,4,Billing
10927,927,11,1,Technical
10928,928,11,1,Service
10929,929,11,5,Service
10930,930,11,7,Technical
10931,931,11,3,Service
10932,932,11,3,Technical
10933,933,11,2,Service
10934,934,11,4,Technical
10935,935,11,4,Billing
10936,936,11,3,Technical
10937,937,11,2,Service
10938,938,11,7,Technical
10939,939,11,9,Technical
10940,940,11,7,Billing
10941,941,11,4,Technical
10942,942,11,4,Billing
10943,943,11,5,Technical
10944,944,11,2,Technical
10945,945,11,5,Billing
10946,946,11,5,Billing
10947,947,11,8,Technical
10948,948,11,3,Billing
10949,949,11,5,Service
10950,950,11,3,Billing
10951,951,11,5,Billing
10952,952,11,1,Technical
10953,953,11,2,Service
10954,954,11,5,Billing
10955,955,11,2,Billing
10956,956,11,2,Billing
10957,957,11,3,Billing
10958,958,11,3,Service
10959,959,11,7,Billing
10960,960,11,7,Billing
10961,961,11,4,Billing
10962,962,11,1,Billing
10963,963,11,3,Technical
10964,964,11,4,Service
10965,965,11,1,Technical
10966,966,11,4,Service
10967,967,11,5,Service
10968,968,11,8,Service
10969,969,11,1,Billing
10970,970,11,3,Technical
10971,971,11,6,Technical
10972,972,11,4,Technical
10973,973,11,5,Service
10974,974,11,4,Technical
10975,975,11,4,Service
10976,976,11,6,Service
10977,977,11,4,Service
10978,978,11,9,Technical
10979,979,11,6,Service
10980,980,11,3,Service
10981,981,11,2,Technical
10982,982,11,6,Service
10983,983,11,5,Billing
10984,984,11,2,Technical
10985,985,11,5,Billing
10986,986,11,4,Technical
10987,987,11,6,Billing
10988,988,11,2,Technical
10989,989,11,4,Service
10990,990,11,7,Billing
10991,991,11,2,Billing
10992,992,11,4,Billing
10993,993,11,4,Technical
10994,994,11,4,Technical
10995,995,11,7,Technical
10996,996,11,6,Service
10997,997,11,5,Billing
10998,998,11,5,Billing
10999,999,11,4,Billing
11000,1000,11,10,Technical
11001,1,12,2,Technical
11002,2,12,3,Technical
11003,3,12,3,Technical
11004,4,12,4,Service
11005,5,12,4,Technical
11006,6,12,4,Billing
11007,7,12,8,Technical
11008,8,12,4,Service
11009,9,12,5,Technical
11010,10,12,4,Billing
11011,11,12,2,Service
11012,12,12,7,Technical
11013,13,12,2,Technical
11014,14,12,2,Technical
11015,15,12,3,Service
11016,16,12,3,Billing
11017,17,12,5,Technical
11018,18,12,5,Billing
11019,19,12,7,Billing
11020,20,12,3,Service
11021,21,12,4,Technical
11022,22,12,4,Service
11023,23,12,5,Service
11024,24,12,6,Technical
11025,25,12,7,Technical
11026,26,12,4,Billing
11027,27,12,3,Technical
11028,28,12,1,Service
11029,29,12,3,Service
11030,30,12,2,Billing
11031,31,12,2,Service
11032,32,12,2,Billing
11033,33,12,5,Technical
11034,34,12,4,Billing
11035,35,12,3,Service
11036,36,12,9,Billing
11037,37,12,4,Technical
11038,38,12,1,Billing
11039,39,12,3,Billing
11040,40,12,0,Technical
11041,41,12,6,Technical
11042,42,12,6,Billing
11043,43,12,0,Technical
11044,44,12,5,Technical
11045,45,12,6,Technical
11046,46,12,4,Technical
11047,47,12,3,Billing
11048,48,12,3,Billing
11049,49,12,3,Technical
11050,50,12,3,Billing
11051,51,12,3,Billing
11052,52,12,3,Billing
11053,53,12,3,Service
11054,54,12,2,Billing
11055,55,12,1,Billing
11056,56,12,8,Technical
11057,57,12,7,Technical
11058,58,12,8,Service
11059,59,12,3,Billing
11060,60,12,2,Technical
11061,61,12,1,Technical
11062,62,12,2,Service
11063,63,12,9,Billing
11064,64,12,9,Technical
11065,65,12,3,Service
11066,66,12,1,Service
11067,67,12,4,Billing
11068,68,12,0,Billing
11069,69,12,3,Technical
11070,70,12,0,Technical
11071,71,12,2,Billing
11072,72,12,2,Billing
11073,73,12,2,Service
11074,74,12,4,Service
11075,75,12,2,Service
11076,76,12,4,Technical
11077,77,12,4,Billing
11078,78,12,4,Billing
11079,79,12,8,Service
11080,80,12,5,Technical
11081,81,12,4,Service
11082,82,12,2,Service
11083,83,12,5,Technical
11084,84,12,2,Service
11085,85,12,0,Billing
11086,86,12,4,Technical
11087,87,12,5,Billing
11088,88,12,4,Technical
11089,89,12,2,Technical
11090,90,12,3,Billing
11091,91,12,3,Billing
11092,92,12,3,Technical
11093,93,12,2,Billing
11094,94,12,6,Service
11095,95,12,7,Service
11096,96,12,6,Billing
11097,97,12,2,Billing
11098,98,12,6,Billing
11099,99,12,4,Service
11100,100,12,6,Billing
11101,101,12,4,Billing
11102,102,12,2,Technical
11103,103,12,0,Billing
11104,104,12,3,Billing
11105,105,12,5,Technical
11106,106,12,3,Service
11107,107,12,3,Service
11108,108,12,7,Service
11109,109,12,5,Billing
11110,110,12,2,Service
11111,111,12,4,Technical
11112,112,12,3,Service
11113,113,12,6,Technical
11114,114,12,9,Billing
11115,115,12,5,Billing
11116,116,12,2,Technical
11117,117,12,2,Billing
11118,118,12,2,Service
11119,119,12,5,Service
11120,120,12,4,Billing
11121,121,12,1,Service
11122,122,12,4,Billing
11123,123,12,3,Technical
11124,124,12,6,Billing
11125,125,12,5,Billing
11126,126,12,6,Technical
11127,127,12,8,Technical
11128,128,12,8,Technical
11129,129,12,4,Service
11130,130,12,5,Service
11131,131,12,2,Service
11132,132,12,2,Billing
11133,133,12,5,Technical
11134,134,12,4,Technical
11135,135,12,2,Technical
11136,136,12,5,Service
11137,137,12,4,Technical
11138,138,12,4,Technical
11139,139,12,3,Technical
11140,140,12,2,Technical
11141,141,12,0,Technical
11142,142,12,3,Billing
11143,143,12,3,Service
11144,144,12,4,Technical
11145,145,12,4,Billing
11146,146,12,2,Billing
11147,147,12,3,Service
11148,148,12,2,Technical
11149,149,12,1,Technical
11150,150,12,4,Technical
11151,151,12,2,Billing
11152,152,12,2,Billing
11153,153,12,2,Service
11154,154,12,0,Service
11155,155,12,3,Billing
11156,156,12,1,Technical
11157,157,12,4,Service
11158,158,12,2,Technical
11159,159,12,3,Technical
11160,160,12,1,Billing
11161,161,12,7,Technical
11162,162,12,2,Technical
11163,163,12,3,Billing
11164,164,12,6,Technical
11165,165,12,4,Technical
11166,166,12,1,Technical
11167,167,12,3,Service
11168,168,12,7,Technical
11169,169,12,4,Technical
11170,170,12,6,Billing
11171,171,12,2,Service
11172,172,12,1,Technical
11173,173,12,5,Service
11174,174,12,9,Technical
11175,175,12,8,Technical
11176,176,12,2,Billing
11177,177,12,9,Technical
11178,178,12,5,Technical
11179,179,12,6,Billing
11180,180,12,1,Technical
11181,181,12,6,Technical
11182,182,12,8,Technical
11183,183,12,3,Billing
11184,184,12,8,Billing
11185,185,12,6,Technical
11186,186,12,5,Service
11187,187,12,2,Service
11188,188,12,3,Service
11189,189,12,7,Billing
11190,190,12,2,Technical
11191,191,12,5,Service
11192,192,12,3,Technical
11193,193,12,5,Technical
11194,194,12,7,Technical
11195,195,12,4,Technical
11196,196,12,6,Billing
11197,197,12,8,Service
11198,198,12,3,Service
11199,199,12,2,Technical
11200,200,12,0,Service
11201,201,12,5,Billing
11202,202,12,4,Service
11203,203,12,10,Technical
11204,204,12,4,Technical
11205,205,12,2,Service
11206,206,12,2,Service
11207,207,12,4,Billing
11208,208,12,5,Billing
11209,209,12,1,Billing
11210,210,12,3,Billing
11211,211,12,9,Service
11212,212,12,9,Service
11213,213,12,3,Technical
11214,214,12,3,Service
11215,215,12,4,Billing
11216,216,12,5,Technical
11217,217,12,6,Technical
11218,218,12,5,Billing
11219,219,12,4,Service
11220,220,12,1,Technical
11221,221,12,4,Technical
11222,222,12,6,Billing
11223,223,12,1,Technical
11224,224,12,2,Service
11225,225,12,5,Service
11226,226,12,7,Billing
11227,227,12,3,Billing
11228,228,12,2,Billing
11229,229,12,2,Service
11230,230,12,3,Technical
11231,231,12,3,Service
11232,232,12,1,Service
11233,233,12,6,Technical
11234,234,12,2,Service
11235,235,12,2,Billing
11236,236,12,7,Technical
11237,237,12,4,Billing
11238,238,12,4,Technical
11239,239,12,3,Technical
11240,240,12,1,Service
11241,241,12,3,Technical
11242,242,12,5,Technical
11243,243,12,2,Technical
11244,244,12,3,Billing
11245,245,12,5,Billing
11246,246,12,2,Technical
11247,247,12,2,Billing
11248,248,12,4,Billing
11249,249,12,5,Billing
11250,250,12,5,Technical
11251,251,12,4,Technical
11252,252,12,5,Service
11253,253,12,7,Technical
11254,254,12,3,Billing
11255,255,12,6,Billing
11256,256,12,4,Service
11257,257,12,2,Technical
11258,258,12,4,Technical
11259,259,12,3,Technical
11260,260,12,6,Billing
11261,261,12,4,Service
11262,262,12,3,Billing
11263,263,12,2,Technical
11264,264,12,2,Billing
11265,265,12,4,Technical
11266,266,12,7,Service
11267,267,12,8,Technical
11268,268,12,5,Billing
11269,269,12,7,Billing
11270,270,12,3,Billing
11271,271,12,4,Technical
11272,272,12,2,Technical
11273,273,12,5,Technical
11274,274,12,2,Technical
11275,275,12,4,Technical
11276,276,12,4,Service
11277,277,12,3,Service
11278,278,12,9,Technical
11279,279,12,6,Service
11280,280,12,5,Billing
11281,281,12,5,Billing
11282,282,12,3,Service
11283,283,12,1,Service
11284,284,12,3,Technical
11285,285,12,4,Service
11286,286,12,5,Technical
11287,287,12,4,Service
11288,288,12,4,Service
11289,289,12,4,Service
11290,290,12,3,Technical
11291,291,12,5,Service
11292,292,12,2,Service
11293,293,12,3,Technical
11294,294,12,1,Billing
11295,295,12,5,Service
11296,296,12,3,Technical
11297,297,12,0,Service
11298,298,12,3,Technical
11299,299,12,4,Service
11300,300,12,2,Billing
11301,301,12,7,Billing
11302,302,12,4,Technical
11303,303,12,5,Technical
11304,304,12,5,Billing
11305,305,12,3,Technical
11306,306,12,2,Technical
11307,307,12,2,Service
11308,308,12,5,Technical
11309,309,12,4,Service
11310,310,12,6,Technical
11311,311,12,3,Technical
11312,312,12,8,Service
11313,313,12,2,Technical
11314,314,12,2,Service
11315,315,12,4,Technical
11316,316,12,3,Service
11317,317,12,2,Billing
11318,318,12,6,Technical
11319,319,12,7,Technical
11320,320,12,6,Service
11321,321,12,1,Billing
11322,322,12,10,Service
11323,323,12,7,Service
11324,324,12,3,Technical
11325,325,12,3,Service
11326,326,12,4,Service
11327,327,12,3,Billing
11328,328,12,3,Billing
11329,329,12,5,Service
11330,330,12,5,Service
11331,331,12,5,Billing
11332,332,12,4,Billing
11333,333,12,6,Service
11334,334,12,5,Billing
11335,335,12,5,Service
11336,336,12,5,Technical
11337,337,12,3,Technical
11338,338,12,5,Service
11339,339,12,5,Service
11340,340,12,5,Technical
11341,341,12,5,Technical
11342,342,12,4,Technical
11343,343,12,3,Billing
11344,344,12,2,Technical
11345,345,12,3,Billing
11346,346,12,3,Technical
11347,347,12,1,Technical
11348,348,12,2,Service
11349,349,12,4,Billing
11350,350,12,0,Technical
11351,351,12,1,Billing
11352,352,12,4,Service
11353,353,12,0,Technical
11354,354,12,2,Technical
11355,355,12,4,Technical
11356,356,12,5,Service
11357,357,12,2,Service
11358,358,12,4,Technical
11359,359,12,2,Service
11360,360,12,6,Billing
11361,361,12,2,Service
11362,362,12,4,Billing
11363,363,12,0,Billing
11364,364,12,2,Billing
11365,365,12,2,Technical
11366,366,12,5,Billing
11367,367,12,3,Service
11368,368,12,3,Billing
11369,369,12,3,Technical
11370,370,12,5,Technical
11371,371,12,4,Billing
11372,372,12,3,Service
11373,373,12,4,Billing
11374,374,12,6,Service
11375,375,12,8,Technical
11376,376,12,0,Technical
11377,377,12,4,Service
11378,378,12,4,Technical
11379,379,12,3,Technical
11380,380,12,3,Service
11381,381,12,3,Billing
11382,382,12,0,Service
11383,383,12,6,Billing
11384,384,12,11,Technical
11385,385,12,8,Technical
11386,386,12,3,Technical
11387,387,12,6,Service
11388,388,12,0,Service
11389,389,12,12,Billing
11390,390,12,2,Technical
11391,391,12,3,Billing
11392,392,12,4,Service
11393,393,12,3,Service
11394,394,12,6,Technical
11395,395,12,4,Service
11396,396,12,2,Service
11397,397,12,2,Billing
11398,398,12,7,Billing
11399,399,12,2,Service
11400,400,12,1,Billing
11401,401,12,3,Service
11402,402,12,2,Service
11403,403,12,1,Service
11404,404,12,6,Billing
11405,405,12,2,Billing
11406,406,12,4,Billing
11407,407,12,3,Billing
11408,408,12,3,Service
11409,409,12,1,Billing
11410,410,12,8,Technical
11411,411,12,4,Service
11412,412,12,6,Service
11413,413,12,4,Service
11414,414,12,1,Service
11415,415,12,4,Billing
11416,416,12,5,Billing
11417,417,12,6,Technical
11418,418,12,6,Billing
11419,419,12,5,Service
11420,420,12,3,Billing
11421,421,12,4,Billing
11422,422,12,2,Technical
11423,423,12,2,Service
11424,424,12,1,Billing
11425,425,12,2,Technical
11426,426,12,2,Service
11427,427,12,5,Technical
11428,428,12,3,Technical
11429,429,12,3,Billing
11430,430,12,1,Billing
11431,431,12,2,Billing
11432,432,12,4,Billing
11433,433,12,3,Service
11434,434,12,5,Technical
11435,435,12,2,Billing
11436,436,12,1,Technical
11437,437,12,8,Technical
11438,438,12,0,Technical
11439,439,12,7,Billing
11440,440,12,4,Service
11441,441,12,3,Service
11442,442,12,4,Technical
11443,443,12,5,Billing
11444,444,12,3,Technical
11445,445,12,3,Technical
11446,446,12,5,Service
11447,447,12,5,Service
11448,448,12,4,Service
11449,449,12,5,Billing
11450,450,12,4,Service
11451,451,12,3,Billing
11452,452,12,5,Billing
11453,453,12,4,Technical
11454,454,12,2,Technical
11455,455,12,8,Service
11456,456,12,4,Technical
11457,457,12,6,Billing
11458,458,12,3,Billing
11459,459,12,4,Service
11460,460,12,8,Technical
11461,461,12,4,Billing
11462,462,12,3,Service
11463,463,12,2,Service
11464,464,12,6,Service
11465,465,12,3,Technical
11466,466,12,5,Technical
11467,467,12,3,Billing
11468,468,12,3,Technical
11469,469,12,3,Service
11470,470,12,4,Billing
11471,471,12,5,Billing
11472,472,12,4,Technical
11473,473,12,4,Technical
11474,474,12,6,Billing
11475,475,12,6,Billing
11476,476,12,1,Billing
11477,477,12,2,Billing
11478,478,12,1,Billing
11479,479,12,8,Billing
11480,480,12,5,Technical
11481,481,12,2,Service
11482,482,12,2,Billing
11483,483,12,5,Billing
11484,484,12,1,Technical
11485,485,12,7,Service
11486,486,12,4,Service
11487,487,12,9,Billing
11488,488,12,4,Billing
11489,489,12,3,Billing
11490,490,12,7,Technical
11491,491,12,4,Billing
11492,492,12,6,Technical
11493,493,12,7,Service
11494,494,12,5,Service
11495,495,12,6,Billing
11496,496,12,4,Service
11497,497,12,4,Service
11498,498,12,2,Billing
11499,499,12,5,Billing
11500,500,12,4,Service
11501,501,12,5,Technical
11502,502,12,4,Technical
11503,503,12,3,Technical
11504,504,12,3,Service
11505,505,12,4,Technical
11506,506,12,4,Service
11507,507,12,4,Service
11508,508,12,5,Billing
11509,509,12,3,Technical
11510,510,12,3,Billing
11511,511,12,5,Billing
11512,512,12,6,Billing
11513,513,12,3,Billing
11514,514,12,3,Technical
11515,515,12,5,Billing
11516,516,12,0,Billing
11517,517,12,3,Billing
11518,518,12,3,Service
11519,519,12,5,Billing
11520,520,12,7,Billing
11521,521,12,4,Service
11522,522,12,6,Billing
11523,523,12,0,Billing
11524,524,12,3,Service
11525,525,12,3,Billing
11526,526,12,0,Technical
11527,527,12,3,Billing
11528,528,12,5,Billing
11529,529,12,3,Billing
11530,530,12,7,Service
11531,531,12,3,Technical
11532,532,12,3,Technical
11533,533,12,1,Service
11534,534,12,5,Technical
11535,535,12,5,Technical
11536,536,12,3,Technical
11537,537,12,0,Billing
11538,538,12,3,Technical
11539,539,12,5,Service
11540,540,12,3,Billing
11541,541,12,4,Billing
11542,542,12,4,Billing
11543,543,12,3,Billing
11544,544,12,1,Technical
11545,545,12,3,Billing
11546,546,12,2,Service
11547,547,12,3,Technical
11548,548,12,3,Technical
11549,549,12,4,Billing
11550,550,12,5,Service
11551,551,12,2,Billing
11552,552,12,7,Billing
11553,553,12,5,Billing
11554,554,12,4,Billing
11555,555,12,1,Technical
11556,556,12,5,Service
11557,557,12,6,Billing
11558,558,12,4,Service
11559,559,12,0,Technical
11560,560,12,4,Service
11561,561,12,2,Billing
11562,562,12,5,Service
11563,563,12,2,Billing
11564,564,12,5,Billing
11565,565,12,5,Billing
11566,566,12,1,Service
11567,567,12,5,Technical
11568,568,12,5,Technical
11569,569,12,0,Technical
11570,570,12,5,Technical
11571,571,12,4,Service
11572,572,12,6,Technical
11573,573,12,2,Billing
11574,574,12,2,Service
11575,575,12,3,Service
11576,576,12,8,Billing
11577,577,12,6,Technical
11578,578,12,3,Billing
11579,579,12,0,Service
11580,580,12,8,Billing
11581,581,12,5,Technical
11582,582,12,4,Technical
11583,583,12,9,Technical
11584,584,12,4,Service
11585,585,12,3,Billing
11586,586,12,1,Billing
11587,587,12,5,Technical
11588,588,12,4,Billing
11589,589,12,4,Billing
11590,590,12,10,Technical
11591,591,12,9,Service
11592,592,12,7,Service
11593,593,12,1,Service
11594,594,12,2,Billing
11595,595,12,2,Technical
11596,596,12,5,Service
11597,597,12,1,Technical
11598,598,12,4,Technical
11599,599,12,2,Service
11600,600,12,3,Technical
11601,601,12,2,Technical
11602,602,12,6,Billing
11603,603,12,4,Technical
11604,604,12,4,Service
11605,605,12,2,Technical
11606,606,12,1,Service
11607,607,12,8,Technical
11608,608,12,1,Billing
11609,609,12,5,Technical
11610,610,12,3,Billing
11611,611,12,7,Service
11612,612,12,1,Service
11613,613,12,4,Technical
11614,614,12,7,Service
11615,615,12,8,Billing
11616,616,12,4,Billing
11617,617,12,4,Billing
11618,618,12,3,Technical
11619,619,12,4,Technical
11620,620,12,8,Technical
11621,621,12,4,Billing
11622,622,12,3,Billing
11623,623,12,5,Billing
11624,624,12,5,Service
11625,625,12,9,Technical
11626,626,12,4,Billing
11627,627,12,3,Technical
11628,628,12,4,Billing
11629,629,12,6,Technical
11630,630,12,2,Service
11631,631,12,1,Technical
11632,632,12,3,Technical
11633,633,12,5,Technical
11634,634,12,5,Service
11635,635,12,7,Service
11636,636,12,7,Service
11637,637,12,5,Billing
11638,638,12,3,Service
11639,639,12,6,Service
11640,640,12,1,Billing
11641,641,12,6,Technical
11642,642,12,3,Technical
11643,643,12,3,Technical
11644,644,12,7,Service
11645,645,12,2,Service
11646,646,12,6,Billing
11647,647,12,5,Technical
11648,648,12,6,Billing
11649,649,12,5,Technical
11650,650,12,3,Service
11651,651,12,3,Service
11652,652,12,1,Technical
11653,653,12,3,Service
11654,654,12,4,Billing
11655,655,12,0,Technical
11656,656,12,0,Billing
11657,657,12,2,Billing
11658,658,12,5,Billing
11659,659,12,7,Billing
11660,660,12,4,Technical
11661,661,12,5,Billing
11662,662,12,2,Technical
11663,663,12,5,Technical
11664,664,12,6,Billing
11665,665,12,1,Billing
11666,666,12,2,Technical
11667,667,12,3,Billing
11668,668,12,5,Billing
11669,669,12,3,Service
11670,670,12,7,Service
11671,671,12,2,Billing
11672,672,12,4,Technical
11673,673,12,5,Billing
11674,674,12,5,Service
11675,675,12,2,Technical
11676,676,12,4,Billing
11677,677,12,6,Technical
11678,678,12,3,Service
11679,679,12,4,Service
11680,680,12,6,Billing
11681,681,12,1,Billing
11682,682,12,1,Technical
11683,683,12,5,Billing
11684,684,12,7,Billing
11685,685,12,5,Billing
11686,686,12,6,Service
11687,687,12,2,Technical
11688,688,12,4,Technical
11689,689,12,1,Technical
11690,690,12,7,Service
11691,691,12,3,Service
11692,692,12,5,Service
11693,693,12,3,Technical
11694,694,12,7,Technical
11695,695,12,3,Technical
11696,696,12,1,Technical
11697,697,12,3,Service
11698,698,12,4,Billing
11699,699,12,4,Billing
11700,700,12,4,Billing
11701,701,12,4,Service
11702,702,12,3,Technical
11703,703,12,1,Service
11704,704,12,11,Service
11705,705,12,7,Technical
11706,706,12,3,Technical
11707,707,12,7,Billing
11708,708,12,8,Technical
11709,709,12,5,Service
11710,710,12,4,Billing
11711,711,12,8,Service
11712,712,12,3,Technical
11713,713,12,4,Technical
11714,714,12,7,Technical
11715,715,12,7,Billing
11716,716,12,2,Service
11717,717,12,3,Service
11718,718,12,3,Technical
11719,719,12,1,Technical
11720,720,12,3,Technical
11721,721,12,4,Technical
11722,722,12,2,Service
11723,723,12,5,Technical
11724,724,12,2,Service
11725,725,12,5,Technical
11726,726,12,4,Billing
11727,727,12,2,Service
11728,728,12,5,Service
11729,729,12,4,Technical
11730,730,12,3,Billing
11731,731,12,6,Billing
11732,732,12,3,Service
11733,733,12,11,Service
11734,734,12,0,Technical
11735,735,12,1,Technical
11736,736,12,2,Service
11737,737,12,4,Technical
11738,738,12,4,Billing
11739,739,12,5,Technical
11740,740,12,4,Technical
11741,741,12,7,Technical
11742,742,12,6,Service
11743,743,12,1,Service
11744,744,12,2,Billing
11745,745,12,2,Technical
11746,746,12,5,Billing
11747,747,12,2,Technical
11748,748,12,5,Billing
11749,749,12,4,Billing
11750,750,12,4,Service
11751,751,12,4,Billing
11752,752,12,7,Technical
11753,753,12,5,Technical
11754,754,12,3,Technical
11755,755,12,5,Billing
11756,756,12,4,Billing
11757,757,12,3,Billing
11758,758,12,3,Service
11759,759,12,7,Technical
11760,760,12,6,Service
11761,761,12,3,Billing
11762,762,12,6,Technical
11763,763,12,3,Technical
11764,764,12,1,Technical
11765,765,12,2,Service
11766,766,12,6,Billing
11767,767,12,5,Billing
11768,768,12,3,Billing
11769,769,12,4,Technical
11770,770,12,5,Billing
11771,771,12,4,Billing
11772,772,12,8,Technical
11773,773,12,2,Technical
11774,774,12,5,Technical
11775,775,12,4,Billing
11776,776,12,2,Billing
11777,777,12,2,Technical
11778,778,12,7,Billing
11779,779,12,2,Technical
11780,780,12,1,Technical
11781,781,12,5,Technical
11782,782,12,5,Billing
11783,783,12,6,Technical
11784,784,12,6,Billing
11785,785,12,4,Billing
11786,786,12,2,Service
11787,787,12,6,Technical
11788,788,12,3,Billing
11789,789,12,3,Billing
11790,790,12,3,Technical
11791,791,12,7,Billing
11792,792,12,7,Service
11793,793,12,4,Technical
11794,794,12,1,Service
11795,795,12,1,Technical
11796,796,12,5,Service
11797,797,12,1,Service
11798,798,12,3,Technical
11799,799,12,3,Technical
11800,800,12,1,Billing
11801,801,12,1,Technical
11802,802,12,6,Technical
11803,803,12,3,Technical
11804,804,12,2,Service
11805,805,12,9,Technical
11806,806,12,4,Billing
11807,807,12,1,Technical
11808,808,12,3,Technical
11809,809,12,2,Service
11810,810,12,6,Technical
11811,811,12,4,Service
11812,812,12,2,Technical
11813,813,12,3,Technical
11814,814,12,6,Technical
11815,815,12,5,Technical
11816,816,12,4,Technical
11817,817,12,2,Technical
11818,818,12,5,Billing
11819,819,12,4,Billing
11820,820,12,3,Billing
11821,821,12,3,Billing
11822,822,12,4,Service
11823,823,12,5,Billing
11824,824,12,6,Service
11825,825,12,6,Billing
11826,826,12,6,Technical
11827,827,12,3,Billing
11828,828,12,5,Service
11829,829,12,2,Technical
11830,830,12,3,Service
11831,831,12,5,Technical
11832,832,12,4,Technical
11833,833,12,5,Technical
11834,834,12,3,Billing
11835,835,12,6,Billing
11836,836,12,1,Service
11837,837,12,5,Service
11838,838,12,6,Billing
11839,839,12,5,Service
11840,840,12,0,Billing
11841,841,12,1,Technical
11842,842,12,7,Technical
11843,843,12,3,Billing
11844,844,12,7,Billing
11845,845,12,4,Technical
11846,846,12,3,Service
11847,847,12,3,Technical
11848,848,12,4,Service
11849,849,12,2,Billing
11850,850,12,3,Technical
11851,851,12,6,Service
11852,852,12,4,Technical
11853,853,12,3,Billing
11854,854,12,4,Billing
11855,855,12,9,Technical
11856,856,12,5,Technical
11857,857,12,4,Billing
11858,858,12,3,Technical
11859,859,12,3,Technical
11860,860,12,2,Technical
11861,861,12,4,Billing
11862,862,12,2,Billing
11863,863,12,4,Technical
11864,864,12,5,Service
11865,865,12,2,Technical
11866,866,12,6,Service
11867,867,12,5,Technical
11868,868,12,3,Technical
11869,869,12,4,Service
11870,870,12,3,Billing
11871,871,12,4,Billing
11872,872,12,3,Service
11873,873,12,5,Billing
11874,874,12,5,Billing
11875,875,12,1,Billing
11876,876,12,4,Billing
11877,877,12,6,Service
11878,878,12,4,Technical
11879,879,12,5,Technical
11880,880,12,4,Service
11881,881,12,2,Billing
11882,882,12,4,Billing
11883,883,12,5,Service
11884,884,12,1,Service
11885,885,12,6,Billing
11886,886,12,3,Service
11887,887,12,4,Service
11888,888,12,6,Service
11889,889,12,5,Billing
11890,890,12,2,Technical
11891,891,12,5,Service
11892,892,12,4,Technical
11893,893,12,2,Technical
11894,894,12,3,Technical
11895,895,12,4,Billing
11896,896,12,5,Technical
11897,897,12,8,Billing
11898,898,12,5,Technical
11899,899,12,1,Technical
11900,900,12,2,Technical
11901,901,12,5,Billing
11902,902,12,2,Technical
11903,903,12,1,Technical
11904,904,12,4,Technical
11905,905,12,5,Technical
11906,906,12,5,Technical
11907,907,12,3,Billing
11908,908,12,0,Technical
11909,909,12,0,Technical
11910,910,12,4,Service
11911,911,12,1,Technical
11912,912,12,5,Service
11913,913,12,3,Technical
11914,914,12,3,Technical
11915,915,12,4,Technical
11916,916,12,3,Service
11917,917,12,6,Service
11918,918,12,7,Billing
11919,919,12,4,Service
11920,920,12,4,Billing
11921,921,12,5,Service
11922,922,12,4,Service
11923,923,12,4,Technical
11924,924,12,5,Technical
11925,925,12,4,Technical
11926,926,12,3,Service
11927,927,12,5,Billing
11928,928,12,3,Technical
11929,929,12,2,Billing
11930,930,12,9,Billing
11931,931,12,3,Technical
11932,932,12,4,Billing
11933,933,12,3,Billing
11934,934,12,5,Technical
11935,935,12,1,Billing
11936,936,12,1,Billing
11937,937,12,2,Billing
11938,938,12,4,Technical
11939,939,12,4,Service
11940,940,12,8,Billing
11941,941,12,6,Technical
11942,942,12,3,Technical
11943,943,12,5,Service
11944,944,12,2,Technical
11945,945,12,5,Technical
11946,946,12,6,Service
11947,947,12,2,Technical
11948,948,12,5,Billing
11949,949,12,5,Technical
11950,950,12,2,Billing
11951,951,12,6,Service
11952,952,12,1,Billing
11953,953,12,2,Service
11954,954,12,2,Billing
11955,955,12,6,Service
11956,956,12,5,Service
11957,957,12,5,Service
11958,958,12,2,Technical
11959,959,12,1,Technical
11960,960,12,4,Service
11961,961,12,1,Technical
11962,962,12,3,Technical
11963,963,12,7,Technical
11964,964,12,2,Billing
11965,965,12,3,Service
11966,966,12,6,Technical
11967,967,12,8,Technical
11968,968,12,6,Billing
11969,969,12,1,Service
11970,970,12,3,Technical
11971,971,12,3,Technical
11972,972,12,2,Service
11973,973,12,4,Service
11974,974,12,3,Service
11975,975,12,3,Billing
11976,976,12,9,Billing
11977,977,12,2,Technical
11978,978,12,10,Billing
11979,979,12,6,Technical
11980,980,12,7,Service
11981,981,12,0,Technical
11982,982,12,4,Billing
11983,983,12,3,Technical
11984,984,12,4,Technical
11985,985,12,5,Technical
11986,986,12,4,Service
11987,987,12,4,Technical
11988,988,12,5,Service
11989,989,12,5,Technical
11990,990,12,3,Billing
11991,991,12,4,Service
11992,992,12,4,Billing
11993,993,12,6,Billing
11994,994,12,4,Technical
11995,995,12,1,Billing
11996,996,12,4,Technical
11997,997,12,3,Technical
11998,998,12,3,Technical
11999,999,12,8,Technical
12000,1000,12,7,Billing
