usage_id,customer_id,month,data_usage_gb,call_minutes,sms_count,roaming_usage
1,1,1,17.049,104.0,56,0.121
2,2,1,8.184,142.0,45,0.045
3,3,1,13.87,141.0,45,0.147
4,4,1,17.335,75.0,44,0.364
5,5,1,9.878,118.0,44,0.585
6,6,1,17.46835977908302,112.0,42,0.148
7,7,1,26.621,136.0,46,0.399
8,8,1,19.244,114.0,57,0.428
9,9,1,8.932,142.0,55,0.115
10,10,1,20.241,138.0,50,0.85
11,11,1,10.917,112.0,32,0.488
12,12,1,17.46835977908302,103.0,58,0.129
13,13,1,22.907,130.0,41,0.675
14,14,1,25.67,142.0,60,0.711
15,15,1,9.648,155.0,55,0.065
16,16,1,24.78,104.0,49,0.027
17,17,1,12.339,86.0,56,0.441
18,18,1,23.487,116.0,56,1.584
19,19,1,17.46835977908302,152.0,54,0.679
20,20,1,29.292,128.0,46,0.91
21,21,1,15.787,104.0,56,1.155
22,22,1,14.253,137.0,42,0.037
23,23,1,25.175,119.0,40,0.238
24,24,1,25.381,102.0,52,0.206
25,25,1,23.705,152.0,57,0.413
26,26,1,0.973,134.0,40,0.242
27,27,1,21.634,118.0,45,0.019
28,28,1,15.909,118.0,60,0.104
29,29,1,13.249,109.0,44,0.057
30,30,1,19.369,121.0,67,0.774
31,31,1,11.841,115.0,45,0.216
32,32,1,10.914,141.0,49,0.235
33,33,1,20.654,106.0,56,0.336
34,34,1,12.117,136.0,49,0.503
35,35,1,20.737,136.0,54,0.753
36,36,1,29.41,123.0,56,0.231
37,37,1,8.872,126.0,45,1.007
38,38,1,17.493,87.0,43,0.164
39,39,1,13.018,97.0,51,0.232
40,40,1,15.425,102.0,59,0.187
41,41,1,17.46835977908302,134.0,45,0.015
42,42,1,17.459,136.0,53,0.697
43,43,1,16.052,109.0,49,0.349
44,44,1,12.39,109.0,56,0.001
45,45,1,20.077,103.0,46,1.451
46,46,1,28.562,126.0,51,0.255
47,47,1,12.083,139.0,53,0.203
48,48,1,5.664,140.0,46,0.13
49,49,1,15.448,116.0,55,0.525
50,50,1,10.494,140.0,45,0.538
51,51,1,13.919,140.0,49,0.272
52,52,1,14.342,127.0,49,0.438
53,53,1,9.548,139.0,54,0.224
54,54,1,5.327,118.0,44,0.085
55,55,1,13.162,133.0,56,0.367
56,56,1,21.295,97.0,65,0.684
57,57,1,17.97,132.0,51,0.344
58,58,1,11.246,152.0,57,0.158
59,59,1,11.735,141.0,42,0.223
60,60,1,11.52,101.0,47,0.385
61,61,1,17.46835977908302,136.0,55,2.547
62,62,1,22.405,98.0,57,0.02
63,63,1,32.5710026,131.0,56,0.179
64,64,1,21.087,116.0,44,0.159
65,65,1,22.399,113.0,42,0.345
66,66,1,29.401,87.0,47,0.247
67,67,1,8.725,163.0,49,0.334
68,68,1,16.187,88.0,45,0.43
69,69,1,20.592,135.0,54,0.611
70,70,1,11.587,100.0,55,0.882
71,71,1,13.319,108.0,55,1.663
72,72,1,24.688,111.0,35,0.249
73,73,1,13.708,140.0,57,0.023
74,74,1,19.106,106.0,51,0.317
75,75,1,21.854,117.0,43,0.495
76,76,1,17.844,125.0,57,0.038
77,77,1,16.733,112.0,41,0.038
78,78,1,23.832,118.0,57,0.949
79,79,1,13.192,111.0,48,0.102
80,80,1,14.939,100.0,57,0.319
81,81,1,13.359,127.0,62,0.059
82,82,1,17.389,124.0,38,0.399
83,83,1,18.425,95.0,62,0.255
84,84,1,11.066,97.0,52,1.359
85,85,1,21.168,123.0,54,0.431
86,86,1,14.901,119.0,52,0.656
87,87,1,13.345,145.0,61,1.05
88,88,1,18.708,116.0,46,0.077
89,89,1,23.144,138.0,45,0.26
90,90,1,10.269,165.0,44,1.44
91,91,1,14.991,117.0,43,0.597
92,92,1,14.271,133.0,40,0.427
93,93,1,11.346,122.0,48,0.409
94,94,1,9.699,111.0,55,0.933
95,95,1,7.036,124.0,54,0.14
96,96,1,4.928,134.0,49,0.481
97,97,1,13.459,163.0,49,0.78
98,98,1,18.163,119.0,57,0.208
99,99,1,23.785,94.0,47,0.937
100,100,1,30.781,102.0,67,1.7
101,101,1,12.351,123.0,33,0.351
102,102,1,10.118,137.0,46,0.093
103,103,1,17.46835977908302,143.0,56,0.443
104,104,1,20.655,163.0,48,0.192
105,105,1,20.924,104.0,53,0.467
106,106,1,19.697,132.0,51,0.704
107,107,1,13.95,154.0,43,2.569
108,108,1,13.998,116.0,39,0.053
109,109,1,31.549,87.0,50,0.925
110,110,1,10.251,101.0,53,0.456
111,111,1,19.32,119.0,56,1.025
112,112,1,10.842,138.0,45,0.516
113,113,1,14.582,150.0,63,0.582
114,114,1,17.46835977908302,154.0,54,0.233
115,115,1,17.46835977908302,118.0,54,0.739
116,116,1,22.384,104.0,38,0.748
117,117,1,17.074,129.0,59,0.228
118,118,1,17.46835977908302,115.0,48,0.618
119,119,1,16.246,113.0,48,0.546
120,120,1,8.275,122.0,58,0.552
121,121,1,1.67,141.0,48,0.334
122,122,1,8.99,132.0,47,0.043
123,123,1,22.84,88.0,38,0.143
124,124,1,26.976,93.0,63,1.887
125,125,1,17.497,100.0,44,0.34
126,126,1,15.986,151.0,59,1.489
127,127,1,25.619,114.0,51,0.349
128,128,1,28.411,112.0,54,0.476
129,129,1,4.603,140.0,52,0.25
130,130,1,10.595,159.0,54,0.404
131,131,1,14.407,98.0,51,1.18
132,132,1,20.898,116.0,51,0.571
133,133,1,7.72,124.0,55,0.613
134,134,1,9.876,146.0,46,0.753
135,135,1,17.568,119.0,45,0.086
136,136,1,15.164,155.0,57,0.014
137,137,1,13.424,158.0,59,0.471
138,138,1,15.202,119.0,57,1.079
139,139,1,14.968,155.0,55,0.161
140,140,1,29.022,101.0,37,2.157
141,141,1,17.336,127.0,53,0.19
142,142,1,14.536,163.0,58,0.042
143,143,1,17.581,145.0,50,0.11
144,144,1,13.182,134.0,42,1.336
145,145,1,25.96,131.0,55,0.121
146,146,1,28.681,139.0,40,0.016
147,147,1,17.46835977908302,137.0,58,0.115
148,148,1,28.098,136.0,49,0.136
149,149,1,8.067,118.0,43,0.517
150,150,1,12.939,132.0,51,0.256
151,151,1,9.587,137.0,58,1.364
152,152,1,27.109,127.0,52,1.115
153,153,1,21.173,141.0,55,0.296
154,154,1,27.802,111.0,40,0.875
155,155,1,29.365,140.0,54,1.009
156,156,1,14.245,131.0,54,0.339
157,157,1,12.173,141.0,55,0.028
158,158,1,15.895,134.0,44,0.296
159,159,1,10.302,133.0,48,0.019
160,160,1,25.423,84.0,58,1.633
161,161,1,9.435,132.0,52,0.298
162,162,1,27.099,114.0,49,0.49
163,163,1,17.46835977908302,91.0,45,0.946
164,164,1,12.611,137.0,32,0.713
165,165,1,24.532,111.0,53,0.003
166,166,1,19.449,125.0,52,0.427
167,167,1,17.402,83.0,57,0.245
168,168,1,10.366,136.0,47,1.859
169,169,1,14.574,128.0,52,0.721
170,170,1,15.768,157.0,48,0.022
171,171,1,21.755,105.0,42,0.372
172,172,1,22.809,127.0,49,0.22
173,173,1,25.456,147.0,54,0.448
174,174,1,26.451,128.0,54,0.054
175,175,1,15.096,118.0,53,0.247
176,176,1,32.5710026,94.0,52,0.271
177,177,1,18.901,119.0,45,0.985
178,178,1,6.649,139.0,48,0.169
179,179,1,20.063,136.0,43,0.198
180,180,1,27.963,107.0,51,0.654
181,181,1,24.859,114.0,48,1.377
182,182,1,17.46835977908302,145.0,58,0.281
183,183,1,17.46835977908302,115.0,61,0.596
184,184,1,11.672,117.0,55,0.157
185,185,1,9.008,113.0,62,0.221
186,186,1,16.934,129.0,47,0.955
187,187,1,12.938,128.0,45,0.361
188,188,1,11.201,113.0,50,0.144
189,189,1,11.588,132.0,55,0.247
190,190,1,15.031,122.0,40,0.629
191,191,1,18.115,136.0,53,0.001
192,192,1,13.031,166.0,46,0.253
193,193,1,6.648,134.0,53,1.482
194,194,1,13.268,148.0,63,0.721
195,195,1,11.11,137.0,62,0.871
196,196,1,14.903,126.0,43,0.013
197,197,1,14.493,122.0,52,0.399
198,198,1,26.976,98.0,50,1.097
199,199,1,16.475,137.0,41,0.605
200,200,1,11.625,117.0,47,0.055
201,201,1,18.791,125.0,46,1.178
202,202,1,15.187,114.0,49,0.466
203,203,1,8.443,154.0,48,0.06
204,204,1,14.245,128.0,46,1.56
205,205,1,27.112,90.0,57,3.391
206,206,1,23.501,156.0,57,0.093
207,207,1,12.443,131.0,40,0.434
208,208,1,19.387,128.0,54,0.269
209,209,1,13.171,145.0,56,0.29
210,210,1,23.778,119.0,63,1.149
211,211,1,7.398,134.0,47,0.378
212,212,1,15.706,154.0,57,0.053
213,213,1,14.378,92.0,40,0.557
214,214,1,32.5710026,98.0,50,0.259
215,215,1,17.46835977908302,166.0,46,0.531
216,216,1,20.334,135.0,47,0.234
217,217,1,13.962,98.0,36,1.529
218,218,1,22.539,99.0,53,0.353
219,219,1,14.828,103.0,32,0.137
220,220,1,19.106,90.0,52,0.952
221,221,1,14.597,155.0,44,0.418
222,222,1,17.1,128.0,62,0.427
223,223,1,12.46,120.0,52,0.794
224,224,1,10.077,111.0,47,0.207
225,225,1,23.745,124.0,41,0.699
226,226,1,5.371,133.0,59,0.151
227,227,1,11.533,141.0,49,0.387
228,228,1,28.002,110.0,41,0.055
229,229,1,13.821,124.0,48,0.076
230,230,1,13.765,108.0,56,0.711
231,231,1,21.923,133.0,55,0.753
232,232,1,17.514,148.0,46,0.912
233,233,1,6.967,150.0,58,0.025
234,234,1,10.623,104.0,55,0.044
235,235,1,19.295,106.0,55,0.466
236,236,1,10.424,112.0,46,0.621
237,237,1,18.339,152.0,49,0.022
238,238,1,24.231,133.0,43,0.469
239,239,1,13.597,78.0,45,2.061
240,240,1,11.067,120.0,42,1.631
241,241,1,10.754,154.0,51,0.302
242,242,1,9.966,102.0,74,0.305
243,243,1,16.933,110.0,41,0.325
244,244,1,10.183,108.0,50,0.235
245,245,1,17.388,127.0,49,0.019
246,246,1,17.518,125.0,53,0.12
247,247,1,17.298,134.0,57,0.091
248,248,1,10.166,112.0,46,1.417
249,249,1,27.885,93.0,59,0.316
250,250,1,10.384,152.0,42,0.551
251,251,1,16.41,95.0,49,0.644
252,252,1,20.559,109.0,41,0.086
253,253,1,20.154,139.0,54,0.704
254,254,1,22.149,133.0,39,0.081
255,255,1,17.46835977908302,102.0,59,0.289
256,256,1,8.886,156.0,50,0.131
257,257,1,10.657,137.0,42,0.247
258,258,1,28.886,117.0,47,0.544
259,259,1,20.051,122.0,42,0.781
260,260,1,9.617,128.0,48,0.17
261,261,1,8.472,111.0,53,0.046
262,262,1,24.469,129.0,61,0.96
263,263,1,10.333,114.0,59,0.015
264,264,1,26.532,94.0,51,0.032
265,265,1,14.881,96.0,49,0.449
266,266,1,29.295,122.0,55,0.339
267,267,1,12.69,133.0,43,0.865
268,268,1,8.069,109.0,61,0.003
269,269,1,11.32,130.0,51,0.208
270,270,1,7.953,127.0,43,0.436
271,271,1,18.305,107.0,56,0.161
272,272,1,31.427,120.0,46,0.035
273,273,1,12.559,128.0,39,0.858
274,274,1,9.253,136.0,48,2.405
275,275,1,11.967,96.0,49,0.474
276,276,1,9.257,131.0,48,0.477
277,277,1,19.213,106.0,46,0.44
278,278,1,15.639,147.0,54,0.255
279,279,1,22.668,101.0,51,0.91
280,280,1,31.482,104.0,53,1.841
281,281,1,12.653,126.0,52,0.359
282,282,1,10.751,160.0,39,0.21
283,283,1,10.943,106.0,44,0.202
284,284,1,14.457,99.0,44,0.084
285,285,1,19.877,125.0,50,0.144
286,286,1,17.46835977908302,131.0,55,0.127
287,287,1,17.268,114.0,46,0.682
288,288,1,13.142,127.0,42,0.26
289,289,1,15.166,111.0,43,0.016
290,290,1,9.688,134.0,54,0.105
291,291,1,21.206,140.0,48,0.287
292,292,1,7.888,123.0,54,0.169
293,293,1,24.012,132.0,57,0.009
294,294,1,22.146,94.0,55,0.825
295,295,1,14.279,145.0,47,0.045
296,296,1,20.461,112.0,46,1.218
297,297,1,12.723,140.0,44,0.417
298,298,1,13.152,102.0,48,0.096
299,299,1,21.133,117.0,38,2.362
300,300,1,21.959,132.0,43,0.55
301,301,1,28.439,115.0,43,1.191
302,302,1,6.044,151.0,44,1.287
303,303,1,18.805,146.0,44,0.133
304,304,1,19.899,125.0,53,0.226
305,305,1,27.205,122.0,54,0.349
306,306,1,11.727,141.0,43,0.826
307,307,1,22.189,126.0,50,0.217
308,308,1,26.315,101.0,50,0.584
309,309,1,9.759,124.0,33,0.178
310,310,1,14.858,119.0,48,0.026
311,311,1,26.613,122.0,49,0.023
312,312,1,22.821,85.0,52,0.224
313,313,1,15.458,124.0,37,0.275
314,314,1,9.533,97.0,56,0.546
315,315,1,12.85,157.0,53,0.596
316,316,1,16.76,112.0,49,0.071
317,317,1,22.538,118.0,53,0.263
318,318,1,12.153,130.0,36,0.216
319,319,1,19.762,119.0,44,0.025
320,320,1,25.877,127.0,60,0.068
321,321,1,11.822,139.0,46,1.733
322,322,1,21.074,107.0,51,0.035
323,323,1,17.404,145.0,50,0.994
324,324,1,21.494,90.0,52,1.135
325,325,1,31.758,125.0,51,3.375
326,326,1,12.734,120.0,52,0.021
327,327,1,30.27,109.0,48,0.169
328,328,1,12.264,106.0,51,0.143
329,329,1,11.738,125.0,55,0.711
330,330,1,20.961,144.0,50,0.618
331,331,1,6.241,139.0,64,0.418
332,332,1,28.861,119.0,41,0.391
333,333,1,15.889,95.0,49,0.132
334,334,1,28.903,105.0,50,1.258
335,335,1,10.663,136.0,56,0.605
336,336,1,10.655,160.0,41,0.034
337,337,1,27.953,93.0,46,0.083
338,338,1,17.629,154.0,59,0.266
339,339,1,12.913,122.0,52,1.939
340,340,1,17.46835977908302,131.0,59,1.991
341,341,1,6.226,146.0,39,0.117
342,342,1,32.5710026,124.0,52,1.753
343,343,1,16.941,104.0,55,0.141
344,344,1,19.724,115.0,59,0.295
345,345,1,9.933,124.0,60,0.943
346,346,1,13.189,128.0,43,0.357
347,347,1,30.978,117.0,46,0.172
348,348,1,25.251,125.0,38,2.354
349,349,1,14.967,112.0,49,0.351
350,350,1,8.006,104.0,37,0.985
351,351,1,17.373,142.0,54,0.336
352,352,1,26.924,130.0,51,0.342
353,353,1,13.951,106.0,34,0.222
354,354,1,19.907,114.0,61,0.322
355,355,1,13.788,144.0,47,0.026
356,356,1,19.142,145.0,60,0.072
357,357,1,26.661,88.0,48,0.278
358,358,1,20.105,117.0,43,0.396
359,359,1,23.364,124.0,49,0.203
360,360,1,18.974,161.0,57,1.028
361,361,1,23.793,94.0,48,2.221
362,362,1,20.309,101.0,45,1.118
363,363,1,19.669,118.0,54,0.072
364,364,1,11.654,140.0,52,0.184
365,365,1,9.479,137.0,60,0.594
366,366,1,21.201,119.0,55,0.061
367,367,1,18.14,98.0,49,0.277
368,368,1,14.798,90.0,39,0.15
369,369,1,22.692,119.0,51,1.334
370,370,1,20.082,121.0,60,0.019
371,371,1,16.197,119.0,44,1.03
372,372,1,29.964,110.0,54,0.332
373,373,1,17.865,140.0,54,0.253
374,374,1,17.46835977908302,122.0,42,0.909
375,375,1,10.907,114.0,59,0.056
376,376,1,10.412,138.0,58,0.007
377,377,1,17.46835977908302,119.0,50,0.187
378,378,1,18.88,166.0,40,0.158
379,379,1,11.611,125.0,50,0.018
380,380,1,27.951,125.0,37,0.316
381,381,1,13.317,124.0,53,0.28
382,382,1,19.309,110.0,41,0.017
383,383,1,12.111,139.0,55,0.172
384,384,1,30.934,126.0,49,0.089
385,385,1,15.498,133.0,47,0.558
386,386,1,18.394,121.0,54,0.014
387,387,1,16.366,99.0,41,0.397
388,388,1,17.585,105.0,60,0.251
389,389,1,20.217,145.0,52,0.582
390,390,1,6.896,111.0,63,0.016
391,391,1,13.468,138.0,44,0.38
392,392,1,20.025,137.0,48,0.173
393,393,1,14.279,160.0,47,1.153
394,394,1,12.131,130.0,53,0.129
395,395,1,9.317,140.0,49,0.592
396,396,1,16.866,118.0,34,0.691
397,397,1,28.844,157.0,57,0.187
398,398,1,17.734,114.0,62,0.282
399,399,1,10.634,103.0,56,1.915
400,400,1,7.043,130.0,53,0.344
401,401,1,29.13,137.0,52,0.432
402,402,1,22.204,108.0,41,0.569
403,403,1,11.974,148.0,52,0.331
404,404,1,20.251,126.0,58,0.135
405,405,1,10.489,124.0,49,0.535
406,406,1,17.46835977908302,102.0,55,1.192
407,407,1,31.067,96.0,59,0.582
408,408,1,24.009,101.0,67,0.882
409,409,1,9.851,101.0,38,0.319
410,410,1,17.46835977908302,101.0,46,1.274
411,411,1,24.251,117.0,53,0.058
412,412,1,25.809,105.0,45,0.572
413,413,1,17.007,130.0,52,0.012
414,414,1,17.08,93.0,43,0.209
415,415,1,31.631,104.0,52,0.598
416,416,1,5.875,127.0,46,1.184
417,417,1,16.337,144.0,54,0.248
418,418,1,10.947,129.0,48,0.174
419,419,1,32.057,105.0,45,0.114
420,420,1,16.136,156.0,46,0.234
421,421,1,8.579,131.0,46,0.149
422,422,1,18.695,108.0,51,0.195
423,423,1,12.109,117.0,53,0.729
424,424,1,13.062,109.0,44,0.601
425,425,1,16.291,122.0,45,0.088
426,426,1,15.699,115.0,51,0.117
427,427,1,11.487,157.0,57,0.292
428,428,1,17.177,120.0,45,1.13
429,429,1,21.967,126.0,52,0.329
430,430,1,26.961,122.0,54,0.326
431,431,1,20.374,95.0,49,1.17
432,432,1,8.322,126.0,44,0.141
433,433,1,32.571,105.0,53,0.997
434,434,1,28.371,114.0,45,2.065
435,435,1,19.697,99.0,60,1.77
436,436,1,17.515,135.0,67,1.075
437,437,1,13.93,125.0,55,0.155
438,438,1,18.967,142.0,47,2.882
439,439,1,21.656,129.0,45,0.666
440,440,1,17.922,117.0,44,0.148
441,441,1,13.509,129.0,42,0.308
442,442,1,20.85,107.0,39,0.126
443,443,1,19.319,162.0,35,1.39
444,444,1,12.579,140.0,49,0.137
445,445,1,9.198,147.0,51,0.298
446,446,1,24.739,134.0,46,0.639
447,447,1,16.407,134.0,57,0.704
448,448,1,7.746,136.0,57,1.036
449,449,1,15.263,86.0,45,0.135
450,450,1,15.653,120.0,47,0.267
451,451,1,30.368,121.0,64,0.299
452,452,1,16.508,113.0,40,0.979
453,453,1,23.407,108.0,57,0.92
454,454,1,17.46835977908302,113.0,58,0.307
455,455,1,9.623,132.0,54,0.21
456,456,1,7.834,166.0,50,0.649
457,457,1,20.908,96.0,51,1.911
458,458,1,18.631,103.0,60,0.874
459,459,1,18.824,149.0,51,0.193
460,460,1,17.46835977908302,138.0,47,0.287
461,461,1,19.528,159.0,43,0.355
462,462,1,18.43,134.0,53,0.328
463,463,1,12.863,114.0,47,0.168
464,464,1,13.94,105.0,63,0.15
465,465,1,17.492,103.0,44,0.996
466,466,1,14.671,113.0,59,0.799
467,467,1,13.809,117.0,54,1.985
468,468,1,19.259,118.0,48,0.656
469,469,1,8.935,118.0,64,0.653
470,470,1,12.716,129.0,42,0.851
471,471,1,19.849,123.0,41,2.13
472,472,1,12.517,88.0,49,0.164
473,473,1,14.066,146.0,56,0.154
474,474,1,14.757,147.0,47,0.015
475,475,1,18.411,139.0,49,0.894
476,476,1,17.46835977908302,144.0,61,0.728
477,477,1,23.537,117.0,62,1.213
478,478,1,26.863,139.0,48,0.199
479,479,1,17.46835977908302,127.0,45,0.549
480,480,1,12.244,145.0,48,0.951
481,481,1,15.694,103.0,50,0.031
482,482,1,11.177,116.0,50,0.159
483,483,1,21.124,94.0,47,0.811
484,484,1,30.503,84.0,59,0.307
485,485,1,13.689,166.0,55,0.835
486,486,1,17.227,127.0,52,0.812
487,487,1,13.116,120.0,52,0.37
488,488,1,17.46835977908302,104.0,40,0.447
489,489,1,13.668,117.0,50,0.343
490,490,1,11.177,116.0,48,2.233
491,491,1,15.518,136.0,59,0.148
492,492,1,23.79,126.0,46,0.422
493,493,1,18.487,114.0,56,0.899
494,494,1,23.467,119.0,49,0.173
495,495,1,11.535,137.0,55,0.335
496,496,1,20.722,134.0,50,0.029
497,497,1,22.615,129.0,47,0.498
498,498,1,12.883,102.0,44,0.608
499,499,1,12.802,142.0,65,0.576
500,500,1,9.236,147.0,49,0.091
501,501,1,21.481,119.0,41,0.126
502,502,1,10.492,132.0,43,0.234
503,503,1,8.165,112.0,67,0.676
504,504,1,15.324,127.0,57,0.733
505,505,1,14.937,131.0,46,0.533
506,506,1,22.917,121.0,57,0.781
507,507,1,25.506,155.0,52,0.759
508,508,1,13.499,146.0,52,0.324
509,509,1,23.111,97.0,43,0.399
510,510,1,17.46835977908302,125.0,42,0.463
511,511,1,28.085,137.0,42,0.19
512,512,1,18.495,163.0,58,0.016
513,513,1,17.46835977908302,158.0,55,0.052
514,514,1,11.484,150.0,53,0.476
515,515,1,26.553,105.0,55,1.748
516,516,1,21.993,114.0,42,0.773
517,517,1,27.693,132.0,50,2.302
518,518,1,18.35,97.0,51,1.363
519,519,1,12.647,134.0,41,0.6
520,520,1,11.145,118.0,54,0.812
521,521,1,25.746,135.0,53,0.002
522,522,1,13.417,125.0,50,0.457
523,523,1,29.185,109.0,51,0.363
524,524,1,25.996,133.0,49,0.304
525,525,1,9.944,138.0,50,0.8
526,526,1,8.659,141.0,45,0.197
527,527,1,13.841,110.0,49,0.338
528,528,1,21.481,142.0,36,0.37
529,529,1,20.411,127.0,47,0.084
530,530,1,15.872,117.0,37,0.17
531,531,1,12.638,137.0,46,0.328
532,532,1,10.283,106.0,52,0.177
533,533,1,9.172,128.0,55,0.321
534,534,1,11.011,109.0,54,0.094
535,535,1,22.717,117.0,41,0.084
536,536,1,7.746,128.0,57,0.782
537,537,1,29.939,157.0,64,0.445
538,538,1,32.5710026,120.0,58,0.089
539,539,1,7.764,144.0,59,0.367
540,540,1,16.515,133.0,50,0.468
541,541,1,14.812,100.0,48,0.222
542,542,1,19.469,114.0,42,0.026
543,543,1,8.954,109.0,44,0.048
544,544,1,15.865,101.0,51,0.043
545,545,1,21.428,91.0,45,1.359
546,546,1,14.658,147.0,48,0.047
547,547,1,7.966,133.0,52,0.714
548,548,1,11.617,98.0,50,0.466
549,549,1,13.15,149.0,53,1.429
550,550,1,9.393,132.0,60,0.841
551,551,1,17.671,100.0,47,0.381
552,552,1,4.125,142.0,47,0.612
553,553,1,16.182,116.0,42,0.043
554,554,1,14.703,127.0,51,0.35
555,555,1,12.472,107.0,38,0.051
556,556,1,16.255,141.0,48,0.672
557,557,1,26.149,121.0,47,0.054
558,558,1,20.981,124.0,55,0.326
559,559,1,19.668,135.0,52,0.154
560,560,1,14.707,149.0,43,0.133
561,561,1,32.5710026,122.0,42,0.083
562,562,1,17.46835977908302,93.0,49,1.287
563,563,1,9.362,152.0,59,1.201
564,564,1,13.076,110.0,47,0.555
565,565,1,12.545,105.0,46,0.944
566,566,1,19.63,132.0,50,0.029
567,567,1,7.333,149.0,55,0.344
568,568,1,23.868,99.0,35,0.125
569,569,1,2.403,146.0,33,0.332
570,570,1,17.934,113.0,56,0.464
571,571,1,17.792,118.0,60,0.048
572,572,1,9.665,137.0,38,0.054
573,573,1,17.46835977908302,88.0,44,0.24
574,574,1,18.645,127.0,50,0.219
575,575,1,8.254,134.0,42,0.163
576,576,1,12.204,109.0,42,0.056
577,577,1,21.594,111.0,46,0.108
578,578,1,27.849,109.0,49,0.079
579,579,1,23.393,106.0,47,0.009
580,580,1,21.421,129.0,46,0.118
581,581,1,15.804,109.0,44,1.958
582,582,1,23.578,107.0,61,1.271
583,583,1,11.997,129.0,49,0.143
584,584,1,32.5710026,114.0,45,0.582
585,585,1,26.212,146.0,46,0.537
586,586,1,17.46835977908302,100.0,55,0.194
587,587,1,8.06,119.0,56,1.643
588,588,1,15.674,159.0,43,2.384
589,589,1,17.46835977908302,138.0,44,0.093
590,590,1,16.397,123.0,61,0.477
591,591,1,21.089,150.0,47,0.314
592,592,1,14.108,147.0,36,0.769
593,593,1,18.242,100.0,41,0.011
594,594,1,22.537,115.0,43,0.414
595,595,1,14.41,140.0,53,0.165
596,596,1,17.499,153.0,54,0.576
597,597,1,22.358,106.0,63,0.185
598,598,1,12.397,136.0,49,0.847
599,599,1,32.25,99.0,61,0.051
600,600,1,24.773,113.0,54,0.2
601,601,1,15.073,145.0,55,0.231
602,602,1,27.661,116.0,56,0.634
603,603,1,19.988,144.0,63,0.343
604,604,1,14.101,115.0,53,1.056
605,605,1,14.075,160.0,46,0.709
606,606,1,8.426,118.0,45,1.048
607,607,1,18.969,126.0,59,1.325
608,608,1,17.159,106.0,48,0.061
609,609,1,15.66,106.0,59,0.244
610,610,1,28.531,142.0,48,0.783
611,611,1,17.46835977908302,125.0,48,0.035
612,612,1,17.46835977908302,110.0,52,0.242
613,613,1,18.331,126.0,47,0.423
614,614,1,9.21,143.0,59,0.115
615,615,1,17.46835977908302,146.0,36,0.43
616,616,1,19.254,129.0,53,0.222
617,617,1,8.754,115.0,50,0.046
618,618,1,17.021,124.0,41,0.304
619,619,1,14.52,125.0,53,0.796
620,620,1,14.326,111.0,39,0.061
621,621,1,14.221,134.0,59,0.107
622,622,1,20.475,119.0,41,0.267
623,623,1,15.49,149.0,63,0.307
624,624,1,13.232,166.0,42,0.213
625,625,1,18.185,142.0,47,0.788
626,626,1,26.154,140.0,55,0.251
627,627,1,17.46835977908302,124.0,59,1.803
628,628,1,14.229,124.0,50,1.346
629,629,1,19.007,134.0,53,0.356
630,630,1,17.956,161.0,64,0.249
631,631,1,17.17,111.0,31,0.445
632,632,1,3.744,165.0,54,0.455
633,633,1,15.595,117.0,40,0.206
634,634,1,13.574,111.0,51,0.333
635,635,1,10.831,97.0,42,1.776
636,636,1,12.891,112.0,51,0.017
637,637,1,26.72,102.0,44,0.734
638,638,1,10.764,125.0,60,0.069
639,639,1,15.412,95.0,59,0.834
640,640,1,14.128,104.0,52,1.067
641,641,1,27.943,138.0,41,0.749
642,642,1,13.996,131.0,48,0.303
643,643,1,15.518,114.0,70,0.53
644,644,1,17.46835977908302,128.0,53,0.131
645,645,1,19.855,124.0,51,0.291
646,646,1,26.24,130.0,50,0.733
647,647,1,5.238,124.0,49,1.319
648,648,1,13.899,112.0,45,0.727
649,649,1,7.831,153.0,52,0.216
650,650,1,15.566,140.0,48,0.165
651,651,1,14.273,105.0,49,0.999
652,652,1,19.929,103.0,46,0.01
653,653,1,21.849,114.0,63,0.761
654,654,1,21.115,152.0,43,2.921
655,655,1,6.026,137.0,37,0.107
656,656,1,15.247,102.0,46,0.195
657,657,1,27.595,111.0,49,0.525
658,658,1,12.719,137.0,48,0.203
659,659,1,16.879,153.0,51,0.06
660,660,1,18.009,114.0,40,0.048
661,661,1,9.005,103.0,55,0.15
662,662,1,22.109,110.0,53,0.153
663,663,1,9.308,123.0,50,0.127
664,664,1,26.745,114.0,52,0.0
665,665,1,16.074,98.0,57,0.571
666,666,1,17.46835977908302,109.0,48,0.268
667,667,1,17.593,118.0,54,0.173
668,668,1,21.258,146.0,41,0.047
669,669,1,10.861,107.0,46,0.508
670,670,1,17.187,107.0,58,0.159
671,671,1,17.516,111.0,45,0.232
672,672,1,31.047,90.0,57,1.001
673,673,1,13.971,136.0,46,0.206
674,674,1,23.287,135.0,30,0.041
675,675,1,18.187,136.0,56,0.31
676,676,1,6.787,117.0,51,0.29
677,677,1,17.206,124.0,51,0.158
678,678,1,16.5,112.0,48,0.005
679,679,1,25.15,105.0,34,0.364
680,680,1,23.71,78.0,59,1.263
681,681,1,13.38,112.0,64,0.116
682,682,1,18.177,111.0,42,0.01
683,683,1,16.217,135.0,46,0.666
684,684,1,13.64,102.0,64,0.153
685,685,1,15.777,136.0,40,0.335
686,686,1,29.506,157.0,48,1.077
687,687,1,6.93,89.0,37,0.369
688,688,1,20.228,122.0,47,0.381
689,689,1,17.46835977908302,115.0,48,0.189
690,690,1,15.305,150.0,53,0.176
691,691,1,20.158,125.0,59,0.254
692,692,1,20.134,98.0,42,0.288
693,693,1,14.878,128.0,44,0.174
694,694,1,17.46835977908302,123.0,43,0.623
695,695,1,15.603,116.0,52,0.718
696,696,1,16.888,125.0,46,0.037
697,697,1,8.466,98.0,41,0.226
698,698,1,25.49,141.0,50,0.345
699,699,1,15.988,125.0,40,0.329
700,700,1,6.6,143.0,48,0.962
701,701,1,12.542,125.0,57,0.217
702,702,1,14.169,159.0,33,0.799
703,703,1,25.738,139.0,46,0.096
704,704,1,8.626,124.0,47,2.927
705,705,1,18.616,118.0,47,0.28
706,706,1,15.501,156.0,56,1.358
707,707,1,24.607,124.0,45,1.189
708,708,1,21.465,154.0,51,0.082
709,709,1,9.536,113.0,49,1.002
710,710,1,17.46835977908302,152.0,43,0.709
711,711,1,11.616,134.0,45,0.211
712,712,1,23.386,100.0,45,0.939
713,713,1,12.435,130.0,52,0.795
714,714,1,27.155,115.0,40,2.353
715,715,1,17.46835977908302,138.0,52,0.012
716,716,1,14.522,114.0,54,0.825
717,717,1,12.859,107.0,36,0.083
718,718,1,17.871,140.0,57,0.008
719,719,1,7.316,110.0,42,1.057
720,720,1,7.358,98.0,44,0.925
721,721,1,25.367,133.0,72,0.452
722,722,1,14.49,116.0,55,0.273
723,723,1,5.36,104.0,51,1.986
724,724,1,21.097,97.0,36,0.639
725,725,1,18.362,101.0,63,0.293
726,726,1,22.332,145.0,53,1.079
727,727,1,14.636,129.0,55,0.687
728,728,1,30.128,88.0,49,1.144
729,729,1,28.467,118.0,43,0.354
730,730,1,3.925,128.0,47,0.067
731,731,1,10.416,108.0,50,0.964
732,732,1,16.654,110.0,72,1.921
733,733,1,13.251,140.0,51,0.037
734,734,1,20.288,101.0,59,0.025
735,735,1,15.366,126.0,51,0.566
736,736,1,17.46835977908302,93.0,49,0.095
737,737,1,17.493,109.0,37,0.159
738,738,1,20.964,138.0,53,1.47
739,739,1,12.29,93.0,58,0.13
740,740,1,21.261,136.0,55,0.153
741,741,1,23.116,118.0,38,0.432
742,742,1,29.882,136.0,51,0.517
743,743,1,11.403,125.0,47,0.993
744,744,1,18.435,105.0,45,0.01
745,745,1,10.065,143.0,56,0.098
746,746,1,29.617,102.0,50,0.003
747,747,1,15.789,126.0,60,0.001
748,748,1,18.425,103.0,50,0.014
749,749,1,14.764,139.0,54,0.223
750,750,1,20.578,116.0,50,0.119
751,751,1,12.276,149.0,56,0.801
752,752,1,10.417,125.0,55,0.32
753,753,1,8.634,129.0,44,0.111
754,754,1,13.866,105.0,47,0.743
755,755,1,16.31,152.0,47,0.941
756,756,1,3.99,155.0,49,0.245
757,757,1,13.524,95.0,56,0.44
758,758,1,30.893,128.0,47,0.824
759,759,1,22.387,121.0,59,0.7
760,760,1,19.571,84.0,48,2.208
761,761,1,13.081,113.0,51,0.587
762,762,1,8.612,136.0,60,0.609
763,763,1,25.176,112.0,42,0.229
764,764,1,32.5710026,117.0,55,1.079
765,765,1,17.263,96.0,52,0.825
766,766,1,9.71,164.0,46,0.364
767,767,1,8.085,118.0,44,0.202
768,768,1,15.155,131.0,48,0.436
769,769,1,7.636,109.0,59,0.416
770,770,1,18.776,98.0,55,0.057
771,771,1,19.712,104.0,52,0.605
772,772,1,12.114,130.0,49,0.253
773,773,1,13.038,117.0,48,0.727
774,774,1,13.064,130.0,49,1.33
775,775,1,16.219,148.0,52,1.081
776,776,1,12.052,126.0,63,0.046
777,777,1,24.755,131.0,49,0.139
778,778,1,20.985,121.0,45,0.383
779,779,1,13.342,155.0,48,0.163
780,780,1,14.557,114.0,45,0.015
781,781,1,8.945,151.0,56,0.215
782,782,1,9.786,136.0,50,0.344
783,783,1,32.5710026,101.0,51,0.409
784,784,1,17.46835977908302,125.0,36,1.059
785,785,1,8.787,119.0,41,0.3
786,786,1,11.106,120.0,49,0.144
787,787,1,18.133,134.0,44,0.822
788,788,1,23.754,130.0,51,0.022
789,789,1,18.514,127.0,42,0.098
790,790,1,18.07,144.0,61,0.988
791,791,1,18.106,110.0,43,0.043
792,792,1,13.518,130.0,51,0.556
793,793,1,11.276,125.0,49,0.443
794,794,1,12.749,125.0,48,1.393
795,795,1,16.919,83.0,61,0.078
796,796,1,25.187,149.0,55,0.823
797,797,1,16.821,100.0,45,0.257
798,798,1,13.807,122.0,52,0.157
799,799,1,27.178,103.0,45,0.904
800,800,1,15.94,148.0,44,0.375
801,801,1,9.384,139.0,45,0.047
802,802,1,16.205,127.0,45,0.348
803,803,1,16.905,131.0,44,0.593
804,804,1,9.337,93.0,42,2.034
805,805,1,6.475,132.0,53,0.077
806,806,1,9.961,114.0,47,0.501
807,807,1,17.516,156.0,56,0.479
808,808,1,31.678,103.0,38,0.172
809,809,1,8.915,123.0,41,0.893
810,810,1,27.253,108.0,50,0.189
811,811,1,13.768,107.0,40,0.099
812,812,1,12.49,113.0,55,0.874
813,813,1,15.936,106.0,56,1.612
814,814,1,17.46835977908302,116.0,42,0.103
815,815,1,17.163,119.0,46,0.015
816,816,1,5.859,127.0,55,0.86
817,817,1,28.221,110.0,57,0.105
818,818,1,26.448,129.0,47,0.199
819,819,1,13.411,157.0,57,0.431
820,820,1,32.5710026,101.0,46,0.702
821,821,1,12.717,136.0,56,0.273
822,822,1,17.261,127.0,52,0.065
823,823,1,11.001,141.0,56,0.151
824,824,1,28.098,125.0,55,0.765
825,825,1,19.159,92.0,51,0.042
826,826,1,23.391,135.0,39,0.464
827,827,1,18.815,126.0,42,0.302
828,828,1,11.476,122.0,50,0.368
829,829,1,29.355,127.0,46,0.459
830,830,1,25.871,128.0,49,0.897
831,831,1,22.275,110.0,56,0.457
832,832,1,19.809,144.0,51,0.761
833,833,1,32.5710026,129.0,50,0.012
834,834,1,16.019,140.0,55,0.553
835,835,1,24.099,140.0,49,0.244
836,836,1,27.412,114.0,43,0.581
837,837,1,21.185,141.0,65,0.163
838,838,1,8.325,135.0,54,0.644
839,839,1,21.317,105.0,51,1.337
840,840,1,22.392,116.0,70,0.284
841,841,1,27.43,126.0,41,0.68
842,842,1,16.842,116.0,54,0.084
843,843,1,25.011,144.0,46,0.463
844,844,1,13.133,132.0,50,0.202
845,845,1,31.134,94.0,58,0.207
846,846,1,7.598,118.0,53,0.071
847,847,1,7.611,108.0,39,0.764
848,848,1,20.025,146.0,49,0.427
849,849,1,21.931,92.0,60,1.24
850,850,1,8.907,118.0,58,0.642
851,851,1,20.784,123.0,60,0.201
852,852,1,14.3,144.0,54,0.095
853,853,1,15.057,156.0,52,0.557
854,854,1,19.294,97.0,50,0.71
855,855,1,23.548,135.0,48,0.608
856,856,1,13.484,125.0,48,0.684
857,857,1,10.894,165.0,49,0.395
858,858,1,15.03,84.0,44,0.494
859,859,1,18.581,100.0,59,0.033
860,860,1,16.854,93.0,53,0.29
861,861,1,13.739,119.0,55,0.539
862,862,1,22.163,136.0,53,0.044
863,863,1,19.984,123.0,48,0.717
864,864,1,12.609,143.0,48,1.06
865,865,1,10.812,137.0,55,0.276
866,866,1,11.016,157.0,41,0.556
867,867,1,10.255,120.0,52,0.102
868,868,1,10.486,141.0,55,0.698
869,869,1,6.965,143.0,58,0.488
870,870,1,17.46835977908302,102.0,52,0.256
871,871,1,6.567,128.0,46,0.184
872,872,1,15.91,149.0,59,0.095
873,873,1,1.351,134.0,45,0.017
874,874,1,12.172,116.0,43,0.448
875,875,1,13.474,148.0,62,0.192
876,876,1,12.843,139.0,53,0.816
877,877,1,6.812,138.0,52,0.451
878,878,1,26.483,100.0,54,0.008
879,879,1,12.687,138.0,44,0.322
880,880,1,15.92,166.0,43,0.751
881,881,1,15.398,121.0,69,0.17
882,882,1,26.964,102.0,45,0.302
883,883,1,9.538,123.0,48,0.023
884,884,1,11.281,144.0,44,1.008
885,885,1,30.483,126.0,54,0.256
886,886,1,19.397,108.0,51,0.142
887,887,1,13.268,126.0,55,0.713
888,888,1,12.158,96.0,42,0.081
889,889,1,15.031,101.0,52,0.138
890,890,1,24.843,117.0,51,0.046
891,891,1,10.163,118.0,48,1.94
892,892,1,17.014,109.0,48,0.121
893,893,1,11.638,115.0,59,0.176
894,894,1,25.347,118.0,34,0.878
895,895,1,13.413,154.0,46,0.654
896,896,1,11.52,98.0,50,1.202
897,897,1,27.716,117.0,43,0.513
898,898,1,13.327,94.0,38,0.384
899,899,1,17.46835977908302,115.0,59,0.236
900,900,1,28.257,105.0,54,0.514
901,901,1,9.855,127.0,46,0.026
902,902,1,19.682,114.0,54,0.032
903,903,1,31.756,103.0,58,0.093
904,904,1,11.936,134.0,41,0.541
905,905,1,7.159,163.0,56,0.362
906,906,1,30.041,144.0,53,2.034
907,907,1,15.84,119.0,56,0.389
908,908,1,20.598,107.0,48,0.455
909,909,1,16.132,166.0,53,0.472
910,910,1,28.069,135.0,41,0.91
911,911,1,19.508,117.0,50,1.986
912,912,1,21.602,114.0,45,0.304
913,913,1,9.13,113.0,53,0.009
914,914,1,29.588,125.0,48,0.889
915,915,1,19.769,144.0,40,0.503
916,916,1,14.84,139.0,68,0.984
917,917,1,25.37,110.0,51,0.728
918,918,1,12.332,132.0,46,0.271
919,919,1,22.189,117.0,51,0.673
920,920,1,13.934,117.0,49,0.135
921,921,1,17.815,144.0,47,1.325
922,922,1,18.884,141.0,45,1.738
923,923,1,11.012,128.0,50,0.123
924,924,1,17.46835977908302,164.0,40,1.434
925,925,1,13.616,107.0,29,1.279
926,926,1,7.699,149.0,44,0.016
927,927,1,12.874,108.0,48,0.536
928,928,1,12.127,162.0,44,0.862
929,929,1,21.457,159.0,55,1.076
930,930,1,21.668,143.0,50,1.478
931,931,1,17.46835977908302,126.0,53,1.97
932,932,1,13.436,127.0,38,0.254
933,933,1,14.089,107.0,52,0.402
934,934,1,22.596,160.0,52,0.006
935,935,1,15.73,118.0,58,0.044
936,936,1,32.5710026,121.0,39,0.133
937,937,1,17.46835977908302,137.0,42,0.359
938,938,1,13.533,153.0,48,0.873
939,939,1,14.246,135.0,61,0.037
940,940,1,8.213,166.0,51,0.582
941,941,1,28.018,123.0,45,2.022
942,942,1,8.811,118.0,48,2.651
943,943,1,8.69,97.0,56,0.901
944,944,1,11.012,133.0,44,0.187
945,945,1,16.824,123.0,49,0.685
946,946,1,9.44,120.0,44,0.2
947,947,1,11.949,141.0,50,0.449
948,948,1,25.546,127.0,57,0.652
949,949,1,7.284,166.0,58,0.315
950,950,1,21.025,132.0,42,0.41
951,951,1,3.964,139.0,46,1.233
952,952,1,13.077,91.0,44,0.774
953,953,1,17.46835977908302,122.0,60,1.497
954,954,1,30.037,95.0,61,0.086
955,955,1,11.715,153.0,56,1.246
956,956,1,19.717,113.0,44,0.132
957,957,1,13.826,166.0,41,0.015
958,958,1,12.27,99.0,42,0.857
959,959,1,28.353,114.0,51,0.197
960,960,1,17.076,130.0,54,0.106
961,961,1,15.495,128.0,64,0.262
962,962,1,20.073,125.0,52,0.174
963,963,1,17.46835977908302,113.0,63,1.42
964,964,1,23.541,149.0,58,0.07
965,965,1,15.603,138.0,40,0.052
966,966,1,18.533,141.0,46,0.257
967,967,1,11.532,125.0,40,0.157
968,968,1,11.767,127.0,50,0.226
969,969,1,17.46835977908302,126.0,44,0.085
970,970,1,13.873,128.0,64,0.955
971,971,1,7.697,130.0,65,0.387
972,972,1,24.913,132.0,49,0.075
973,973,1,14.774,122.0,73,0.683
974,974,1,15.539,123.0,59,0.289
975,975,1,13.059,129.0,46,0.757
976,976,1,32.5710026,113.0,47,0.15
977,977,1,12.527,156.0,51,0.445
978,978,1,7.043,137.0,50,0.016
979,979,1,6.731,138.0,62,2.894
980,980,1,9.249,147.0,47,0.58
981,981,1,7.931,135.0,47,2.705
982,982,1,12.182,120.0,49,0.427
983,983,1,24.26,124.0,51,0.001
984,984,1,16.011,145.0,49,0.919
985,985,1,21.438,132.0,53,0.832
986,986,1,13.562,99.0,55,0.094
987,987,1,13.588,129.0,58,0.306
988,988,1,12.799,128.0,53,0.439
989,989,1,10.897,140.0,39,0.999
990,990,1,14.038,140.0,47,1.003
991,991,1,13.139,128.0,51,0.264
992,992,1,25.816,107.0,43,0.028
993,993,1,13.705,164.0,49,0.307
994,994,1,13.82,133.0,51,0.294
995,995,1,12.559,131.0,49,0.206
996,996,1,17.852,141.0,57,1.486
997,997,1,25.202,113.0,55,1.739
998,998,1,28.62,144.0,29,0.764
999,999,1,11.414,145.0,33,0.005
1000,1000,1,20.347,134.0,41,0.002
1001,1,2,6.084,113.0,54,0.077
1002,2,2,10.932,127.0,61,0.319
1003,3,2,13.688,123.0,50,0.418
1004,4,2,11.784,98.0,46,0.564
1005,5,2,21.159,124.0,44,0.06
1006,6,2,15.293,89.0,48,0.299
1007,7,2,24.392,109.0,56,0.492
1008,8,2,25.208,106.0,43,0.154
1009,9,2,9.638,149.0,54,0.601
1010,10,2,14.845,130.0,46,0.255
1011,11,2,13.607,101.0,54,0.026
1012,12,2,17.46835977908302,104.0,44,0.05
1013,13,2,28.563,124.0,42,0.189
1014,14,2,17.739,154.0,52,0.439
1015,15,2,19.998,140.0,57,0.436
1016,16,2,27.043,114.0,46,0.728
1017,17,2,21.446,116.0,59,0.263
1018,18,2,32.5710026,132.0,48,0.084
1019,19,2,8.26,143.0,37,0.609
1020,20,2,21.43,105.0,50,0.043
1021,21,2,19.473,109.0,40,1.031
1022,22,2,13.529,116.0,58,0.367
1023,23,2,29.402,126.0,53,0.202
1024,24,2,17.783,105.0,54,0.168
1025,25,2,20.905,133.0,62,0.68
1026,26,2,6.733,122.0,32,0.061
1027,27,2,17.46835977908302,107.0,54,0.401
1028,28,2,16.082,109.0,44,0.622
1029,29,2,13.879,86.0,51,1.543
1030,30,2,26.286,130.0,37,0.697
1031,31,2,10.769,111.0,57,0.467
1032,32,2,11.957,143.0,52,0.178
1033,33,2,15.612,123.0,65,0.003
1034,34,2,11.552,149.0,32,2.286
1035,35,2,20.92,140.0,49,0.052
1036,36,2,29.584,125.0,48,0.969
1037,37,2,16.979,138.0,63,0.067
1038,38,2,19.543,111.0,34,0.039
1039,39,2,19.318,105.0,47,0.444
1040,40,2,17.283,101.0,49,0.531
1041,41,2,17.46835977908302,152.0,55,0.036
1042,42,2,12.372,124.0,51,0.254
1043,43,2,18.679,106.0,47,0.422
1044,44,2,9.014,125.0,56,0.167
1045,45,2,15.558,103.0,40,0.087
1046,46,2,32.5710026,132.0,52,0.14
1047,47,2,6.776,134.0,63,0.489
1048,48,2,11.158,122.0,51,0.107
1049,49,2,3.498,122.0,48,0.299
1050,50,2,6.632,146.0,44,0.015
1051,51,2,17.46835977908302,145.0,58,0.494
1052,52,2,13.285,136.0,53,0.464
1053,53,2,18.054,138.0,56,0.539
1054,54,2,16.607,114.0,62,0.236
1055,55,2,12.912,139.0,45,0.108
1056,56,2,16.067,120.0,46,0.151
1057,57,2,17.112,115.0,51,0.579
1058,58,2,16.859,147.0,52,0.409
1059,59,2,20.967,114.0,50,1.268
1060,60,2,8.071,108.0,47,0.069
1061,61,2,30.778,117.0,67,3.294
1062,62,2,32.5710026,106.0,59,0.117
1063,63,2,17.767,166.0,57,0.282
1064,64,2,17.914,106.0,40,1.37
1065,65,2,14.761,111.0,46,0.526
1066,66,2,26.57,103.0,47,0.04
1067,67,2,10.516,123.0,40,0.496
1068,68,2,16.534,112.0,62,0.222
1069,69,2,21.588,123.0,54,0.702
1070,70,2,18.614,129.0,43,0.674
1071,71,2,11.696,125.0,52,0.132
1072,72,2,23.229,105.0,49,0.17
1073,73,2,17.171,116.0,41,0.412
1074,74,2,20.431,105.0,50,0.008
1075,75,2,13.41,120.0,48,0.374
1076,76,2,15.018,123.0,43,0.66
1077,77,2,6.689,105.0,44,0.51
1078,78,2,17.46835977908302,90.0,55,1.186
1079,79,2,16.301,124.0,51,0.747
1080,80,2,11.274,105.0,57,0.871
1081,81,2,8.092,99.0,52,0.177
1082,82,2,12.663,129.0,53,1.079
1083,83,2,21.514,105.0,46,1.635
1084,84,2,11.32,115.0,42,0.548
1085,85,2,16.248,101.0,55,1.006
1086,86,2,23.974,119.0,65,0.147
1087,87,2,10.769,125.0,46,0.233
1088,88,2,26.11,122.0,44,1.269
1089,89,2,20.746,166.0,53,0.222
1090,90,2,17.46835977908302,146.0,38,0.161
1091,91,2,23.801,112.0,54,1.001
1092,92,2,12.045,135.0,42,0.053
1093,93,2,6.541,122.0,55,0.232
1094,94,2,10.93,130.0,49,0.25
1095,95,2,1.799,149.0,44,0.065
1096,96,2,12.474,147.0,55,0.544
1097,97,2,17.454,146.0,47,0.108
1098,98,2,16.539,122.0,50,0.097
1099,99,2,17.46835977908302,123.0,54,0.921
1100,100,2,32.309,98.0,42,0.153
1101,101,2,14.019,127.0,45,0.065
1102,102,2,9.057,139.0,49,0.029
1103,103,2,13.198,139.0,51,1.208
1104,104,2,23.265,156.0,53,0.148
1105,105,2,28.898,137.0,44,0.847
1106,106,2,11.512,133.0,56,1.255
1107,107,2,9.931,140.0,46,0.825
1108,108,2,15.939,108.0,52,0.781
1109,109,2,25.133,79.0,60,0.154
1110,110,2,9.503,148.0,51,0.621
1111,111,2,17.46835977908302,133.0,57,0.584
1112,112,2,19.084,141.0,43,0.517
1113,113,2,13.88,141.0,49,0.071
1114,114,2,9.328,131.0,44,2.504
1115,115,2,21.892,114.0,55,1.27
1116,116,2,19.702,92.0,60,1.261
1117,117,2,14.26,116.0,50,0.392
1118,118,2,13.854,117.0,66,1.096
1119,119,2,4.792,116.0,52,0.231
1120,120,2,0.013,124.0,50,0.24
1121,121,2,11.177,152.0,55,1.922
1122,122,2,8.571,122.0,56,0.169
1123,123,2,12.944,111.0,50,0.17
1124,124,2,23.737,109.0,57,0.35
1125,125,2,17.46835977908302,100.0,55,0.191
1126,126,2,17.195,135.0,54,2.899
1127,127,2,17.46835977908302,133.0,52,0.489
1128,128,2,27.736,144.0,72,0.039
1129,129,2,7.374,138.0,48,0.513
1130,130,2,14.111,141.0,40,0.094
1131,131,2,16.253,105.0,45,0.158
1132,132,2,25.889,119.0,41,1.201
1133,133,2,13.471,127.0,50,0.01
1134,134,2,14.505,144.0,50,0.063
1135,135,2,14.536,118.0,54,0.346
1136,136,2,19.467,158.0,48,0.077
1137,137,2,17.91,136.0,43,0.341
1138,138,2,17.6,143.0,49,0.054
1139,139,2,17.46835977908302,150.0,64,0.007
1140,140,2,22.651,99.0,45,0.234
1141,141,2,10.517,101.0,50,1.432
1142,142,2,20.689,154.0,51,0.548
1143,143,2,16.522,136.0,47,0.305
1144,144,2,18.356,104.0,65,0.099
1145,145,2,19.925,136.0,55,0.606
1146,146,2,32.5710026,146.0,42,0.966
1147,147,2,22.468,114.0,48,1.049
1148,148,2,25.763,154.0,55,0.212
1149,149,2,13.094,130.0,39,0.437
1150,150,2,12.613,128.0,47,1.86
1151,151,2,7.388,133.0,60,0.714
1152,152,2,17.46835977908302,105.0,38,0.504
1153,153,2,21.714,114.0,40,0.25
1154,154,2,18.978,130.0,48,0.075
1155,155,2,17.46835977908302,166.0,54,0.869
1156,156,2,23.913,138.0,47,0.6
1157,157,2,16.416,136.0,45,0.161
1158,158,2,17.46835977908302,137.0,51,0.134
1159,159,2,14.744,138.0,38,0.147
1160,160,2,12.054,99.0,58,0.22
1161,161,2,11.045,112.0,50,0.632
1162,162,2,22.733,109.0,55,0.774
1163,163,2,23.153,106.0,70,1.699
1164,164,2,14.324,120.0,35,0.522
1165,165,2,28.438,121.0,42,1.563
1166,166,2,15.724,112.0,41,0.345
1167,167,2,19.181,103.0,48,0.341
1168,168,2,17.46835977908302,115.0,44,0.017
1169,169,2,8.602,115.0,43,0.338
1170,170,2,13.974,134.0,54,0.395
1171,171,2,20.708,115.0,54,0.807
1172,172,2,15.836,152.0,54,0.233
1173,173,2,28.283,162.0,60,0.023
1174,174,2,19.174,121.0,63,0.199
1175,175,2,15.26,114.0,50,0.235
1176,176,2,22.76,107.0,45,0.265
1177,177,2,19.862,101.0,52,0.083
1178,178,2,13.166,145.0,34,0.877
1179,179,2,20.718,137.0,43,0.635
1180,180,2,24.095,127.0,54,1.5
1181,181,2,32.5710026,129.0,55,0.167
1182,182,2,31.867,149.0,57,0.628
1183,183,2,13.702,139.0,47,0.665
1184,184,2,17.831,122.0,53,0.186
1185,185,2,13.659,108.0,49,0.312
1186,186,2,13.235,117.0,56,0.267
1187,187,2,13.264,136.0,53,0.032
1188,188,2,9.848,102.0,59,0.528
1189,189,2,16.495,134.0,48,0.072
1190,190,2,23.502,90.0,49,0.12
1191,191,2,17.86,118.0,58,0.476
1192,192,2,11.715,124.0,43,0.601
1193,193,2,16.297,110.0,60,0.382
1194,194,2,17.374,129.0,47,0.91
1195,195,2,14.561,125.0,47,0.382
1196,196,2,6.808,106.0,39,1.086
1197,197,2,17.672,109.0,44,0.273
1198,198,2,28.641,101.0,47,0.782
1199,199,2,28.011,143.0,63,0.181
1200,200,2,9.95,152.0,56,0.264
1201,201,2,18.628,124.0,48,0.131
1202,202,2,18.471,136.0,52,0.268
1203,203,2,13.588,142.0,55,1.029
1204,204,2,10.613,109.0,48,2.031
1205,205,2,27.562,96.0,36,0.003
1206,206,2,18.569,166.0,67,0.073
1207,207,2,12.648,133.0,47,0.497
1208,208,2,21.389,108.0,59,0.597
1209,209,2,11.694,135.0,40,0.594
1210,210,2,19.783,108.0,61,0.312
1211,211,2,15.248,150.0,56,0.739
1212,212,2,9.438,151.0,52,0.076
1213,213,2,9.16,113.0,61,1.347
1214,214,2,25.116,119.0,58,0.02
1215,215,2,12.964,119.0,54,0.603
1216,216,2,16.747,117.0,57,0.103
1217,217,2,14.324,113.0,52,1.158
1218,218,2,17.99,153.0,40,0.6
1219,219,2,18.585,115.0,51,0.68
1220,220,2,14.787,128.0,44,0.744
1221,221,2,12.075,146.0,54,0.271
1222,222,2,22.992,103.0,55,0.212
1223,223,2,11.004,122.0,47,0.073
1224,224,2,16.001,109.0,56,1.02
1225,225,2,23.221,142.0,48,0.658
1226,226,2,2.812,142.0,55,0.197
1227,227,2,11.946,166.0,40,0.197
1228,228,2,30.734,114.0,54,1.072
1229,229,2,12.473,115.0,77,0.371
1230,230,2,24.327,122.0,60,0.712
1231,231,2,28.455,128.0,44,0.114
1232,232,2,22.501,159.0,48,0.396
1233,233,2,12.416,152.0,44,0.279
1234,234,2,26.321,121.0,51,2.312
1235,235,2,18.947,125.0,38,0.968
1236,236,2,8.442,110.0,51,0.286
1237,237,2,13.29,133.0,56,0.142
1238,238,2,29.111,122.0,51,1.318
1239,239,2,18.591,96.0,49,0.084
1240,240,2,9.616,140.0,54,0.116
1241,241,2,22.525,150.0,46,0.124
1242,242,2,11.851,113.0,43,0.044
1243,243,2,19.821,121.0,49,0.232
1244,244,2,16.497,104.0,42,0.02
1245,245,2,9.21,112.0,51,0.407
1246,246,2,18.305,97.0,51,1.109
1247,247,2,32.5710026,157.0,51,0.217
1248,248,2,8.713,118.0,53,0.211
1249,249,2,29.981,101.0,48,0.478
1250,250,2,7.551,111.0,44,0.276
1251,251,2,11.08,104.0,40,0.351
1252,252,2,12.605,144.0,46,0.164
1253,253,2,14.312,133.0,49,0.453
1254,254,2,14.061,122.0,49,0.357
1255,255,2,18.548,112.0,37,1.045
1256,256,2,8.202,166.0,55,1.247
1257,257,2,12.235,147.0,47,1.284
1258,258,2,28.231,110.0,51,0.148
1259,259,2,17.318,125.0,39,0.165
1260,260,2,12.556,145.0,55,1.07
1261,261,2,14.849,112.0,32,0.706
1262,262,2,31.438,150.0,52,0.291
1263,263,2,8.755,118.0,54,0.449
1264,264,2,24.516,127.0,50,0.05
1265,265,2,22.265,90.0,47,0.095
1266,266,2,31.017,126.0,46,0.189
1267,267,2,8.431,157.0,63,0.5
1268,268,2,8.924,99.0,54,0.212
1269,269,2,9.949,135.0,63,0.979
1270,270,2,10.161,110.0,65,0.307
1271,271,2,14.527,115.0,40,0.031
1272,272,2,20.651,123.0,54,0.004
1273,273,2,16.674,111.0,45,0.444
1274,274,2,13.515,139.0,52,0.485
1275,275,2,18.64,116.0,49,0.334
1276,276,2,1.379,152.0,60,0.085
1277,277,2,12.608,131.0,54,0.342
1278,278,2,15.327,136.0,54,0.535
1279,279,2,15.968,114.0,51,0.507
1280,280,2,21.733,94.0,59,1.038
1281,281,2,11.159,128.0,52,0.942
1282,282,2,16.335,155.0,42,0.156
1283,283,2,13.391,107.0,51,0.196
1284,284,2,16.086,103.0,41,0.112
1285,285,2,26.011,136.0,49,0.297
1286,286,2,26.714,131.0,34,0.024
1287,287,2,19.441,88.0,37,0.807
1288,288,2,10.903,138.0,52,0.005
1289,289,2,12.971,114.0,48,0.944
1290,290,2,17.46835977908302,143.0,50,2.252
1291,291,2,18.083,119.0,41,0.516
1292,292,2,10.546,108.0,59,0.316
1293,293,2,24.255,137.0,50,1.348
1294,294,2,21.425,129.0,56,0.3
1295,295,2,10.497,130.0,55,1.036
1296,296,2,23.416,128.0,61,0.205
1297,297,2,11.551,120.0,51,0.559
1298,298,2,0.472,142.0,44,0.014
1299,299,2,17.594,117.0,55,0.69
1300,300,2,26.897,128.0,59,0.875
1301,301,2,22.487,92.0,46,0.151
1302,302,2,17.617,105.0,53,0.469
1303,303,2,12.12,150.0,48,0.479
1304,304,2,17.46835977908302,126.0,57,0.207
1305,305,2,28.558,126.0,53,0.463
1306,306,2,20.782,125.0,56,1.539
1307,307,2,19.705,119.0,47,0.17
1308,308,2,19.562,143.0,58,0.93
1309,309,2,17.46835977908302,144.0,46,0.394
1310,310,2,20.21,110.0,44,0.92
1311,311,2,10.955,120.0,51,0.066
1312,312,2,22.417,106.0,47,0.348
1313,313,2,19.136,151.0,54,0.362
1314,314,2,12.016,120.0,45,0.078
1315,315,2,5.628,136.0,41,0.152
1316,316,2,12.856,100.0,57,0.36
1317,317,2,23.757,120.0,53,0.528
1318,318,2,18.261,143.0,53,0.126
1319,319,2,13.657,117.0,46,0.224
1320,320,2,23.626,148.0,48,0.082
1321,321,2,13.793,139.0,49,0.049
1322,322,2,13.665,134.0,41,3.11
1323,323,2,10.582,134.0,48,0.411
1324,324,2,16.33,107.0,59,0.502
1325,325,2,27.711,86.0,52,0.521
1326,326,2,11.573,103.0,45,0.083
1327,327,2,17.003,105.0,49,0.508
1328,328,2,16.63,102.0,48,0.545
1329,329,2,17.46835977908302,128.0,37,0.68
1330,330,2,11.392,133.0,35,0.59
1331,331,2,10.097,125.0,43,0.178
1332,332,2,27.382,109.0,51,1.565
1333,333,2,18.023,100.0,61,0.771
1334,334,2,24.312,104.0,50,0.439
1335,335,2,14.461,141.0,43,0.491
1336,336,2,5.073,151.0,52,0.186
1337,337,2,28.072,97.0,56,1.475
1338,338,2,15.813,163.0,61,0.365
1339,339,2,16.931,124.0,57,0.104
1340,340,2,13.216,135.0,50,0.401
1341,341,2,8.271,133.0,39,0.536
1342,342,2,20.809,122.0,35,0.254
1343,343,2,12.531,108.0,52,0.289
1344,344,2,19.91,124.0,58,0.174
1345,345,2,5.239,132.0,50,0.355
1346,346,2,15.432,126.0,53,0.276
1347,347,2,29.981,97.0,47,0.373
1348,348,2,25.479,125.0,47,0.054
1349,349,2,12.784,137.0,51,0.147
1350,350,2,7.39,113.0,58,0.648
1351,351,2,10.786,155.0,42,0.591
1352,352,2,23.433,128.0,47,0.144
1353,353,2,13.621,111.0,61,0.156
1354,354,2,18.648,116.0,44,0.146
1355,355,2,9.588,139.0,54,0.016
1356,356,2,22.666,135.0,49,1.392
1357,357,2,15.791,115.0,36,1.066
1358,358,2,22.07,125.0,63,0.192
1359,359,2,21.274,128.0,46,1.409
1360,360,2,23.993,151.0,41,0.187
1361,361,2,27.098,99.0,40,0.338
1362,362,2,23.87,94.0,58,0.237
1363,363,2,19.776,109.0,40,0.278
1364,364,2,12.546,130.0,41,0.769
1365,365,2,12.979,111.0,52,0.736
1366,366,2,15.561,125.0,53,0.587
1367,367,2,17.915,99.0,44,2.289
1368,368,2,17.185,103.0,48,0.555
1369,369,2,14.743,123.0,43,0.668
1370,370,2,19.761,125.0,41,0.065
1371,371,2,17.368,136.0,48,0.192
1372,372,2,18.448,117.0,51,1.094
1373,373,2,17.094,149.0,53,0.106
1374,374,2,3.561,127.0,54,0.439
1375,375,2,22.649,103.0,50,0.081
1376,376,2,10.567,124.0,51,0.132
1377,377,2,16.69,106.0,40,1.21
1378,378,2,14.06,138.0,38,0.477
1379,379,2,17.46835977908302,137.0,43,0.371
1380,380,2,23.392,156.0,52,0.246
1381,381,2,8.509,119.0,50,0.021
1382,382,2,8.876,101.0,60,0.398
1383,383,2,16.919,143.0,55,1.393
1384,384,2,27.573,115.0,52,1.14
1385,385,2,6.997,124.0,48,0.213
1386,386,2,20.317,121.0,58,0.391
1387,387,2,23.257,89.0,47,0.305
1388,388,2,11.118,119.0,45,0.585
1389,389,2,25.763,151.0,52,0.095
1390,390,2,17.143,109.0,56,1.55
1391,391,2,5.721,143.0,50,0.022
1392,392,2,17.285,133.0,62,0.346
1393,393,2,17.357,135.0,60,0.124
1394,394,2,18.035,166.0,53,0.371
1395,395,2,13.208,140.0,43,0.293
1396,396,2,12.334,107.0,54,0.426
1397,397,2,23.283,128.0,57,0.659
1398,398,2,26.879,119.0,59,0.383
1399,399,2,13.325,107.0,68,0.615
1400,400,2,15.216,116.0,42,0.035
1401,401,2,24.474,129.0,39,0.912
1402,402,2,31.076,116.0,55,0.716
1403,403,2,15.008,155.0,57,0.338
1404,404,2,17.05,129.0,48,0.296
1405,405,2,10.867,143.0,50,0.179
1406,406,2,12.433,108.0,48,0.38
1407,407,2,20.162,105.0,49,0.212
1408,408,2,27.644,107.0,48,0.306
1409,409,2,13.811,116.0,46,0.094
1410,410,2,22.388,122.0,45,0.106
1411,411,2,11.8,108.0,55,0.203
1412,412,2,20.192,95.0,53,0.9
1413,413,2,18.733,147.0,50,0.023
1414,414,2,21.507,96.0,48,0.377
1415,415,2,23.414,107.0,45,0.949
1416,416,2,14.139,131.0,52,0.455
1417,417,2,14.632,139.0,57,0.097
1418,418,2,14.58,152.0,39,0.214
1419,419,2,22.983,106.0,49,0.202
1420,420,2,15.157,135.0,46,1.839
1421,421,2,18.389,128.0,41,0.124
1422,422,2,18.489,118.0,45,0.536
1423,423,2,16.006,112.0,50,0.098
1424,424,2,17.371,109.0,37,0.15
1425,425,2,9.719,125.0,52,0.452
1426,426,2,17.46835977908302,137.0,57,0.463
1427,427,2,11.448,128.0,54,0.308
1428,428,2,21.456,115.0,54,0.308
1429,429,2,11.122,140.0,64,1.059
1430,430,2,32.357,148.0,59,1.269
1431,431,2,19.13,97.0,48,0.506
1432,432,2,12.614,94.0,51,0.796
1433,433,2,31.1,115.0,53,0.44
1434,434,2,17.46835977908302,123.0,46,1.071
1435,435,2,20.843,114.0,54,0.123
1436,436,2,21.834,119.0,61,2.273
1437,437,2,8.806,129.0,48,0.601
1438,438,2,13.762,121.0,59,0.013
1439,439,2,12.664,129.0,42,0.104
1440,440,2,9.416,124.0,65,0.807
1441,441,2,14.799,133.0,48,1.737
1442,442,2,14.681,103.0,55,0.745
1443,443,2,21.996,158.0,44,0.776
1444,444,2,21.038,130.0,42,0.324
1445,445,2,15.321,131.0,44,1.705
1446,446,2,17.46835977908302,129.0,43,0.861
1447,447,2,14.814,139.0,40,0.012
1448,448,2,15.904,132.0,48,0.576
1449,449,2,16.698,101.0,57,0.918
1450,450,2,17.815,102.0,53,1.091
1451,451,2,28.796,136.0,59,0.241
1452,452,2,14.104,120.0,44,0.253
1453,453,2,22.011,110.0,49,0.507
1454,454,2,27.279,124.0,39,0.286
1455,455,2,11.793,130.0,41,0.178
1456,456,2,16.284,160.0,47,0.65
1457,457,2,17.46835977908302,111.0,55,0.27
1458,458,2,8.11,94.0,52,0.15
1459,459,2,2.841,148.0,56,0.272
1460,460,2,15.267,126.0,46,0.087
1461,461,2,14.155,143.0,55,0.357
1462,462,2,16.024,107.0,49,0.125
1463,463,2,11.375,112.0,46,0.072
1464,464,2,8.24,125.0,66,0.891
1465,465,2,15.946,104.0,44,0.592
1466,466,2,23.028,103.0,44,0.692
1467,467,2,14.182,140.0,53,0.241
1468,468,2,16.632,101.0,63,0.158
1469,469,2,16.941,124.0,41,0.442
1470,470,2,18.849,126.0,57,0.564
1471,471,2,20.692,105.0,45,0.307
1472,472,2,14.235,107.0,50,0.631
1473,473,2,17.579,117.0,39,0.212
1474,474,2,14.091,114.0,43,0.017
1475,475,2,20.39,124.0,61,0.238
1476,476,2,7.572,134.0,44,0.096
1477,477,2,19.458,103.0,61,0.206
1478,478,2,16.554,130.0,44,0.378
1479,479,2,17.46835977908302,122.0,50,0.418
1480,480,2,9.837,130.0,52,0.197
1481,481,2,12.259,94.0,51,0.485
1482,482,2,6.956,117.0,45,1.647
1483,483,2,27.504,116.0,63,0.728
1484,484,2,26.429,117.0,54,0.286
1485,485,2,17.46835977908302,161.0,52,1.26
1486,486,2,29.868,112.0,44,0.456
1487,487,2,17.46835977908302,140.0,52,0.041
1488,488,2,12.452,102.0,56,0.028
1489,489,2,9.044,109.0,44,0.213
1490,490,2,7.366,121.0,53,1.689
1491,491,2,10.921,143.0,37,0.824
1492,492,2,18.542,114.0,57,0.03
1493,493,2,13.424,116.0,53,1.751
1494,494,2,27.05,113.0,51,0.636
1495,495,2,6.371,151.0,43,0.016
1496,496,2,12.12,126.0,54,0.182
1497,497,2,19.433,149.0,60,0.025
1498,498,2,12.575,113.0,50,0.24
1499,499,2,14.069,160.0,49,0.062
1500,500,2,10.215,142.0,45,1.831
1501,501,2,16.203,101.0,62,0.071
1502,502,2,4.475,151.0,55,0.472
1503,503,2,17.46835977908302,112.0,53,0.04
1504,504,2,18.733,124.0,47,0.193
1505,505,2,16.513,120.0,45,0.245
1506,506,2,25.157,101.0,50,0.238
1507,507,2,32.5710026,143.0,44,0.089
1508,508,2,5.475,139.0,40,0.195
1509,509,2,25.227,98.0,39,0.256
1510,510,2,27.905,107.0,54,0.428
1511,511,2,28.546,116.0,59,0.169
1512,512,2,13.35,134.0,45,0.433
1513,513,2,17.46835977908302,140.0,50,0.08
1514,514,2,13.358,157.0,51,0.315
1515,515,2,28.222,105.0,49,0.607
1516,516,2,17.703,94.0,44,2.11
1517,517,2,27.611,127.0,53,1.116
1518,518,2,17.46835977908302,91.0,37,0.462
1519,519,2,17.46835977908302,134.0,50,0.183
1520,520,2,12.089,124.0,46,0.473
1521,521,2,20.632,141.0,48,0.377
1522,522,2,7.841,135.0,53,0.474
1523,523,2,17.598,100.0,39,0.39
1524,524,2,27.47,103.0,64,0.507
1525,525,2,3.024,138.0,45,0.089
1526,526,2,15.027,166.0,50,0.655
1527,527,2,18.046,117.0,49,0.527
1528,528,2,19.046,142.0,53,0.089
1529,529,2,24.217,139.0,65,0.165
1530,530,2,13.09,126.0,53,0.207
1531,531,2,6.114,127.0,65,1.122
1532,532,2,17.752,155.0,59,0.468
1533,533,2,16.565,123.0,47,0.242
1534,534,2,11.043,108.0,62,0.425
1535,535,2,23.652,130.0,48,1.584
1536,536,2,11.096,137.0,46,0.178
1537,537,2,16.95,120.0,66,0.928
1538,538,2,27.812,106.0,34,1.12
1539,539,2,18.888,133.0,50,0.277
1540,540,2,17.46835977908302,146.0,45,0.266
1541,541,2,13.852,124.0,52,0.603
1542,542,2,22.402,95.0,52,0.18
1543,543,2,6.784,135.0,56,0.416
1544,544,2,19.048,132.0,34,0.079
1545,545,2,16.698,92.0,47,0.499
1546,546,2,7.878,155.0,44,0.173
1547,547,2,8.615,166.0,45,0.202
1548,548,2,14.558,132.0,48,1.008
1549,549,2,10.64,122.0,53,0.221
1550,550,2,12.319,105.0,46,0.151
1551,551,2,13.972,92.0,53,0.152
1552,552,2,9.357,127.0,62,0.222
1553,553,2,18.722,143.0,57,0.575
1554,554,2,12.805,97.0,53,0.277
1555,555,2,16.732,107.0,42,0.497
1556,556,2,18.091,166.0,41,0.457
1557,557,2,24.541,144.0,61,1.059
1558,558,2,15.823,119.0,54,0.087
1559,559,2,17.893,138.0,49,0.864
1560,560,2,11.842,135.0,41,0.39
1561,561,2,17.46835977908302,136.0,44,0.843
1562,562,2,25.95,129.0,69,0.809
1563,563,2,21.13,155.0,39,0.263
1564,564,2,8.715,119.0,43,0.43
1565,565,2,3.208,104.0,43,1.206
1566,566,2,15.626,97.0,41,1.005
1567,567,2,4.359,144.0,50,0.197
1568,568,2,24.12,110.0,42,0.022
1569,569,2,5.882,148.0,49,0.513
1570,570,2,15.911,116.0,51,0.239
1571,571,2,9.274,124.0,49,0.091
1572,572,2,14.125,143.0,49,0.239
1573,573,2,13.802,88.0,55,1.441
1574,574,2,21.834,132.0,44,0.056
1575,575,2,12.425,145.0,44,0.269
1576,576,2,15.817,104.0,58,0.011
1577,577,2,16.825,110.0,57,0.722
1578,578,2,32.5710026,92.0,56,0.083
1579,579,2,21.364,98.0,58,0.211
1580,580,2,13.245,122.0,57,0.366
1581,581,2,15.63,129.0,47,0.087
1582,582,2,26.54,120.0,46,1.182
1583,583,2,12.564,106.0,44,0.676
1584,584,2,25.849,134.0,41,0.072
1585,585,2,27.96,145.0,61,1.449
1586,586,2,5.342,113.0,52,0.939
1587,587,2,10.096,141.0,53,0.36
1588,588,2,18.771,138.0,60,0.267
1589,589,2,18.722,108.0,50,1.261
1590,590,2,11.833,122.0,50,0.088
1591,591,2,13.695,166.0,52,0.096
1592,592,2,22.062,135.0,56,0.592
1593,593,2,12.727,106.0,53,0.058
1594,594,2,25.922,103.0,49,0.017
1595,595,2,15.453,125.0,52,0.431
1596,596,2,12.561,155.0,49,0.358
1597,597,2,17.085,111.0,49,0.317
1598,598,2,9.459,121.0,41,1.492
1599,599,2,27.829,122.0,45,0.407
1600,600,2,27.619,115.0,53,0.561
1601,601,2,6.72,141.0,59,0.023
1602,602,2,26.192,122.0,37,0.133
1603,603,2,17.387,131.0,52,0.754
1604,604,2,17.841,123.0,70,0.226
1605,605,2,9.302,162.0,46,0.078
1606,606,2,16.056,107.0,49,0.774
1607,607,2,19.99,120.0,47,0.478
1608,608,2,17.809,127.0,65,0.552
1609,609,2,11.195,94.0,57,0.051
1610,610,2,11.865,133.0,50,0.89
1611,611,2,16.658,115.0,58,0.165
1612,612,2,18.326,106.0,41,0.032
1613,613,2,20.257,112.0,54,1.28
1614,614,2,4.27,142.0,46,0.023
1615,615,2,9.159,127.0,44,0.031
1616,616,2,15.75,145.0,44,0.775
1617,617,2,14.732,89.0,50,2.142
1618,618,2,3.178,128.0,49,0.088
1619,619,2,11.404,112.0,50,0.239
1620,620,2,19.329,103.0,53,0.542
1621,621,2,15.738,124.0,46,0.278
1622,622,2,18.796,113.0,49,2.072
1623,623,2,9.781,143.0,51,2.689
1624,624,2,10.503,151.0,51,0.035
1625,625,2,9.307,139.0,49,0.377
1626,626,2,22.088,113.0,46,1.044
1627,627,2,19.168,133.0,58,0.172
1628,628,2,8.911,128.0,46,0.092
1629,629,2,19.115,156.0,45,0.13
1630,630,2,13.933,141.0,44,0.232
1631,631,2,16.546,119.0,49,0.777
1632,632,2,9.333,134.0,53,0.003
1633,633,2,12.799,98.0,50,0.086
1634,634,2,12.102,82.0,53,0.403
1635,635,2,18.934,112.0,54,0.584
1636,636,2,14.472,135.0,52,0.006
1637,637,2,23.127,126.0,54,0.962
1638,638,2,11.685,107.0,63,0.078
1639,639,2,18.962,90.0,60,0.975
1640,640,2,3.467,80.0,55,0.531
1641,641,2,26.376,109.0,51,0.305
1642,642,2,15.236,126.0,51,0.018
1643,643,2,11.015,114.0,55,0.517
1644,644,2,15.624,151.0,49,0.203
1645,645,2,19.644,131.0,55,0.12
1646,646,2,21.34,118.0,50,2.004
1647,647,2,17.46835977908302,126.0,63,0.54
1648,648,2,13.033,129.0,50,0.169
1649,649,2,10.866,137.0,29,0.093
1650,650,2,16.33,120.0,53,0.19
1651,651,2,15.618,123.0,46,0.491
1652,652,2,23.861,112.0,40,0.425
1653,653,2,16.92,117.0,54,0.338
1654,654,2,28.042,126.0,50,0.163
1655,655,2,12.063,133.0,56,0.023
1656,656,2,21.551,119.0,52,0.492
1657,657,2,20.761,104.0,55,1.097
1658,658,2,10.577,130.0,51,0.99
1659,659,2,17.557,165.0,39,0.675
1660,660,2,17.46835977908302,134.0,44,0.457
1661,661,2,3.627,94.0,51,0.999
1662,662,2,26.074,105.0,45,0.25
1663,663,2,17.46835977908302,134.0,71,0.012
1664,664,2,30.571,90.0,57,0.481
1665,665,2,15.013,130.0,48,0.113
1666,666,2,12.413,112.0,51,0.132
1667,667,2,17.46835977908302,131.0,51,0.839
1668,668,2,9.046,118.0,47,0.219
1669,669,2,17.46835977908302,100.0,44,0.491
1670,670,2,21.298,99.0,75,1.985
1671,671,2,17.46835977908302,91.0,43,1.579
1672,672,2,27.673,101.0,31,0.75
1673,673,2,8.08,119.0,61,0.907
1674,674,2,24.25,125.0,44,0.816
1675,675,2,19.215,121.0,58,0.344
1676,676,2,17.836,108.0,54,0.769
1677,677,2,17.46835977908302,139.0,48,0.54
1678,678,2,22.849,87.0,44,1.086
1679,679,2,19.741,108.0,54,0.195
1680,680,2,19.112,113.0,54,1.376
1681,681,2,24.892,120.0,56,0.839
1682,682,2,12.881,111.0,43,0.101
1683,683,2,9.463,115.0,57,0.98
1684,684,2,22.805,115.0,60,2.576
1685,685,2,12.347,127.0,54,0.273
1686,686,2,16.999,145.0,53,0.252
1687,687,2,18.787,94.0,46,0.76
1688,688,2,15.521,121.0,55,1.065
1689,689,2,14.422,129.0,49,0.685
1690,690,2,17.46835977908302,139.0,48,0.056
1691,691,2,12.067,150.0,49,0.04
1692,692,2,19.557,108.0,47,0.571
1693,693,2,23.948,89.0,56,0.351
1694,694,2,19.751,134.0,57,0.817
1695,695,2,12.036,123.0,42,0.309
1696,696,2,28.988,114.0,44,0.533
1697,697,2,14.183,95.0,56,1.108
1698,698,2,17.46835977908302,124.0,48,0.142
1699,699,2,24.638,120.0,48,0.514
1700,700,2,15.319,149.0,37,0.577
1701,701,2,17.542,128.0,55,0.254
1702,702,2,7.501,130.0,47,0.028
1703,703,2,30.57,103.0,56,1.081
1704,704,2,13.57,144.0,49,0.206
1705,705,2,13.706,127.0,56,0.056
1706,706,2,12.248,142.0,54,0.145
1707,707,2,16.516,134.0,45,0.009
1708,708,2,23.17,134.0,51,1.422
1709,709,2,15.082,109.0,42,0.66
1710,710,2,12.985,142.0,55,0.015
1711,711,2,6.544,132.0,44,1.263
1712,712,2,27.805,89.0,53,0.586
1713,713,2,5.914,141.0,58,0.001
1714,714,2,16.619,120.0,42,0.64
1715,715,2,12.069,122.0,49,0.046
1716,716,2,16.888,119.0,42,0.949
1717,717,2,15.712,118.0,48,0.3
1718,718,2,12.953,144.0,43,0.492
1719,719,2,4.355,123.0,50,0.832
1720,720,2,7.397,123.0,52,0.494
1721,721,2,24.677,118.0,62,0.394
1722,722,2,11.472,136.0,51,0.91
1723,723,2,7.769,118.0,56,0.575
1724,724,2,27.379,104.0,40,0.632
1725,725,2,17.329,114.0,51,0.458
1726,726,2,17.46835977908302,148.0,55,0.317
1727,727,2,15.33,108.0,41,0.526
1728,728,2,26.782,93.0,52,0.337
1729,729,2,21.696,111.0,46,1.299
1730,730,2,14.722,156.0,53,0.007
1731,731,2,17.442,108.0,49,0.573
1732,732,2,10.328,112.0,45,0.116
1733,733,2,17.6,127.0,41,0.014
1734,734,2,15.767,106.0,56,0.225
1735,735,2,11.541,115.0,37,0.123
1736,736,2,22.654,93.0,38,0.236
1737,737,2,26.306,106.0,45,0.165
1738,738,2,14.933,158.0,53,0.715
1739,739,2,13.984,108.0,53,0.686
1740,740,2,16.494,126.0,56,0.044
1741,741,2,15.138,137.0,59,0.614
1742,742,2,21.335,136.0,47,1.237
1743,743,2,12.709,157.0,50,0.223
1744,744,2,21.277,117.0,39,0.065
1745,745,2,18.354,133.0,57,0.598
1746,746,2,22.83,110.0,44,0.141
1747,747,2,5.197,96.0,57,0.126
1748,748,2,6.38,112.0,50,0.404
1749,749,2,17.46835977908302,145.0,39,0.691
1750,750,2,25.057,121.0,68,0.339
1751,751,2,12.317,145.0,44,0.733
1752,752,2,12.91,99.0,37,0.35
1753,753,2,17.877,134.0,47,0.045
1754,754,2,17.698,102.0,48,0.418
1755,755,2,16.439,131.0,46,0.188
1756,756,2,3.89,153.0,41,1.079
1757,757,2,17.46835977908302,126.0,46,0.749
1758,758,2,32.5710026,114.0,53,0.847
1759,759,2,29.426,109.0,48,0.17
1760,760,2,18.348,101.0,50,0.711
1761,761,2,17.738,115.0,47,0.401
1762,762,2,12.703,147.0,54,0.416
1763,763,2,31.375,123.0,49,2.203
1764,764,2,24.56,111.0,48,0.244
1765,765,2,16.753,97.0,46,0.06
1766,766,2,14.729,147.0,46,1.008
1767,767,2,13.787,129.0,55,1.635
1768,768,2,4.987,156.0,58,0.292
1769,769,2,17.46835977908302,117.0,57,0.109
1770,770,2,13.367,112.0,52,0.336
1771,771,2,22.847,117.0,55,0.036
1772,772,2,3.767,141.0,35,0.217
1773,773,2,15.279,129.0,55,0.983
1774,774,2,21.615,150.0,53,0.446
1775,775,2,17.421,141.0,36,0.152
1776,776,2,16.945,146.0,60,0.999
1777,777,2,22.821,103.0,45,0.038
1778,778,2,30.18,109.0,52,0.053
1779,779,2,13.678,144.0,53,0.182
1780,780,2,21.086,104.0,49,0.466
1781,781,2,17.706,124.0,52,1.23
1782,782,2,14.326,137.0,39,0.013
1783,783,2,24.479,112.0,63,0.512
1784,784,2,15.475,146.0,44,0.114
1785,785,2,11.578,151.0,52,0.016
1786,786,2,13.017,137.0,40,0.031
1787,787,2,24.579,146.0,57,0.889
1788,788,2,17.46835977908302,136.0,57,0.664
1789,789,2,18.105,155.0,52,0.253
1790,790,2,16.824,129.0,46,0.029
1791,791,2,21.418,106.0,55,0.665
1792,792,2,17.816,129.0,52,0.708
1793,793,2,17.698,127.0,48,0.057
1794,794,2,12.727,135.0,57,0.47
1795,795,2,17.851,96.0,54,0.991
1796,796,2,31.275,152.0,54,2.165
1797,797,2,12.008,114.0,51,0.468
1798,798,2,9.017,131.0,54,0.399
1799,799,2,17.46835977908302,88.0,71,0.853
1800,800,2,16.645,136.0,59,0.743
1801,801,2,16.428,124.0,38,0.747
1802,802,2,19.093,115.0,49,0.148
1803,803,2,7.204,131.0,53,1.121
1804,804,2,13.738,111.0,40,2.134
1805,805,2,12.076,125.0,50,0.323
1806,806,2,9.31,121.0,57,0.813
1807,807,2,14.012,134.0,51,0.907
1808,808,2,28.566,142.0,55,1.167
1809,809,2,9.136,140.0,39,0.127
1810,810,2,21.16,119.0,62,0.399
1811,811,2,6.554,112.0,56,1.317
1812,812,2,19.669,128.0,41,0.559
1813,813,2,17.77,114.0,46,0.296
1814,814,2,16.428,120.0,52,0.241
1815,815,2,18.518,137.0,46,0.97
1816,816,2,12.797,121.0,58,0.309
1817,817,2,13.863,116.0,55,0.338
1818,818,2,21.831,137.0,55,0.386
1819,819,2,7.264,130.0,56,0.396
1820,820,2,27.182,125.0,41,0.299
1821,821,2,15.564,163.0,45,0.494
1822,822,2,15.095,134.0,53,0.344
1823,823,2,7.182,140.0,36,0.077
1824,824,2,25.512,120.0,46,0.038
1825,825,2,18.973,117.0,45,0.295
1826,826,2,22.069,153.0,56,0.528
1827,827,2,18.274,102.0,46,0.026
1828,828,2,16.118,111.0,51,0.968
1829,829,2,24.458,115.0,66,1.137
1830,830,2,22.48,158.0,33,0.662
1831,831,2,22.927,104.0,48,0.175
1832,832,2,19.126,124.0,42,0.418
1833,833,2,30.26,114.0,46,0.459
1834,834,2,17.552,131.0,63,0.278
1835,835,2,19.486,150.0,55,0.175
1836,836,2,17.46835977908302,138.0,50,0.935
1837,837,2,13.502,133.0,44,0.617
1838,838,2,7.33,124.0,52,1.057
1839,839,2,10.103,104.0,46,0.224
1840,840,2,24.288,131.0,33,0.905
1841,841,2,22.651,139.0,60,0.048
1842,842,2,14.388,134.0,49,0.206
1843,843,2,25.16,131.0,57,0.476
1844,844,2,28.131,119.0,52,0.334
1845,845,2,20.603,108.0,43,0.686
1846,846,2,17.301,111.0,58,0.319
1847,847,2,13.308,122.0,36,0.487
1848,848,2,17.46835977908302,162.0,47,0.374
1849,849,2,6.699,108.0,45,0.086
1850,850,2,17.46835977908302,122.0,51,0.979
1851,851,2,11.008,123.0,40,0.3
1852,852,2,14.426,152.0,55,1.039
1853,853,2,22.389,166.0,36,0.298
1854,854,2,8.819,109.0,65,0.196
1855,855,2,28.876,155.0,46,1.292
1856,856,2,11.515,133.0,59,0.03
1857,857,2,17.46835977908302,126.0,52,0.95
1858,858,2,15.055,109.0,49,0.189
1859,859,2,14.618,128.0,54,0.03
1860,860,2,16.254,101.0,45,0.124
1861,861,2,7.986,118.0,56,0.185
1862,862,2,14.658,91.0,51,0.234
1863,863,2,15.689,119.0,46,0.407
1864,864,2,14.847,124.0,43,0.141
1865,865,2,14.983,148.0,44,0.152
1866,866,2,13.216,115.0,50,1.106
1867,867,2,17.46835977908302,118.0,48,0.049
1868,868,2,13.538,149.0,45,0.006
1869,869,2,14.276,143.0,51,0.243
1870,870,2,18.868,114.0,59,0.667
1871,871,2,15.239,118.0,42,0.604
1872,872,2,16.33,132.0,40,0.105
1873,873,2,7.491,136.0,42,1.273
1874,874,2,17.902,125.0,59,0.163
1875,875,2,4.575,138.0,53,0.15
1876,876,2,17.46835977908302,145.0,56,1.997
1877,877,2,11.007,138.0,45,0.032
1878,878,2,28.633,102.0,45,0.295
1879,879,2,18.632,155.0,66,0.579
1880,880,2,21.133,148.0,45,0.541
1881,881,2,17.46835977908302,100.0,61,0.058
1882,882,2,24.51,104.0,43,0.048
1883,883,2,10.344,126.0,49,0.174
1884,884,2,10.049,138.0,52,0.661
1885,885,2,26.023,138.0,37,0.615
1886,886,2,14.33,111.0,55,0.306
1887,887,2,10.548,144.0,50,0.141
1888,888,2,21.148,107.0,51,0.401
1889,889,2,14.858,86.0,50,0.568
1890,890,2,21.73,126.0,48,0.038
1891,891,2,8.686,144.0,43,0.238
1892,892,2,5.486,104.0,47,1.277
1893,893,2,13.403,125.0,46,1.664
1894,894,2,32.5710026,114.0,51,0.531
1895,895,2,10.613,136.0,46,0.069
1896,896,2,7.719,111.0,48,1.038
1897,897,2,24.41,112.0,49,0.431
1898,898,2,18.468,111.0,49,0.971
1899,899,2,24.721,132.0,47,1.414
1900,900,2,19.333,135.0,37,0.096
1901,901,2,6.983,134.0,63,1.005
1902,902,2,18.418,116.0,60,0.19
1903,903,2,32.5710026,91.0,53,1.273
1904,904,2,11.755,121.0,48,0.076
1905,905,2,11.698,164.0,64,0.344
1906,906,2,24.05,163.0,47,0.22
1907,907,2,6.912,121.0,56,0.007
1908,908,2,23.315,84.0,49,0.703
1909,909,2,13.745,132.0,62,0.021
1910,910,2,17.014,117.0,47,0.144
1911,911,2,14.378,91.0,46,0.255
1912,912,2,21.63,133.0,53,0.95
1913,913,2,17.46835977908302,155.0,55,0.759
1914,914,2,21.764,122.0,58,0.293
1915,915,2,18.646,115.0,54,0.706
1916,916,2,14.859,141.0,56,0.177
1917,917,2,18.589,129.0,61,0.304
1918,918,2,14.945,124.0,58,0.361
1919,919,2,19.328,133.0,44,0.135
1920,920,2,12.978,112.0,57,0.582
1921,921,2,11.392,155.0,41,0.502
1922,922,2,16.74,118.0,54,0.555
1923,923,2,9.989,154.0,43,1.604
1924,924,2,13.765,137.0,46,0.14
1925,925,2,21.199,122.0,48,0.775
1926,926,2,8.83,137.0,52,0.127
1927,927,2,23.809,131.0,49,0.024
1928,928,2,8.151,139.0,49,0.118
1929,929,2,26.832,146.0,46,0.443
1930,930,2,30.948,147.0,54,1.22
1931,931,2,11.192,132.0,42,0.98
1932,932,2,10.558,118.0,51,0.72
1933,933,2,17.46835977908302,101.0,42,0.824
1934,934,2,15.565,138.0,62,0.321
1935,935,2,14.368,120.0,43,0.273
1936,936,2,26.709,126.0,55,0.034
1937,937,2,22.882,148.0,50,0.066
1938,938,2,18.217,134.0,57,0.318
1939,939,2,14.978,142.0,41,0.824
1940,940,2,7.977,142.0,48,0.122
1941,941,2,22.758,112.0,49,1.607
1942,942,2,15.269,135.0,30,0.661
1943,943,2,23.267,124.0,64,1.362
1944,944,2,21.555,103.0,50,0.754
1945,945,2,26.243,124.0,40,0.246
1946,946,2,12.092,126.0,46,0.723
1947,947,2,7.774,153.0,39,0.337
1948,948,2,21.653,113.0,50,0.009
1949,949,2,16.317,144.0,51,0.3
1950,950,2,11.518,121.0,39,0.208
1951,951,2,5.126,132.0,48,0.564
1952,952,2,13.851,108.0,53,0.166
1953,953,2,16.478,105.0,51,0.169
1954,954,2,25.749,114.0,50,0.205
1955,955,2,13.896,166.0,49,0.086
1956,956,2,17.436,115.0,57,0.265
1957,957,2,17.46835977908302,146.0,41,0.401
1958,958,2,22.822,110.0,45,0.507
1959,959,2,32.5710026,103.0,64,1.923
1960,960,2,15.885,108.0,66,0.083
1961,961,2,10.355,132.0,47,0.05
1962,962,2,19.033,92.0,40,0.022
1963,963,2,17.46835977908302,137.0,43,0.334
1964,964,2,20.113,134.0,54,1.247
1965,965,2,19.754,100.0,45,0.491
1966,966,2,9.713,150.0,37,0.844
1967,967,2,13.411,141.0,44,0.031
1968,968,2,9.995,110.0,61,0.233
1969,969,2,13.814,108.0,54,0.364
1970,970,2,11.2,136.0,66,0.956
1971,971,2,21.396,125.0,56,0.254
1972,972,2,22.645,125.0,46,0.667
1973,973,2,17.701,141.0,41,0.643
1974,974,2,15.352,121.0,66,0.09
1975,975,2,8.04,134.0,57,1.167
1976,976,2,27.917,114.0,43,0.926
1977,977,2,13.917,149.0,46,0.974
1978,978,2,16.752,164.0,61,0.05
1979,979,2,12.975,138.0,45,0.384
1980,980,2,16.664,143.0,54,0.173
1981,981,2,11.526,153.0,53,0.245
1982,982,2,9.887,108.0,44,1.15
1983,983,2,20.906,118.0,42,0.733
1984,984,2,17.46835977908302,140.0,48,0.152
1985,985,2,24.1,115.0,60,0.162
1986,986,2,13.08,107.0,55,0.996
1987,987,2,16.926,120.0,39,1.65
1988,988,2,19.651,145.0,64,0.397
1989,989,2,11.315,166.0,54,0.06
1990,990,2,23.135,166.0,48,1.409
1991,991,2,12.783,118.0,45,0.087
1992,992,2,24.596,109.0,50,0.475
1993,993,2,8.825,166.0,48,0.597
1994,994,2,9.526,116.0,52,0.183
1995,995,2,15.238,134.0,60,1.109
1996,996,2,16.246,144.0,50,0.062
1997,997,2,25.229,79.0,60,0.274
1998,998,2,23.554,140.0,55,0.694
1999,999,2,8.844,137.0,52,0.203
2000,1000,2,16.877,141.0,52,0.434
2001,1,3,16.082,116.0,35,0.046
2002,2,3,8.783,110.0,40,0.295
2003,3,3,7.665,150.0,50,0.925
2004,4,3,15.16,114.0,43,0.093
2005,5,3,17.46835977908302,119.0,45,0.475
2006,6,3,2.768,108.0,40,0.873
2007,7,3,17.46835977908302,138.0,42,0.087
2008,8,3,22.896,111.0,64,0.015
2009,9,3,10.353,137.0,55,0.817
2010,10,3,14.967,142.0,45,0.119
2011,11,3,12.96,115.0,58,0.932
2012,12,3,20.613,98.0,34,0.39
2013,13,3,18.226,117.0,35,0.407
2014,14,3,26.843,126.0,50,0.259
2015,15,3,17.46835977908302,128.0,53,0.326
2016,16,3,29.158,125.0,55,0.082
2017,17,3,20.747,99.0,49,0.236
2018,18,3,27.869,144.0,46,0.225
2019,19,3,13.171,166.0,40,1.659
2020,20,3,23.188,124.0,50,0.418
2021,21,3,19.587,107.0,48,0.071
2022,22,3,10.936,156.0,55,0.06
2023,23,3,24.784,112.0,49,0.314
2024,24,3,24.498,114.0,52,0.016
2025,25,3,17.46835977908302,143.0,41,0.21
2026,26,3,3.48,131.0,44,0.082
2027,27,3,17.035,132.0,56,0.514
2028,28,3,16.516,120.0,51,0.143
2029,29,3,18.992,104.0,47,1.598
2030,30,3,12.224,123.0,59,1.143
2031,31,3,5.581,144.0,54,1.349
2032,32,3,13.899,151.0,51,0.756
2033,33,3,22.368,141.0,48,0.012
2034,34,3,3.525,147.0,36,0.619
2035,35,3,22.635,143.0,47,0.324
2036,36,3,31.563,118.0,44,1.513
2037,37,3,8.55,131.0,47,1.554
2038,38,3,20.399,95.0,50,0.246
2039,39,3,15.593,118.0,49,0.695
2040,40,3,8.532,94.0,51,0.182
2041,41,3,22.477,133.0,40,0.265
2042,42,3,5.781,143.0,70,0.121
2043,43,3,14.213,100.0,46,0.272
2044,44,3,8.923,140.0,48,0.019
2045,45,3,19.867,110.0,47,1.094
2046,46,3,28.169,126.0,57,0.031
2047,47,3,16.674,140.0,56,0.64
2048,48,3,22.231,121.0,52,0.669
2049,49,3,11.921,129.0,64,0.541
2050,50,3,8.749,160.0,34,1.874
2051,51,3,9.681,147.0,60,0.028
2052,52,3,12.106,149.0,49,1.8
2053,53,3,18.647,124.0,51,0.275
2054,54,3,12.463,120.0,47,0.846
2055,55,3,19.011,144.0,40,0.552
2056,56,3,15.494,118.0,41,0.469
2057,57,3,10.914,121.0,42,0.287
2058,58,3,11.767,142.0,37,0.39
2059,59,3,15.444,159.0,57,0.069
2060,60,3,6.975,121.0,54,0.646
2061,61,3,25.96,126.0,44,1.319
2062,62,3,24.441,95.0,46,0.051
2063,63,3,29.276,144.0,54,0.36
2064,64,3,17.467,114.0,56,0.183
2065,65,3,4.728,103.0,51,0.658
2066,66,3,31.084,106.0,58,0.381
2067,67,3,11.648,136.0,52,0.96
2068,68,3,17.46835977908302,110.0,50,0.292
2069,69,3,20.471,124.0,49,0.656
2070,70,3,9.07,113.0,60,0.067
2071,71,3,17.46835977908302,128.0,55,0.308
2072,72,3,23.238,117.0,58,1.15
2073,73,3,10.725,114.0,30,0.378
2074,74,3,22.625,91.0,45,0.32
2075,75,3,18.135,144.0,37,0.415
2076,76,3,14.237,145.0,46,0.176
2077,77,3,10.361,113.0,43,0.63
2078,78,3,16.89,100.0,56,0.478
2079,79,3,15.153,126.0,56,0.352
2080,80,3,13.633,107.0,56,0.217
2081,81,3,21.444,123.0,59,0.072
2082,82,3,14.784,100.0,58,0.317
2083,83,3,6.679,112.0,53,0.328
2084,84,3,20.747,138.0,48,0.249
2085,85,3,15.052,138.0,37,0.377
2086,86,3,15.205,116.0,41,0.16
2087,87,3,19.261,148.0,52,1.16
2088,88,3,20.832,102.0,36,1.76
2089,89,3,27.152,140.0,48,0.501
2090,90,3,15.001,121.0,39,0.105
2091,91,3,17.281,111.0,48,0.421
2092,92,3,14.709,133.0,49,0.329
2093,93,3,13.754,138.0,39,0.263
2094,94,3,12.709,97.0,44,0.223
2095,95,3,6.29,108.0,55,0.349
2096,96,3,10.195,128.0,58,0.597
2097,97,3,17.46835977908302,156.0,56,0.709
2098,98,3,16.287,165.0,47,0.757
2099,99,3,25.9,127.0,44,1.566
2100,100,3,26.989,110.0,56,0.439
2101,101,3,11.68,111.0,60,1.684
2102,102,3,17.473,127.0,37,0.305
2103,103,3,13.69,124.0,57,0.972
2104,104,3,13.129,166.0,41,0.29
2105,105,3,19.177,102.0,57,0.073
2106,106,3,12.283,109.0,55,0.577
2107,107,3,7.802,144.0,49,0.024
2108,108,3,11.629,111.0,43,0.159
2109,109,3,30.588,108.0,53,0.257
2110,110,3,11.86,135.0,53,1.105
2111,111,3,11.447,126.0,61,0.448
2112,112,3,15.483,106.0,56,1.812
2113,113,3,4.388,152.0,58,0.993
2114,114,3,13.74,151.0,37,0.25
2115,115,3,16.516,134.0,44,0.044
2116,116,3,20.015,119.0,52,0.045
2117,117,3,12.782,125.0,55,0.797
2118,118,3,12.247,124.0,51,0.255
2119,119,3,14.072,91.0,52,0.085
2120,120,3,12.53,143.0,49,0.051
2121,121,3,17.75,150.0,48,0.155
2122,122,3,12.878,122.0,51,0.009
2123,123,3,20.49,106.0,42,0.712
2124,124,3,24.187,100.0,37,0.506
2125,125,3,21.161,105.0,52,0.761
2126,126,3,11.67,150.0,58,0.292
2127,127,3,30.13,129.0,61,0.326
2128,128,3,19.986,125.0,53,0.148
2129,129,3,7.675,151.0,55,0.209
2130,130,3,4.488,139.0,47,0.92
2131,131,3,15.589,102.0,52,0.963
2132,132,3,24.664,131.0,42,0.59
2133,133,3,15.98,106.0,42,1.157
2134,134,3,7.433,136.0,47,0.327
2135,135,3,19.66,108.0,38,0.314
2136,136,3,17.435,152.0,48,0.561
2137,137,3,16.497,156.0,40,0.015
2138,138,3,17.715,123.0,49,0.415
2139,139,3,17.097,141.0,50,0.068
2140,140,3,24.186,114.0,46,1.675
2141,141,3,8.056,114.0,50,0.544
2142,142,3,25.593,152.0,52,0.322
2143,143,3,13.614,144.0,44,0.2
2144,144,3,15.44,116.0,46,0.136
2145,145,3,30.061,138.0,45,0.007
2146,146,3,22.11,148.0,59,1.001
2147,147,3,22.719,130.0,45,0.404
2148,148,3,23.023,150.0,46,0.198
2149,149,3,13.239,119.0,47,0.155
2150,150,3,14.885,139.0,51,0.039
2151,151,3,10.444,145.0,51,0.378
2152,152,3,32.5710026,104.0,42,0.443
2153,153,3,26.813,153.0,52,0.082
2154,154,3,29.177,99.0,45,0.064
2155,155,3,22.872,146.0,51,0.267
2156,156,3,22.179,113.0,59,0.694
2157,157,3,10.593,121.0,61,0.138
2158,158,3,9.895,130.0,43,0.132
2159,159,3,15.11,132.0,48,0.699
2160,160,3,19.752,86.0,52,0.686
2161,161,3,12.135,144.0,45,2.137
2162,162,3,31.492,97.0,51,1.085
2163,163,3,20.146,102.0,58,0.325
2164,164,3,11.508,116.0,45,0.13
2165,165,3,22.378,152.0,52,0.119
2166,166,3,21.152,128.0,48,0.108
2167,167,3,18.58,112.0,42,1.513
2168,168,3,12.89,124.0,48,0.076
2169,169,3,13.872,118.0,50,0.945
2170,170,3,11.311,127.0,36,1.074
2171,171,3,23.294,108.0,54,1.292
2172,172,3,15.14,154.0,43,0.17
2173,173,3,28.74,132.0,47,0.053
2174,174,3,23.379,133.0,46,1.074
2175,175,3,13.862,121.0,49,0.488
2176,176,3,26.741,99.0,54,0.672
2177,177,3,22.323,123.0,49,0.992
2178,178,3,9.586,133.0,38,0.41
2179,179,3,15.82,127.0,55,0.111
2180,180,3,27.36,118.0,45,0.544
2181,181,3,24.568,136.0,53,1.027
2182,182,3,25.13,147.0,56,0.819
2183,183,3,16.897,134.0,44,0.461
2184,184,3,13.719,112.0,50,0.333
2185,185,3,15.603,109.0,47,0.429
2186,186,3,17.392,118.0,43,0.849
2187,187,3,8.061,138.0,44,0.392
2188,188,3,17.46835977908302,122.0,55,0.165
2189,189,3,11.285,137.0,41,0.663
2190,190,3,24.004,112.0,54,0.434
2191,191,3,13.083,139.0,54,1.756
2192,192,3,16.816,150.0,58,2.397
2193,193,3,11.752,113.0,58,0.531
2194,194,3,16.87,129.0,54,0.655
2195,195,3,11.92,128.0,62,0.273
2196,196,3,17.46835977908302,134.0,54,0.177
2197,197,3,9.995,105.0,52,0.566
2198,198,3,28.668,109.0,60,1.28
2199,199,3,18.091,134.0,53,0.039
2200,200,3,9.032,152.0,54,0.179
2201,201,3,9.159,129.0,45,0.243
2202,202,3,25.811,115.0,50,0.813
2203,203,3,6.768,132.0,53,0.078
2204,204,3,15.572,86.0,55,0.198
2205,205,3,24.952,94.0,53,0.506
2206,206,3,19.451,146.0,55,0.266
2207,207,3,12.461,106.0,55,0.02
2208,208,3,15.221,139.0,53,0.699
2209,209,3,17.46835977908302,137.0,44,0.559
2210,210,3,13.088,117.0,48,0.097
2211,211,3,8.99,146.0,46,0.39
2212,212,3,13.108,158.0,53,0.313
2213,213,3,17.46835977908302,86.0,48,0.533
2214,214,3,22.332,128.0,40,0.701
2215,215,3,13.82,128.0,63,0.258
2216,216,3,26.659,128.0,47,0.308
2217,217,3,6.761,112.0,54,0.55
2218,218,3,22.624,136.0,57,1.756
2219,219,3,17.46835977908302,85.0,57,1.196
2220,220,3,17.594,99.0,45,0.201
2221,221,3,12.764,119.0,50,0.138
2222,222,3,18.685,128.0,47,0.862
2223,223,3,9.448,120.0,62,1.16
2224,224,3,20.742,128.0,55,0.563
2225,225,3,6.529,113.0,43,1.144
2226,226,3,5.773,143.0,55,0.879
2227,227,3,8.308,138.0,50,0.336
2228,228,3,22.284,123.0,52,1.998
2229,229,3,18.754,119.0,56,0.274
2230,230,3,12.147,118.0,56,0.217
2231,231,3,32.148,119.0,53,0.159
2232,232,3,14.311,151.0,58,0.78
2233,233,3,4.643,150.0,58,0.844
2234,234,3,10.507,105.0,50,0.377
2235,235,3,16.886,130.0,48,0.559
2236,236,3,11.106,120.0,50,0.004
2237,237,3,16.76,152.0,52,0.028
2238,238,3,23.235,145.0,48,0.913
2239,239,3,18.419,92.0,63,0.127
2240,240,3,10.288,142.0,51,0.674
2241,241,3,13.612,148.0,53,0.14
2242,242,3,17.16,111.0,45,0.519
2243,243,3,18.885,124.0,59,0.468
2244,244,3,17.859,111.0,39,0.426
2245,245,3,19.127,98.0,49,0.211
2246,246,3,17.572,103.0,44,1.387
2247,247,3,23.249,162.0,51,0.105
2248,248,3,15.777,129.0,50,0.044
2249,249,3,17.678,91.0,48,0.325
2250,250,3,11.761,121.0,55,0.091
2251,251,3,13.911,108.0,54,0.475
2252,252,3,19.759,124.0,49,1.029
2253,253,3,7.343,124.0,63,0.095
2254,254,3,21.928,111.0,60,0.834
2255,255,3,10.527,127.0,47,0.223
2256,256,3,8.491,143.0,48,0.06
2257,257,3,9.066,135.0,56,0.611
2258,258,3,31.505,106.0,46,0.13
2259,259,3,15.443,152.0,48,0.373
2260,260,3,18.889,142.0,69,0.024
2261,261,3,19.343,126.0,52,0.872
2262,262,3,24.618,109.0,41,1.247
2263,263,3,16.7,126.0,51,0.734
2264,264,3,28.305,97.0,47,0.077
2265,265,3,26.238,113.0,46,0.001
2266,266,3,29.17,131.0,58,0.902
2267,267,3,19.574,157.0,47,0.96
2268,268,3,7.616,125.0,48,0.273
2269,269,3,11.981,116.0,53,1.19
2270,270,3,7.318,112.0,38,0.44
2271,271,3,10.861,129.0,58,0.437
2272,272,3,32.5710026,144.0,50,0.58
2273,273,3,14.655,109.0,43,0.249
2274,274,3,16.602,108.0,53,1.482
2275,275,3,16.679,108.0,50,0.863
2276,276,3,12.874,132.0,43,0.386
2277,277,3,17.551,113.0,53,0.331
2278,278,3,7.322,132.0,49,0.76
2279,279,3,16.649,127.0,51,1.757
2280,280,3,16.677,112.0,54,0.076
2281,281,3,11.642,125.0,43,0.225
2282,282,3,16.325,141.0,46,0.455
2283,283,3,11.546,111.0,40,1.382
2284,284,3,13.692,119.0,53,1.215
2285,285,3,26.781,123.0,51,0.623
2286,286,3,29.132,115.0,51,0.998
2287,287,3,9.256,113.0,52,0.494
2288,288,3,7.781,155.0,40,0.073
2289,289,3,16.157,118.0,36,0.459
2290,290,3,19.509,118.0,51,0.274
2291,291,3,21.25,149.0,50,0.677
2292,292,3,17.46835977908302,102.0,53,0.386
2293,293,3,32.5710026,150.0,46,0.127
2294,294,3,18.501,109.0,40,0.043
2295,295,3,19.159,116.0,46,0.068
2296,296,3,21.892,107.0,62,0.295
2297,297,3,26.693,106.0,45,0.425
2298,298,3,13.822,132.0,52,0.568
2299,299,3,21.258,107.0,57,0.144
2300,300,3,30.347,110.0,62,0.403
2301,301,3,21.447,127.0,45,0.846
2302,302,3,7.806,140.0,46,0.084
2303,303,3,16.77,137.0,44,0.031
2304,304,3,17.46835977908302,156.0,55,0.387
2305,305,3,32.5710026,113.0,56,0.315
2306,306,3,8.28,132.0,48,0.103
2307,307,3,23.707,126.0,60,0.285
2308,308,3,24.284,124.0,46,1.605
2309,309,3,11.038,121.0,50,0.043
2310,310,3,12.764,111.0,60,0.116
2311,311,3,16.823,107.0,58,0.418
2312,312,3,21.806,97.0,54,2.783
2313,313,3,14.115,139.0,51,0.076
2314,314,3,7.226,122.0,63,0.196
2315,315,3,14.245,141.0,52,0.949
2316,316,3,15.866,118.0,48,0.174
2317,317,3,20.472,119.0,57,0.048
2318,318,3,14.469,128.0,40,0.865
2319,319,3,18.733,109.0,46,0.186
2320,320,3,31.195,112.0,49,0.007
2321,321,3,17.49,148.0,43,0.526
2322,322,3,5.144,110.0,51,0.375
2323,323,3,12.945,127.0,52,0.015
2324,324,3,23.358,113.0,41,0.549
2325,325,3,23.869,137.0,46,0.901
2326,326,3,13.511,100.0,51,0.941
2327,327,3,29.307,117.0,52,1.637
2328,328,3,21.107,93.0,38,0.781
2329,329,3,16.136,130.0,57,1.055
2330,330,3,14.158,137.0,52,0.981
2331,331,3,13.132,115.0,42,0.982
2332,332,3,28.468,90.0,46,0.269
2333,333,3,20.067,115.0,43,1.368
2334,334,3,23.514,108.0,51,0.572
2335,335,3,11.944,137.0,61,0.232
2336,336,3,11.081,126.0,40,0.071
2337,337,3,21.371,122.0,48,0.37
2338,338,3,20.64,144.0,60,0.172
2339,339,3,16.237,116.0,59,0.327
2340,340,3,17.027,121.0,61,0.007
2341,341,3,10.465,142.0,49,0.462
2342,342,3,26.388,131.0,49,0.117
2343,343,3,17.627,98.0,47,0.027
2344,344,3,19.1,116.0,53,0.781
2345,345,3,9.761,141.0,51,0.162
2346,346,3,15.135,138.0,51,0.099
2347,347,3,27.49,101.0,54,1.31
2348,348,3,22.16,123.0,56,0.398
2349,349,3,13.816,125.0,52,0.208
2350,350,3,10.242,114.0,47,0.538
2351,351,3,7.368,137.0,49,0.124
2352,352,3,32.5710026,166.0,53,0.23
2353,353,3,22.035,96.0,38,0.481
2354,354,3,18.612,137.0,60,0.427
2355,355,3,14.228,127.0,51,0.198
2356,356,3,28.574,127.0,61,0.229
2357,357,3,19.648,90.0,62,0.23
2358,358,3,19.303,115.0,49,1.481
2359,359,3,25.132,109.0,40,0.544
2360,360,3,28.383,158.0,62,1.293
2361,361,3,24.923,117.0,47,0.82
2362,362,3,25.712,80.0,42,0.209
2363,363,3,18.803,128.0,45,0.839
2364,364,3,20.218,166.0,56,0.012
2365,365,3,13.185,106.0,51,1.653
2366,366,3,27.355,123.0,41,0.1
2367,367,3,17.077,110.0,61,0.101
2368,368,3,9.695,100.0,35,0.181
2369,369,3,21.296,142.0,54,0.381
2370,370,3,19.248,126.0,47,0.309
2371,371,3,14.566,123.0,45,0.159
2372,372,3,17.64,109.0,47,0.067
2373,373,3,12.946,127.0,52,0.233
2374,374,3,8.156,129.0,46,0.182
2375,375,3,14.178,105.0,53,0.001
2376,376,3,17.46835977908302,142.0,43,0.919
2377,377,3,6.321,122.0,52,0.026
2378,378,3,22.493,138.0,50,0.105
2379,379,3,15.0,144.0,47,0.126
2380,380,3,29.294,147.0,65,0.811
2381,381,3,10.667,136.0,50,0.531
2382,382,3,19.416,130.0,47,0.131
2383,383,3,16.169,127.0,54,0.356
2384,384,3,28.728,109.0,41,2.539
2385,385,3,9.588,132.0,64,1.623
2386,386,3,20.546,103.0,58,0.622
2387,387,3,22.665,90.0,48,0.108
2388,388,3,13.298,111.0,55,0.453
2389,389,3,19.661,140.0,56,0.609
2390,390,3,10.617,126.0,43,0.065
2391,391,3,9.958,145.0,47,0.282
2392,392,3,15.255,148.0,57,0.15
2393,393,3,22.269,138.0,52,0.635
2394,394,3,14.143,114.0,50,0.509
2395,395,3,7.715,153.0,41,0.499
2396,396,3,21.324,98.0,68,0.676
2397,397,3,17.46835977908302,146.0,58,1.071
2398,398,3,21.474,125.0,50,0.197
2399,399,3,10.988,92.0,55,0.724
2400,400,3,17.46835977908302,124.0,52,0.055
2401,401,3,17.46835977908302,127.0,38,1.379
2402,402,3,23.235,122.0,45,0.246
2403,403,3,10.706,135.0,53,0.298
2404,404,3,19.025,109.0,59,0.143
2405,405,3,8.402,121.0,54,0.332
2406,406,3,7.045,112.0,43,1.423
2407,407,3,30.701,117.0,62,0.059
2408,408,3,32.5710026,99.0,46,0.125
2409,409,3,15.325,103.0,44,1.05
2410,410,3,28.256,115.0,40,0.138
2411,411,3,15.603,102.0,59,0.813
2412,412,3,25.245,118.0,40,0.16
2413,413,3,15.895,120.0,45,0.364
2414,414,3,24.583,83.0,52,0.518
2415,415,3,29.803,106.0,56,0.258
2416,416,3,15.079,142.0,46,0.084
2417,417,3,17.72,129.0,62,0.872
2418,418,3,13.368,142.0,47,0.084
2419,419,3,28.016,111.0,51,1.008
2420,420,3,17.46835977908302,129.0,55,0.822
2421,421,3,9.445,122.0,28,0.045
2422,422,3,17.069,149.0,49,1.158
2423,423,3,20.264,108.0,51,2.064
2424,424,3,14.927,102.0,56,0.032
2425,425,3,12.518,104.0,45,0.436
2426,426,3,21.178,126.0,48,0.246
2427,427,3,14.061,142.0,52,0.556
2428,428,3,8.149,102.0,56,0.242
2429,429,3,18.826,131.0,53,0.302
2430,430,3,26.356,151.0,56,0.297
2431,431,3,22.751,109.0,47,0.215
2432,432,3,12.794,116.0,49,0.711
2433,433,3,28.085,103.0,55,0.439
2434,434,3,19.064,128.0,37,0.866
2435,435,3,15.572,118.0,54,0.36
2436,436,3,20.135,128.0,49,0.604
2437,437,3,22.973,135.0,53,0.079
2438,438,3,17.349,145.0,52,0.085
2439,439,3,15.302,110.0,52,0.729
2440,440,3,12.02,123.0,39,0.481
2441,441,3,8.964,118.0,54,0.276
2442,442,3,18.832,127.0,50,0.14
2443,443,3,15.28,121.0,51,0.094
2444,444,3,17.032,116.0,44,0.129
2445,445,3,15.253,152.0,38,0.162
2446,446,3,28.965,163.0,43,0.032
2447,447,3,3.679,160.0,48,0.343
2448,448,3,10.945,137.0,48,0.054
2449,449,3,17.092,102.0,60,0.268
2450,450,3,13.919,105.0,53,0.054
2451,451,3,28.037,116.0,54,0.015
2452,452,3,19.429,110.0,45,0.093
2453,453,3,31.08,117.0,36,2.777
2454,454,3,29.969,113.0,43,0.078
2455,455,3,14.168,122.0,57,0.581
2456,456,3,18.694,136.0,35,1.062
2457,457,3,8.135,93.0,43,0.057
2458,458,3,11.913,121.0,57,1.002
2459,459,3,5.749,143.0,53,0.342
2460,460,3,14.512,131.0,38,0.36
2461,461,3,18.462,144.0,47,0.591
2462,462,3,22.494,127.0,38,0.975
2463,463,3,15.014,116.0,54,0.027
2464,464,3,9.365,151.0,54,0.357
2465,465,3,20.241,126.0,56,0.017
2466,466,3,11.447,115.0,56,0.44
2467,467,3,13.505,166.0,41,0.129
2468,468,3,4.704,104.0,48,1.643
2469,469,3,15.178,111.0,38,0.23
2470,470,3,16.465,114.0,35,0.619
2471,471,3,16.955,119.0,48,0.187
2472,472,3,10.451,132.0,46,0.977
2473,473,3,9.449,138.0,63,0.371
2474,474,3,17.46835977908302,146.0,48,0.032
2475,475,3,10.82,113.0,54,0.434
2476,476,3,13.349,146.0,38,0.26
2477,477,3,15.16,121.0,56,0.538
2478,478,3,17.17,151.0,56,0.127
2479,479,3,18.129,134.0,46,0.089
2480,480,3,17.647,134.0,44,0.865
2481,481,3,12.04,102.0,54,0.552
2482,482,3,10.228,126.0,34,0.314
2483,483,3,26.646,105.0,47,0.748
2484,484,3,24.262,123.0,58,0.593
2485,485,3,8.391,139.0,52,0.021
2486,486,3,28.231,125.0,58,0.169
2487,487,3,19.369,146.0,39,0.121
2488,488,3,17.698,107.0,53,0.517
2489,489,3,22.271,110.0,52,1.139
2490,490,3,12.882,119.0,57,0.886
2491,491,3,9.557,160.0,52,0.24
2492,492,3,17.05,127.0,64,0.116
2493,493,3,13.403,112.0,46,0.22
2494,494,3,32.5710026,103.0,44,0.45
2495,495,3,16.187,166.0,49,0.737
2496,496,3,13.019,133.0,36,0.803
2497,497,3,29.971,132.0,53,0.225
2498,498,3,12.342,104.0,57,0.379
2499,499,3,15.225,149.0,53,0.084
2500,500,3,12.078,128.0,40,0.634
2501,501,3,18.819,109.0,50,0.48
2502,502,3,17.18,124.0,60,0.297
2503,503,3,16.587,117.0,39,0.685
2504,504,3,14.458,117.0,47,0.69
2505,505,3,10.643,140.0,56,0.552
2506,506,3,29.119,122.0,45,0.109
2507,507,3,27.871,122.0,54,0.593
2508,508,3,11.883,137.0,41,0.409
2509,509,3,26.698,92.0,46,0.004
2510,510,3,28.111,126.0,46,0.635
2511,511,3,25.575,126.0,43,0.217
2512,512,3,14.594,156.0,62,0.094
2513,513,3,17.991,130.0,56,0.013
2514,514,3,8.975,143.0,58,2.468
2515,515,3,29.72,106.0,54,0.234
2516,516,3,19.693,111.0,40,0.899
2517,517,3,20.709,107.0,62,0.7
2518,518,3,14.8,122.0,47,2.131
2519,519,3,10.408,140.0,54,1.272
2520,520,3,4.985,106.0,56,0.342
2521,521,3,31.238,130.0,50,0.743
2522,522,3,10.086,138.0,51,0.215
2523,523,3,17.928,104.0,48,0.153
2524,524,3,32.234,106.0,58,1.822
2525,525,3,9.946,144.0,45,0.567
2526,526,3,13.852,137.0,43,0.631
2527,527,3,15.682,126.0,50,0.27
2528,528,3,23.488,130.0,47,0.558
2529,529,3,21.624,131.0,54,0.835
2530,530,3,9.475,121.0,59,1.261
2531,531,3,13.566,132.0,45,0.011
2532,532,3,1.8,130.0,47,0.728
2533,533,3,16.207,143.0,51,0.093
2534,534,3,12.453,110.0,51,0.014
2535,535,3,24.602,128.0,46,0.064
2536,536,3,12.535,108.0,39,0.472
2537,537,3,17.46835977908302,133.0,48,0.831
2538,538,3,22.307,91.0,46,0.234
2539,539,3,17.593,139.0,61,0.07
2540,540,3,17.632,144.0,55,1.904
2541,541,3,10.18,112.0,57,0.36
2542,542,3,20.798,123.0,57,0.121
2543,543,3,13.557,154.0,56,0.35
2544,544,3,10.262,133.0,53,0.381
2545,545,3,14.612,112.0,48,0.851
2546,546,3,10.371,139.0,55,0.062
2547,547,3,12.376,146.0,63,0.211
2548,548,3,16.915,139.0,49,0.12
2549,549,3,9.041,139.0,49,0.503
2550,550,3,15.113,117.0,34,0.214
2551,551,3,18.514,108.0,43,0.355
2552,552,3,9.551,104.0,59,0.239
2553,553,3,16.864,118.0,73,0.195
2554,554,3,28.14,125.0,49,0.497
2555,555,3,14.965,126.0,45,0.1
2556,556,3,10.143,152.0,45,0.207
2557,557,3,22.654,134.0,42,0.289
2558,558,3,15.394,110.0,46,0.351
2559,559,3,18.17,111.0,53,0.206
2560,560,3,16.624,166.0,62,0.507
2561,561,3,22.179,136.0,63,0.581
2562,562,3,32.5710026,111.0,44,1.584
2563,563,3,10.95,142.0,54,0.105
2564,564,3,11.8,114.0,53,1.754
2565,565,3,8.993,117.0,49,0.192
2566,566,3,14.597,129.0,47,0.19
2567,567,3,6.237,160.0,50,0.012
2568,568,3,26.264,117.0,53,0.321
2569,569,3,7.532,137.0,61,0.093
2570,570,3,22.665,112.0,56,0.579
2571,571,3,11.195,94.0,50,0.032
2572,572,3,13.634,158.0,47,1.078
2573,573,3,15.962,110.0,49,0.343
2574,574,3,20.114,134.0,53,0.059
2575,575,3,15.85,117.0,61,0.492
2576,576,3,20.076,135.0,58,0.138
2577,577,3,14.637,100.0,39,1.205
2578,578,3,30.007,117.0,42,0.233
2579,579,3,21.072,108.0,56,0.008
2580,580,3,20.618,139.0,62,1.081
2581,581,3,13.597,131.0,47,0.26
2582,582,3,31.136,98.0,54,0.349
2583,583,3,8.208,104.0,45,0.085
2584,584,3,21.448,139.0,61,0.717
2585,585,3,22.678,126.0,61,0.03
2586,586,3,13.513,114.0,65,0.641
2587,587,3,17.46835977908302,116.0,47,0.462
2588,588,3,13.08,134.0,48,0.029
2589,589,3,13.766,119.0,61,0.829
2590,590,3,13.717,139.0,50,0.712
2591,591,3,16.329,166.0,43,0.333
2592,592,3,14.105,139.0,47,0.565
2593,593,3,13.241,119.0,44,0.175
2594,594,3,21.63,97.0,45,1.148
2595,595,3,12.941,132.0,58,0.824
2596,596,3,22.909,149.0,44,0.055
2597,597,3,30.34,104.0,50,0.052
2598,598,3,14.256,144.0,51,0.78
2599,599,3,29.437,90.0,33,1.439
2600,600,3,27.959,111.0,48,0.196
2601,601,3,10.28,153.0,40,0.751
2602,602,3,25.879,123.0,66,0.084
2603,603,3,24.363,121.0,46,0.318
2604,604,3,13.617,128.0,64,0.477
2605,605,3,5.202,121.0,53,0.406
2606,606,3,17.072,122.0,48,0.221
2607,607,3,22.338,103.0,51,0.012
2608,608,3,14.925,118.0,51,0.107
2609,609,3,6.962,101.0,54,1.19
2610,610,3,29.295,129.0,51,0.122
2611,611,3,18.525,128.0,53,0.394
2612,612,3,18.009,105.0,58,0.313
2613,613,3,29.639,118.0,49,0.228
2614,614,3,2.203,151.0,46,0.004
2615,615,3,11.906,141.0,38,0.406
2616,616,3,14.046,149.0,50,1.536
2617,617,3,20.319,107.0,38,0.157
2618,618,3,13.291,124.0,60,0.322
2619,619,3,14.959,134.0,60,0.191
2620,620,3,19.364,98.0,52,0.037
2621,621,3,6.66,119.0,57,0.229
2622,622,3,20.838,119.0,36,0.864
2623,623,3,17.46835977908302,140.0,40,0.406
2624,624,3,8.671,156.0,57,0.084
2625,625,3,9.847,133.0,36,0.367
2626,626,3,28.203,130.0,47,0.355
2627,627,3,32.5710026,128.0,48,0.39
2628,628,3,17.46835977908302,133.0,60,0.961
2629,629,3,13.012,132.0,44,0.113
2630,630,3,24.141,152.0,53,1.463
2631,631,3,17.46835977908302,100.0,56,0.893
2632,632,3,7.578,144.0,52,0.111
2633,633,3,14.991,105.0,44,0.443
2634,634,3,17.961,94.0,53,0.368
2635,635,3,16.182,107.0,46,0.552
2636,636,3,11.545,133.0,50,0.769
2637,637,3,23.075,131.0,54,0.344
2638,638,3,18.526,102.0,45,0.827
2639,639,3,11.56,123.0,41,2.146
2640,640,3,7.157,101.0,57,0.354
2641,641,3,19.32,122.0,45,0.945
2642,642,3,10.781,117.0,51,0.411
2643,643,3,19.984,108.0,60,1.685
2644,644,3,10.252,166.0,53,0.021
2645,645,3,23.723,113.0,61,0.296
2646,646,3,31.492,111.0,53,1.188
2647,647,3,14.487,115.0,47,0.027
2648,648,3,1.648,141.0,55,0.979
2649,649,3,6.742,142.0,46,0.862
2650,650,3,13.377,145.0,46,0.974
2651,651,3,19.712,108.0,51,0.596
2652,652,3,12.32,108.0,37,0.096
2653,653,3,11.388,90.0,48,0.182
2654,654,3,25.553,134.0,59,0.77
2655,655,3,5.651,143.0,49,0.162
2656,656,3,13.845,129.0,47,0.775
2657,657,3,23.431,115.0,45,1.78
2658,658,3,28.278,120.0,43,0.231
2659,659,3,13.275,128.0,51,0.457
2660,660,3,23.339,149.0,65,0.119
2661,661,3,9.365,94.0,50,0.309
2662,662,3,27.138,122.0,52,0.306
2663,663,3,13.886,131.0,39,1.232
2664,664,3,28.161,110.0,31,0.953
2665,665,3,13.62,117.0,51,0.129
2666,666,3,23.092,88.0,47,0.516
2667,667,3,19.042,143.0,55,0.005
2668,668,3,11.581,128.0,47,0.453
2669,669,3,11.988,104.0,44,0.709
2670,670,3,19.136,127.0,47,0.598
2671,671,3,14.091,119.0,54,0.044
2672,672,3,26.303,116.0,60,0.183
2673,673,3,12.617,115.0,52,0.017
2674,674,3,10.414,109.0,42,1.091
2675,675,3,12.807,110.0,49,0.037
2676,676,3,18.019,106.0,58,0.375
2677,677,3,7.816,147.0,49,0.09
2678,678,3,23.572,109.0,52,0.786
2679,679,3,17.379,106.0,52,0.292
2680,680,3,26.53,108.0,54,0.167
2681,681,3,24.643,95.0,53,0.089
2682,682,3,11.466,107.0,65,0.526
2683,683,3,11.565,127.0,58,0.364
2684,684,3,21.311,110.0,50,0.239
2685,685,3,21.184,137.0,54,0.251
2686,686,3,27.829,141.0,54,0.123
2687,687,3,19.393,94.0,47,2.131
2688,688,3,14.096,119.0,44,0.22
2689,689,3,13.503,111.0,52,0.259
2690,690,3,12.579,159.0,45,0.389
2691,691,3,13.113,124.0,58,0.723
2692,692,3,20.377,107.0,56,1.148
2693,693,3,16.359,129.0,45,0.479
2694,694,3,16.358,125.0,43,0.621
2695,695,3,17.46835977908302,98.0,55,0.654
2696,696,3,14.413,123.0,47,0.882
2697,697,3,21.351,96.0,43,0.485
2698,698,3,25.624,144.0,51,0.326
2699,699,3,12.272,135.0,46,1.032
2700,700,3,12.124,122.0,54,0.626
2701,701,3,18.341,126.0,50,0.097
2702,702,3,14.934,136.0,32,0.098
2703,703,3,23.582,113.0,50,0.309
2704,704,3,10.912,125.0,55,0.402
2705,705,3,12.861,143.0,47,0.694
2706,706,3,8.392,137.0,48,0.773
2707,707,3,13.112,139.0,61,0.099
2708,708,3,17.46835977908302,129.0,54,0.087
2709,709,3,11.781,105.0,54,0.771
2710,710,3,17.484,140.0,45,0.313
2711,711,3,8.934,123.0,55,0.51
2712,712,3,28.864,97.0,63,1.164
2713,713,3,17.787,144.0,53,0.252
2714,714,3,26.823,124.0,49,1.144
2715,715,3,12.774,118.0,56,1.065
2716,716,3,22.096,109.0,48,0.053
2717,717,3,12.138,114.0,54,0.313
2718,718,3,13.953,140.0,56,0.257
2719,719,3,9.768,118.0,48,2.072
2720,720,3,14.486,119.0,34,0.176
2721,721,3,29.086,131.0,51,0.848
2722,722,3,8.722,104.0,52,1.646
2723,723,3,11.567,125.0,58,0.656
2724,724,3,18.204,108.0,45,0.343
2725,725,3,15.002,108.0,58,0.307
2726,726,3,24.256,143.0,52,0.129
2727,727,3,16.545,91.0,52,0.222
2728,728,3,32.5710026,94.0,52,0.002
2729,729,3,23.229,122.0,46,0.366
2730,730,3,6.898,145.0,37,0.128
2731,731,3,15.026,104.0,33,0.386
2732,732,3,24.048,113.0,49,0.758
2733,733,3,10.845,137.0,42,0.191
2734,734,3,15.746,122.0,48,0.269
2735,735,3,12.022,140.0,48,0.73
2736,736,3,17.682,109.0,42,1.11
2737,737,3,20.863,115.0,46,1.495
2738,738,3,16.637,111.0,47,0.085
2739,739,3,16.825,92.0,47,0.565
2740,740,3,15.222,123.0,52,0.584
2741,741,3,20.785,111.0,53,0.12
2742,742,3,30.564,125.0,40,0.382
2743,743,3,11.082,156.0,53,0.297
2744,744,3,11.799,116.0,55,0.052
2745,745,3,11.573,127.0,43,0.233
2746,746,3,22.832,112.0,65,0.002
2747,747,3,14.658,99.0,49,0.129
2748,748,3,9.04,107.0,53,1.264
2749,749,3,20.021,150.0,51,0.104
2750,750,3,14.649,115.0,46,0.689
2751,751,3,17.46835977908302,138.0,47,0.717
2752,752,3,6.667,118.0,54,2.885
2753,753,3,12.901,117.0,44,0.386
2754,754,3,14.411,109.0,52,0.308
2755,755,3,17.46835977908302,135.0,55,1.674
2756,756,3,12.647,150.0,50,0.647
2757,757,3,10.57,106.0,43,0.27
2758,758,3,25.992,135.0,57,0.202
2759,759,3,25.669,120.0,45,1.353
2760,760,3,8.633,89.0,48,1.704
2761,761,3,13.409,112.0,56,0.468
2762,762,3,8.416,122.0,45,0.037
2763,763,3,29.694,122.0,46,0.91
2764,764,3,30.582,115.0,39,0.542
2765,765,3,28.601,107.0,48,1.109
2766,766,3,17.46835977908302,136.0,47,0.091
2767,767,3,11.517,107.0,46,1.006
2768,768,3,11.966,144.0,49,0.056
2769,769,3,11.634,133.0,43,0.119
2770,770,3,11.694,118.0,36,0.327
2771,771,3,19.65,115.0,36,0.381
2772,772,3,15.058,121.0,52,1.061
2773,773,3,3.4,147.0,41,0.06
2774,774,3,13.978,127.0,47,0.327
2775,775,3,10.056,156.0,59,0.146
2776,776,3,16.209,138.0,45,0.28
2777,777,3,21.09,112.0,64,0.766
2778,778,3,29.562,116.0,59,0.499
2779,779,3,9.851,132.0,50,1.471
2780,780,3,19.121,110.0,57,0.364
2781,781,3,4.349,120.0,56,0.831
2782,782,3,7.84,128.0,44,0.738
2783,783,3,28.508,112.0,59,0.507
2784,784,3,4.972,152.0,42,0.221
2785,785,3,17.021,134.0,46,0.807
2786,786,3,14.978,112.0,52,0.049
2787,787,3,20.533,136.0,39,0.086
2788,788,3,18.476,122.0,36,0.439
2789,789,3,8.232,139.0,53,0.852
2790,790,3,13.129,128.0,35,0.081
2791,791,3,9.625,112.0,61,0.79
2792,792,3,17.46835977908302,133.0,55,0.403
2793,793,3,11.168,138.0,50,1.237
2794,794,3,14.862,126.0,55,0.027
2795,795,3,16.976,103.0,63,0.011
2796,796,3,25.366,144.0,62,0.178
2797,797,3,13.048,100.0,39,0.474
2798,798,3,14.085,166.0,41,0.005
2799,799,3,24.637,96.0,41,0.643
2800,800,3,12.7,130.0,52,0.172
2801,801,3,10.895,140.0,46,0.24
2802,802,3,23.049,150.0,55,0.785
2803,803,3,13.374,145.0,53,0.085
2804,804,3,14.789,120.0,55,0.263
2805,805,3,7.407,91.0,53,0.747
2806,806,3,11.331,132.0,52,0.072
2807,807,3,12.766,136.0,54,0.006
2808,808,3,23.254,122.0,42,0.156
2809,809,3,11.619,127.0,44,0.219
2810,810,3,20.957,111.0,55,1.667
2811,811,3,14.779,115.0,41,0.686
2812,812,3,17.998,108.0,51,0.836
2813,813,3,21.27,104.0,59,0.417
2814,814,3,8.035,129.0,44,0.51
2815,815,3,18.574,116.0,60,0.165
2816,816,3,13.524,143.0,49,0.131
2817,817,3,23.439,121.0,42,0.329
2818,818,3,24.256,142.0,37,0.219
2819,819,3,9.638,150.0,46,0.553
2820,820,3,17.46835977908302,119.0,32,0.234
2821,821,3,10.974,163.0,55,0.039
2822,822,3,6.968,113.0,49,0.591
2823,823,3,17.46835977908302,137.0,61,0.269
2824,824,3,32.526,132.0,36,0.372
2825,825,3,12.441,105.0,51,1.192
2826,826,3,22.803,144.0,50,0.734
2827,827,3,21.868,108.0,56,0.218
2828,828,3,6.005,137.0,42,0.867
2829,829,3,23.011,106.0,50,0.365
2830,830,3,18.877,141.0,66,0.005
2831,831,3,26.203,131.0,52,0.3
2832,832,3,25.323,138.0,65,0.587
2833,833,3,22.207,139.0,43,0.402
2834,834,3,14.127,135.0,58,0.138
2835,835,3,26.16,164.0,56,1.397
2836,836,3,24.477,127.0,45,0.498
2837,837,3,9.027,145.0,58,2.108
2838,838,3,21.355,139.0,40,0.238
2839,839,3,5.996,114.0,44,2.169
2840,840,3,26.339,117.0,64,1.023
2841,841,3,21.239,132.0,49,0.203
2842,842,3,20.848,128.0,47,0.564
2843,843,3,28.599,125.0,45,0.479
2844,844,3,14.429,109.0,57,0.188
2845,845,3,24.343,100.0,61,0.199
2846,846,3,6.551,111.0,50,0.17
2847,847,3,14.161,119.0,39,0.264
2848,848,3,18.229,134.0,47,0.601
2849,849,3,13.006,107.0,34,0.079
2850,850,3,10.597,144.0,48,0.435
2851,851,3,24.403,157.0,55,0.229
2852,852,3,14.859,155.0,51,0.23
2853,853,3,20.814,132.0,61,0.974
2854,854,3,4.982,124.0,57,1.171
2855,855,3,26.391,138.0,53,0.063
2856,856,3,12.419,148.0,56,0.395
2857,857,3,10.901,137.0,55,0.601
2858,858,3,15.699,89.0,48,0.036
2859,859,3,13.031,119.0,47,0.742
2860,860,3,9.282,100.0,50,0.083
2861,861,3,11.114,108.0,46,0.057
2862,862,3,12.685,116.0,61,0.914
2863,863,3,14.689,123.0,52,0.491
2864,864,3,8.025,132.0,42,1.747
2865,865,3,17.46835977908302,143.0,57,0.09
2866,866,3,15.56,139.0,50,0.231
2867,867,3,6.529,107.0,44,1.024
2868,868,3,11.038,163.0,56,0.104
2869,869,3,12.268,118.0,52,0.145
2870,870,3,20.082,125.0,58,0.247
2871,871,3,13.612,160.0,48,1.212
2872,872,3,10.982,166.0,38,0.278
2873,873,3,16.624,139.0,41,0.071
2874,874,3,10.027,110.0,43,0.16
2875,875,3,6.229,129.0,45,0.526
2876,876,3,15.812,139.0,48,0.105
2877,877,3,8.195,157.0,56,0.244
2878,878,3,30.958,122.0,51,0.138
2879,879,3,14.941,159.0,62,1.274
2880,880,3,19.899,146.0,47,0.015
2881,881,3,21.324,89.0,68,0.563
2882,882,3,25.829,108.0,36,0.039
2883,883,3,15.38,137.0,50,0.998
2884,884,3,8.723,121.0,52,0.381
2885,885,3,22.662,156.0,47,0.011
2886,886,3,20.714,113.0,50,0.403
2887,887,3,12.157,122.0,47,1.263
2888,888,3,11.963,110.0,58,2.197
2889,889,3,7.993,89.0,58,0.195
2890,890,3,25.867,137.0,40,0.03
2891,891,3,7.136,160.0,44,1.482
2892,892,3,14.537,91.0,57,0.137
2893,893,3,11.955,102.0,47,1.013
2894,894,3,24.069,117.0,60,0.21
2895,895,3,14.287,166.0,52,0.105
2896,896,3,13.249,102.0,46,1.219
2897,897,3,29.803,114.0,52,0.128
2898,898,3,16.476,103.0,52,0.304
2899,899,3,26.28,113.0,49,0.729
2900,900,3,18.106,112.0,52,0.805
2901,901,3,9.435,123.0,49,0.43
2902,902,3,17.841,109.0,51,0.756
2903,903,3,29.877,114.0,39,0.182
2904,904,3,17.012,131.0,50,0.071
2905,905,3,16.502,138.0,54,0.018
2906,906,3,19.02,145.0,48,1.017
2907,907,3,18.218,121.0,43,0.684
2908,908,3,19.139,100.0,54,0.103
2909,909,3,6.622,164.0,43,0.041
2910,910,3,24.173,129.0,53,0.277
2911,911,3,24.543,86.0,54,0.553
2912,912,3,27.337,127.0,45,0.045
2913,913,3,6.255,128.0,56,0.298
2914,914,3,19.95,134.0,56,0.903
2915,915,3,12.112,152.0,60,0.507
2916,916,3,12.66,147.0,49,0.118
2917,917,3,18.614,122.0,52,0.11
2918,918,3,8.456,123.0,51,0.204
2919,919,3,16.525,105.0,54,0.158
2920,920,3,17.46835977908302,135.0,52,0.287
2921,921,3,16.555,152.0,48,0.582
2922,922,3,22.074,158.0,50,0.186
2923,923,3,3.648,149.0,49,0.126
2924,924,3,22.185,132.0,61,0.137
2925,925,3,14.044,108.0,70,0.632
2926,926,3,10.913,145.0,58,0.388
2927,927,3,22.457,105.0,41,0.109
2928,928,3,13.706,154.0,41,0.478
2929,929,3,16.117,145.0,57,0.058
2930,930,3,21.363,129.0,59,0.744
2931,931,3,11.078,119.0,47,0.26
2932,932,3,7.906,104.0,46,0.209
2933,933,3,18.048,115.0,46,0.064
2934,934,3,21.399,165.0,43,1.003
2935,935,3,13.039,127.0,53,0.039
2936,936,3,28.064,122.0,63,0.499
2937,937,3,17.46835977908302,122.0,34,0.131
2938,938,3,10.795,142.0,42,0.55
2939,939,3,20.25,124.0,61,0.145
2940,940,3,3.396,146.0,48,0.834
2941,941,3,17.46835977908302,81.0,40,0.125
2942,942,3,17.46835977908302,122.0,54,0.061
2943,943,3,14.763,116.0,47,0.077
2944,944,3,11.83,99.0,42,0.09
2945,945,3,32.187,139.0,39,0.346
2946,946,3,7.936,111.0,41,1.001
2947,947,3,14.709,155.0,47,0.009
2948,948,3,31.922,105.0,44,0.989
2949,949,3,10.402,129.0,38,0.825
2950,950,3,14.417,146.0,49,0.269
2951,951,3,11.636,131.0,57,0.892
2952,952,3,15.239,106.0,48,0.696
2953,953,3,13.049,113.0,42,0.59
2954,954,3,23.154,111.0,49,0.884
2955,955,3,12.098,165.0,50,0.239
2956,956,3,14.567,100.0,46,0.209
2957,957,3,17.783,157.0,45,0.042
2958,958,3,17.824,112.0,50,0.223
2959,959,3,20.756,115.0,57,0.256
2960,960,3,17.091,125.0,56,0.198
2961,961,3,17.46835977908302,119.0,57,0.066
2962,962,3,22.087,101.0,54,0.361
2963,963,3,20.675,130.0,55,2.866
2964,964,3,31.102,140.0,52,0.129
2965,965,3,13.988,105.0,35,0.582
2966,966,3,8.78,138.0,34,0.264
2967,967,3,10.451,109.0,49,0.307
2968,968,3,9.077,112.0,34,0.018
2969,969,3,22.341,112.0,49,0.194
2970,970,3,7.91,120.0,50,1.745
2971,971,3,19.382,151.0,49,0.399
2972,972,3,24.559,139.0,62,0.09
2973,973,3,4.198,137.0,47,0.818
2974,974,3,23.597,125.0,55,0.387
2975,975,3,0.0,126.0,47,0.947
2976,976,3,26.575,105.0,67,0.057
2977,977,3,12.136,162.0,59,1.169
2978,978,3,6.776,140.0,60,1.45
2979,979,3,14.136,113.0,48,0.416
2980,980,3,7.573,153.0,56,0.236
2981,981,3,10.153,144.0,57,0.801
2982,982,3,17.141,126.0,55,0.063
2983,983,3,17.46835977908302,122.0,48,0.115
2984,984,3,9.945,136.0,55,0.692
2985,985,3,25.121,121.0,41,0.156
2986,986,3,21.496,118.0,46,0.506
2987,987,3,14.337,123.0,60,0.845
2988,988,3,7.899,129.0,50,0.183
2989,989,3,8.357,147.0,49,0.35
2990,990,3,18.923,141.0,49,0.809
2991,991,3,10.999,125.0,44,0.398
2992,992,3,32.5710026,123.0,34,0.837
2993,993,3,9.583,147.0,54,0.033
2994,994,3,5.58,145.0,48,0.089
2995,995,3,13.319,144.0,38,0.487
2996,996,3,15.029,133.0,51,0.242
2997,997,3,22.038,88.0,51,0.221
2998,998,3,23.049,148.0,51,0.705
2999,999,3,16.094,166.0,49,0.585
3000,1000,3,8.122,123.0,55,0.3
3001,1,4,14.476,113.0,58,0.682
3002,2,4,7.808,137.0,39,0.327
3003,3,4,8.701,151.0,58,0.144
3004,4,4,10.871,94.0,53,0.031
3005,5,4,17.46835977908302,122.0,60,1.608
3006,6,4,17.437,107.0,46,0.04
3007,7,4,25.296,117.0,62,0.348
3008,8,4,16.81,89.0,67,0.059
3009,9,4,10.397,161.0,61,0.825
3010,10,4,14.941,149.0,52,0.153
3011,11,4,14.662,99.0,48,0.047
3012,12,4,21.43,110.0,48,0.038
3013,13,4,21.13,123.0,46,0.094
3014,14,4,17.863,148.0,39,0.993
3015,15,4,12.928,130.0,42,0.964
3016,16,4,23.88,110.0,51,0.14
3017,17,4,15.092,103.0,57,0.286
3018,18,4,27.796,142.0,49,0.225
3019,19,4,17.666,148.0,48,0.65
3020,20,4,29.631,116.0,46,0.231
3021,21,4,16.436,100.0,58,0.463
3022,22,4,12.961,141.0,41,0.217
3023,23,4,25.65,121.0,53,0.007
3024,24,4,17.502,114.0,50,0.118
3025,25,4,29.524,137.0,58,0.226
3026,26,4,20.894,147.0,48,0.361
3027,27,4,12.175,123.0,43,0.181
3028,28,4,23.507,124.0,47,0.248
3029,29,4,11.982,102.0,47,0.24
3030,30,4,16.976,106.0,46,0.011
3031,31,4,18.67,121.0,44,0.296
3032,32,4,16.806,141.0,48,0.84
3033,33,4,19.641,121.0,63,0.051
3034,34,4,12.31,161.0,43,0.881
3035,35,4,26.546,151.0,51,0.099
3036,36,4,29.487,121.0,33,1.852
3037,37,4,14.907,124.0,52,1.06
3038,38,4,24.065,100.0,48,0.096
3039,39,4,11.17,111.0,47,0.403
3040,40,4,7.305,105.0,59,0.296
3041,41,4,32.032,141.0,42,0.756
3042,42,4,8.394,118.0,36,0.377
3043,43,4,17.46835977908302,117.0,53,0.589
3044,44,4,10.761,137.0,64,0.628
3045,45,4,17.021,109.0,61,1.435
3046,46,4,22.725,148.0,53,0.384
3047,47,4,12.974,139.0,48,0.006
3048,48,4,14.799,112.0,50,0.629
3049,49,4,13.57,135.0,40,0.162
3050,50,4,12.244,130.0,50,0.205
3051,51,4,9.513,127.0,53,0.077
3052,52,4,14.292,141.0,56,0.257
3053,53,4,21.331,125.0,61,0.306
3054,54,4,12.357,91.0,35,0.026
3055,55,4,17.46835977908302,133.0,51,0.746
3056,56,4,22.944,92.0,50,0.043
3057,57,4,12.704,121.0,56,0.181
3058,58,4,8.018,134.0,54,0.498
3059,59,4,13.961,134.0,43,0.218
3060,60,4,19.152,109.0,55,0.312
3061,61,4,28.365,118.0,52,2.89
3062,62,4,28.594,109.0,41,0.235
3063,63,4,19.885,134.0,42,0.589
3064,64,4,14.546,107.0,47,0.793
3065,65,4,13.009,134.0,58,0.336
3066,66,4,24.229,99.0,50,1.058
3067,67,4,7.685,160.0,51,1.246
3068,68,4,17.546,106.0,59,0.314
3069,69,4,21.928,109.0,41,0.594
3070,70,4,9.96,104.0,49,0.086
3071,71,4,13.998,115.0,46,1.113
3072,72,4,28.6,138.0,44,0.478
3073,73,4,15.16,132.0,52,0.227
3074,74,4,16.353,112.0,42,0.265
3075,75,4,22.629,158.0,48,0.291
3076,76,4,19.769,124.0,53,0.239
3077,77,4,7.306,125.0,36,0.265
3078,78,4,20.91,101.0,56,0.134
3079,79,4,17.46835977908302,136.0,47,0.385
3080,80,4,17.103,112.0,50,0.095
3081,81,4,17.29,128.0,57,1.21
3082,82,4,15.062,130.0,43,0.622
3083,83,4,14.319,101.0,63,0.413
3084,84,4,11.724,137.0,42,1.326
3085,85,4,19.584,101.0,51,0.029
3086,86,4,17.46835977908302,106.0,51,0.287
3087,87,4,13.992,140.0,51,1.249
3088,88,4,15.201,108.0,55,0.334
3089,89,4,24.349,150.0,37,0.436
3090,90,4,5.855,131.0,50,0.035
3091,91,4,19.558,117.0,42,0.217
3092,92,4,8.417,126.0,38,0.047
3093,93,4,32.519,113.0,48,1.673
3094,94,4,17.358,109.0,55,0.653
3095,95,4,16.499,155.0,57,0.418
3096,96,4,9.099,148.0,42,1.456
3097,97,4,17.153,156.0,53,0.232
3098,98,4,19.844,161.0,51,0.704
3099,99,4,22.339,102.0,56,0.125
3100,100,4,24.189,109.0,48,0.17
3101,101,4,16.717,102.0,55,0.103
3102,102,4,10.403,118.0,60,1.134
3103,103,4,17.46835977908302,111.0,43,1.055
3104,104,4,12.551,159.0,47,0.037
3105,105,4,21.519,125.0,49,0.813
3106,106,4,5.234,115.0,46,0.446
3107,107,4,3.324,147.0,53,0.241
3108,108,4,14.268,117.0,38,0.304
3109,109,4,29.504,110.0,55,1.22
3110,110,4,21.617,144.0,37,0.583
3111,111,4,18.011,108.0,51,0.241
3112,112,4,7.888,134.0,53,0.24
3113,113,4,10.602,155.0,54,0.11
3114,114,4,13.778,159.0,68,0.425
3115,115,4,22.537,111.0,49,0.128
3116,116,4,23.4,88.0,41,0.969
3117,117,4,15.173,121.0,52,0.275
3118,118,4,13.22,125.0,63,0.622
3119,119,4,16.181,116.0,46,1.623
3120,120,4,7.464,121.0,47,0.413
3121,121,4,2.238,148.0,67,0.031
3122,122,4,20.356,127.0,42,0.287
3123,123,4,19.313,92.0,51,0.686
3124,124,4,29.16,122.0,38,2.539
3125,125,4,8.43,98.0,57,0.634
3126,126,4,21.944,162.0,52,0.401
3127,127,4,30.153,131.0,45,2.011
3128,128,4,19.661,104.0,47,0.193
3129,129,4,9.78,140.0,49,0.169
3130,130,4,12.07,145.0,46,0.218
3131,131,4,8.855,104.0,61,0.178
3132,132,4,28.314,112.0,52,0.296
3133,133,4,17.418,133.0,62,0.379
3134,134,4,12.632,141.0,52,0.077
3135,135,4,11.269,124.0,40,0.881
3136,136,4,10.968,134.0,46,0.615
3137,137,4,15.155,138.0,53,0.64
3138,138,4,17.46835977908302,150.0,54,0.841
3139,139,4,15.631,137.0,57,0.87
3140,140,4,26.77,100.0,55,0.354
3141,141,4,5.141,133.0,56,0.894
3142,142,4,26.64,150.0,32,0.143
3143,143,4,17.598,160.0,44,2.664
3144,144,4,15.716,103.0,51,0.885
3145,145,4,25.576,123.0,47,0.071
3146,146,4,22.803,134.0,54,0.107
3147,147,4,22.691,122.0,47,0.532
3148,148,4,20.25,153.0,48,0.139
3149,149,4,17.46835977908302,115.0,66,0.466
3150,150,4,12.346,134.0,44,0.428
3151,151,4,3.915,123.0,47,0.185
3152,152,4,26.807,126.0,35,0.009
3153,153,4,16.792,108.0,43,0.039
3154,154,4,17.46835977908302,129.0,54,0.216
3155,155,4,23.592,137.0,39,0.098
3156,156,4,15.964,109.0,41,0.368
3157,157,4,7.656,154.0,45,0.824
3158,158,4,14.722,122.0,51,0.099
3159,159,4,11.157,133.0,43,0.437
3160,160,4,12.215,104.0,50,0.168
3161,161,4,15.97,138.0,50,0.264
3162,162,4,23.805,102.0,51,0.197
3163,163,4,14.317,114.0,59,1.021
3164,164,4,17.54,125.0,55,0.313
3165,165,4,28.758,151.0,61,0.116
3166,166,4,15.223,125.0,49,1.481
3167,167,4,14.937,85.0,49,0.011
3168,168,4,9.455,110.0,54,0.18
3169,169,4,10.974,123.0,68,0.893
3170,170,4,15.044,153.0,52,0.647
3171,171,4,24.419,108.0,50,1.022
3172,172,4,16.083,141.0,56,0.661
3173,173,4,25.835,132.0,48,0.288
3174,174,4,23.537,146.0,38,1.344
3175,175,4,8.888,135.0,57,0.166
3176,176,4,21.474,113.0,52,0.56
3177,177,4,15.242,134.0,49,1.033
3178,178,4,14.59,148.0,50,0.144
3179,179,4,14.818,112.0,47,0.196
3180,180,4,31.651,98.0,46,0.564
3181,181,4,24.096,126.0,56,0.094
3182,182,4,24.207,146.0,44,0.318
3183,183,4,11.096,136.0,45,0.017
3184,184,4,18.076,109.0,59,0.611
3185,185,4,16.837,93.0,46,0.643
3186,186,4,18.076,128.0,59,1.406
3187,187,4,10.387,149.0,46,0.012
3188,188,4,8.769,117.0,43,1.265
3189,189,4,2.321,121.0,58,0.48
3190,190,4,17.185,109.0,47,0.111
3191,191,4,16.143,119.0,65,0.759
3192,192,4,13.123,144.0,50,1.538
3193,193,4,11.687,104.0,45,0.411
3194,194,4,14.399,146.0,59,0.212
3195,195,4,4.389,125.0,60,0.64
3196,196,4,14.975,118.0,59,0.523
3197,197,4,14.681,101.0,51,0.17
3198,198,4,30.43,100.0,43,0.049
3199,199,4,17.097,150.0,55,0.599
3200,200,4,14.921,166.0,41,0.539
3201,201,4,15.218,142.0,46,0.544
3202,202,4,17.007,143.0,51,0.745
3203,203,4,11.947,166.0,51,0.764
3204,204,4,17.12,104.0,45,0.226
3205,205,4,29.536,103.0,51,0.376
3206,206,4,17.169,135.0,46,0.193
3207,207,4,15.054,110.0,46,0.317
3208,208,4,17.458,116.0,64,0.295
3209,209,4,14.912,119.0,52,0.019
3210,210,4,11.479,130.0,47,2.302
3211,211,4,8.127,129.0,62,0.78
3212,212,4,16.714,125.0,56,0.282
3213,213,4,12.277,111.0,58,0.154
3214,214,4,25.869,116.0,39,0.438
3215,215,4,21.817,126.0,45,0.514
3216,216,4,24.746,130.0,52,0.601
3217,217,4,11.415,101.0,48,0.871
3218,218,4,21.987,140.0,46,0.09
3219,219,4,13.345,101.0,46,0.114
3220,220,4,18.46,107.0,50,0.233
3221,221,4,3.799,107.0,62,0.003
3222,222,4,17.971,110.0,48,0.086
3223,223,4,16.034,107.0,58,0.012
3224,224,4,12.133,111.0,60,0.399
3225,225,4,11.704,134.0,51,0.595
3226,226,4,8.339,166.0,43,0.053
3227,227,4,8.394,166.0,38,0.433
3228,228,4,25.068,131.0,51,0.179
3229,229,4,11.805,101.0,56,0.219
3230,230,4,25.439,106.0,55,0.134
3231,231,4,27.128,129.0,54,0.356
3232,232,4,8.463,151.0,57,0.019
3233,233,4,10.372,159.0,47,0.954
3234,234,4,18.751,114.0,48,1.507
3235,235,4,22.525,138.0,48,0.087
3236,236,4,13.29,118.0,52,0.433
3237,237,4,15.075,130.0,50,0.072
3238,238,4,32.489,116.0,38,0.179
3239,239,4,10.321,102.0,47,0.457
3240,240,4,14.049,144.0,42,0.968
3241,241,4,17.46835977908302,147.0,44,0.119
3242,242,4,11.264,105.0,45,0.176
3243,243,4,15.38,111.0,45,0.103
3244,244,4,20.194,99.0,56,0.961
3245,245,4,16.394,94.0,51,0.564
3246,246,4,21.152,122.0,58,0.032
3247,247,4,26.655,148.0,47,0.964
3248,248,4,13.77,125.0,41,1.495
3249,249,4,23.237,123.0,63,0.049
3250,250,4,5.881,118.0,32,0.253
3251,251,4,20.969,99.0,52,0.185
3252,252,4,19.094,127.0,50,0.166
3253,253,4,10.864,144.0,60,0.432
3254,254,4,24.765,117.0,48,1.272
3255,255,4,9.221,102.0,47,0.999
3256,256,4,0.233,132.0,55,0.162
3257,257,4,4.477,121.0,40,1.031
3258,258,4,24.462,117.0,38,0.066
3259,259,4,24.254,147.0,44,1.529
3260,260,4,17.308,117.0,56,0.385
3261,261,4,17.46835977908302,113.0,56,1.118
3262,262,4,16.631,125.0,41,0.581
3263,263,4,23.795,111.0,54,0.469
3264,264,4,26.142,104.0,57,1.477
3265,265,4,24.538,108.0,54,0.31
3266,266,4,27.551,135.0,48,0.9
3267,267,4,10.823,149.0,49,0.198
3268,268,4,12.916,102.0,51,0.581
3269,269,4,6.766,140.0,42,0.459
3270,270,4,9.063,120.0,60,0.031
3271,271,4,12.271,118.0,48,0.3
3272,272,4,19.418,104.0,52,0.259
3273,273,4,19.374,129.0,54,0.22
3274,274,4,13.052,121.0,56,0.715
3275,275,4,22.995,98.0,52,0.271
3276,276,4,9.329,142.0,54,0.028
3277,277,4,17.279,113.0,40,0.518
3278,278,4,12.52,146.0,52,1.005
3279,279,4,17.809,122.0,51,0.11
3280,280,4,31.491,91.0,54,0.324
3281,281,4,17.723,134.0,42,0.347
3282,282,4,19.762,134.0,59,0.119
3283,283,4,19.481,98.0,53,0.812
3284,284,4,17.485,84.0,54,0.142
3285,285,4,22.485,141.0,56,0.574
3286,286,4,17.46835977908302,127.0,38,0.13
3287,287,4,16.838,109.0,49,0.512
3288,288,4,8.489,131.0,36,0.73
3289,289,4,11.181,108.0,59,0.794
3290,290,4,16.786,141.0,52,0.317
3291,291,4,20.318,115.0,44,0.098
3292,292,4,14.625,121.0,47,0.336
3293,293,4,24.601,138.0,49,1.343
3294,294,4,19.036,100.0,53,0.86
3295,295,4,11.431,105.0,52,0.305
3296,296,4,20.917,122.0,52,0.427
3297,297,4,20.297,104.0,69,0.291
3298,298,4,7.934,123.0,39,0.012
3299,299,4,19.36,115.0,54,1.846
3300,300,4,24.752,129.0,52,0.489
3301,301,4,29.934,100.0,39,0.43
3302,302,4,10.737,138.0,48,0.383
3303,303,4,12.282,139.0,52,0.461
3304,304,4,27.392,128.0,54,0.641
3305,305,4,23.579,97.0,43,0.197
3306,306,4,17.46835977908302,130.0,61,0.156
3307,307,4,22.641,137.0,45,0.523
3308,308,4,22.426,124.0,56,0.761
3309,309,4,11.742,121.0,51,0.029
3310,310,4,11.695,102.0,55,0.267
3311,311,4,18.569,117.0,51,0.33
3312,312,4,19.586,87.0,56,1.455
3313,313,4,19.376,152.0,48,0.58
3314,314,4,10.385,126.0,45,0.308
3315,315,4,20.413,151.0,52,1.175
3316,316,4,20.458,123.0,69,1.542
3317,317,4,27.108,108.0,51,0.115
3318,318,4,8.981,136.0,46,0.231
3319,319,4,13.847,97.0,48,0.204
3320,320,4,24.775,123.0,36,0.037
3321,321,4,23.228,137.0,46,0.473
3322,322,4,11.95,125.0,43,0.42
3323,323,4,15.885,138.0,52,0.066
3324,324,4,19.935,106.0,40,3.275
3325,325,4,26.838,97.0,64,0.725
3326,326,4,17.46835977908302,106.0,51,0.034
3327,327,4,26.328,99.0,51,0.19
3328,328,4,17.517,109.0,48,1.179
3329,329,4,14.237,116.0,51,0.258
3330,330,4,14.432,145.0,40,0.019
3331,331,4,17.63,111.0,38,0.105
3332,332,4,25.303,110.0,50,0.823
3333,333,4,19.577,91.0,59,0.193
3334,334,4,31.032,119.0,50,0.448
3335,335,4,14.499,143.0,65,0.143
3336,336,4,8.428,166.0,46,0.271
3337,337,4,26.921,116.0,48,0.54
3338,338,4,15.227,156.0,48,0.733
3339,339,4,21.283,117.0,50,0.811
3340,340,4,16.851,124.0,53,0.156
3341,341,4,10.777,143.0,43,0.629
3342,342,4,21.795,121.0,48,0.785
3343,343,4,10.91,115.0,63,0.155
3344,344,4,16.152,115.0,51,0.228
3345,345,4,13.876,106.0,60,1.184
3346,346,4,11.507,111.0,47,0.106
3347,347,4,24.875,103.0,57,0.966
3348,348,4,18.447,129.0,55,1.082
3349,349,4,18.091,119.0,40,0.94
3350,350,4,13.84,120.0,51,1.176
3351,351,4,12.427,125.0,55,0.973
3352,352,4,18.959,144.0,54,0.103
3353,353,4,18.921,114.0,48,0.341
3354,354,4,24.049,112.0,50,0.562
3355,355,4,11.092,139.0,65,0.519
3356,356,4,22.574,137.0,52,0.944
3357,357,4,22.159,104.0,51,0.214
3358,358,4,21.111,112.0,63,0.582
3359,359,4,29.662,119.0,48,0.973
3360,360,4,26.016,134.0,55,1.105
3361,361,4,23.701,107.0,42,0.141
3362,362,4,16.693,101.0,51,0.295
3363,363,4,21.387,125.0,46,0.203
3364,364,4,9.732,142.0,46,0.602
3365,365,4,3.451,116.0,49,0.39
3366,366,4,17.315,111.0,49,1.049
3367,367,4,16.715,112.0,54,0.459
3368,368,4,15.849,91.0,43,0.376
3369,369,4,17.46835977908302,117.0,52,0.565
3370,370,4,17.377,136.0,58,0.267
3371,371,4,20.524,135.0,50,0.193
3372,372,4,17.46835977908302,108.0,43,0.828
3373,373,4,8.376,136.0,41,1.157
3374,374,4,12.269,146.0,49,0.117
3375,375,4,11.445,114.0,55,0.137
3376,376,4,7.879,132.0,61,0.02
3377,377,4,12.893,90.0,34,1.269
3378,378,4,12.585,144.0,49,0.183
3379,379,4,13.939,129.0,49,0.132
3380,380,4,30.431,141.0,35,0.243
3381,381,4,13.987,107.0,55,0.261
3382,382,4,17.735,113.0,41,0.03
3383,383,4,18.67,135.0,65,0.016
3384,384,4,24.208,105.0,43,0.143
3385,385,4,5.74,117.0,44,1.225
3386,386,4,13.203,117.0,43,0.206
3387,387,4,19.642,107.0,61,0.408
3388,388,4,7.321,103.0,46,0.756
3389,389,4,19.426,146.0,54,0.806
3390,390,4,11.591,134.0,48,0.588
3391,391,4,16.003,120.0,48,0.065
3392,392,4,20.318,140.0,49,0.974
3393,393,4,18.538,117.0,43,0.547
3394,394,4,10.497,138.0,54,0.378
3395,395,4,8.698,136.0,34,0.092
3396,396,4,15.531,119.0,60,0.291
3397,397,4,17.46835977908302,166.0,42,1.032
3398,398,4,19.351,114.0,56,0.089
3399,399,4,12.896,120.0,50,0.054
3400,400,4,12.241,119.0,43,0.422
3401,401,4,24.36,128.0,40,0.736
3402,402,4,28.946,113.0,42,0.943
3403,403,4,7.431,132.0,50,0.516
3404,404,4,18.766,129.0,52,0.161
3405,405,4,14.767,115.0,38,0.012
3406,406,4,15.531,101.0,50,0.028
3407,407,4,22.726,102.0,55,1.136
3408,408,4,26.643,121.0,43,1.366
3409,409,4,11.382,126.0,38,0.052
3410,410,4,25.357,147.0,47,0.993
3411,411,4,16.473,103.0,51,0.611
3412,412,4,24.34,112.0,67,0.562
3413,413,4,18.15,120.0,57,0.729
3414,414,4,13.456,96.0,43,0.337
3415,415,4,22.055,101.0,48,0.005
3416,416,4,17.371,126.0,61,1.076
3417,417,4,14.626,149.0,39,0.094
3418,418,4,9.563,140.0,55,0.675
3419,419,4,31.396,105.0,39,0.337
3420,420,4,9.95,135.0,51,0.132
3421,421,4,7.568,136.0,58,0.273
3422,422,4,13.514,124.0,48,0.338
3423,423,4,16.902,81.0,51,0.719
3424,424,4,22.353,103.0,49,0.832
3425,425,4,17.18,127.0,52,0.186
3426,426,4,15.511,121.0,54,1.227
3427,427,4,9.804,152.0,45,0.267
3428,428,4,13.542,110.0,55,0.58
3429,429,4,7.827,138.0,48,0.58
3430,430,4,25.9,135.0,53,0.43
3431,431,4,22.24,114.0,52,1.232
3432,432,4,19.843,125.0,49,0.28
3433,433,4,30.591,126.0,43,2.146
3434,434,4,32.5710026,119.0,57,0.588
3435,435,4,25.874,108.0,59,0.265
3436,436,4,22.754,135.0,60,1.224
3437,437,4,12.592,128.0,52,1.065
3438,438,4,17.259,145.0,50,0.861
3439,439,4,11.393,131.0,47,0.059
3440,440,4,12.0,152.0,47,0.132
3441,441,4,14.803,131.0,51,0.706
3442,442,4,12.699,98.0,61,1.704
3443,443,4,8.921,138.0,57,0.6
3444,444,4,19.151,120.0,60,0.289
3445,445,4,17.46835977908302,137.0,49,0.847
3446,446,4,31.279,132.0,42,0.026
3447,447,4,13.142,148.0,56,0.52
3448,448,4,16.321,144.0,44,0.077
3449,449,4,19.586,96.0,46,0.191
3450,450,4,12.275,104.0,46,0.203
3451,451,4,24.563,109.0,54,0.118
3452,452,4,16.346,117.0,46,1.416
3453,453,4,23.02,119.0,61,0.433
3454,454,4,32.5710026,122.0,47,1.646
3455,455,4,12.766,140.0,46,1.228
3456,456,4,17.014,142.0,49,0.714
3457,457,4,8.223,108.0,52,1.176
3458,458,4,18.197,90.0,61,0.287
3459,459,4,9.652,140.0,45,0.06
3460,460,4,17.361,127.0,44,0.399
3461,461,4,14.065,135.0,41,0.26
3462,462,4,22.28,133.0,42,1.333
3463,463,4,17.37,116.0,54,0.483
3464,464,4,10.029,136.0,48,0.457
3465,465,4,25.377,91.0,59,0.602
3466,466,4,23.543,106.0,41,0.034
3467,467,4,17.097,138.0,43,0.401
3468,468,4,10.118,125.0,45,0.355
3469,469,4,17.065,101.0,46,0.02
3470,470,4,17.847,148.0,58,0.21
3471,471,4,17.681,128.0,45,0.785
3472,472,4,14.473,116.0,51,0.27
3473,473,4,12.003,134.0,43,0.339
3474,474,4,7.335,130.0,47,0.11
3475,475,4,10.503,115.0,44,0.023
3476,476,4,4.439,135.0,45,0.034
3477,477,4,19.603,126.0,69,0.467
3478,478,4,14.199,147.0,48,0.068
3479,479,4,16.129,124.0,34,0.739
3480,480,4,14.354,114.0,51,1.134
3481,481,4,12.987,107.0,66,0.387
3482,482,4,16.531,131.0,45,0.373
3483,483,4,26.609,115.0,37,0.047
3484,484,4,29.177,101.0,47,0.83
3485,485,4,3.094,121.0,37,0.105
3486,486,4,17.464,116.0,43,0.303
3487,487,4,10.132,146.0,47,0.133
3488,488,4,20.808,108.0,43,0.061
3489,489,4,21.98,111.0,49,1.231
3490,490,4,10.762,143.0,38,0.803
3491,491,4,17.232,144.0,52,0.039
3492,492,4,20.293,126.0,47,0.427
3493,493,4,13.493,107.0,52,0.1
3494,494,4,29.33,111.0,54,0.047
3495,495,4,5.652,145.0,52,0.022
3496,496,4,4.886,111.0,47,0.221
3497,497,4,22.979,140.0,48,0.911
3498,498,4,16.027,119.0,53,1.058
3499,499,4,17.46835977908302,124.0,44,1.125
3500,500,4,14.28,140.0,42,0.403
3501,501,4,10.32,114.0,52,0.591
3502,502,4,10.053,136.0,46,0.053
3503,503,4,14.689,130.0,42,0.298
3504,504,4,14.754,139.0,54,0.455
3505,505,4,10.333,116.0,44,0.043
3506,506,4,15.676,126.0,57,0.37
3507,507,4,27.654,124.0,52,1.637
3508,508,4,10.775,137.0,47,0.434
3509,509,4,24.165,91.0,48,0.895
3510,510,4,32.5710026,100.0,56,0.118
3511,511,4,17.46835977908302,109.0,48,0.333
3512,512,4,13.624,145.0,51,0.383
3513,513,4,6.304,155.0,50,0.059
3514,514,4,15.292,128.0,47,0.639
3515,515,4,32.5710026,108.0,46,0.878
3516,516,4,24.417,100.0,49,0.348
3517,517,4,30.913,113.0,49,0.07
3518,518,4,17.455,118.0,57,0.178
3519,519,4,17.423,164.0,53,0.197
3520,520,4,12.013,123.0,52,0.519
3521,521,4,17.746,128.0,31,0.053
3522,522,4,9.826,121.0,51,0.215
3523,523,4,21.004,111.0,52,0.22
3524,524,4,24.762,104.0,42,0.074
3525,525,4,11.097,132.0,43,0.012
3526,526,4,13.394,139.0,52,0.927
3527,527,4,19.615,116.0,60,0.117
3528,528,4,25.927,151.0,48,0.143
3529,529,4,17.03,97.0,42,0.209
3530,530,4,10.013,120.0,44,0.043
3531,531,4,5.574,146.0,43,0.716
3532,532,4,11.114,149.0,54,0.066
3533,533,4,8.996,133.0,42,0.36
3534,534,4,14.205,115.0,46,0.195
3535,535,4,16.662,111.0,43,0.224
3536,536,4,6.853,130.0,42,0.19
3537,537,4,26.548,123.0,44,0.051
3538,538,4,19.971,123.0,43,0.411
3539,539,4,14.747,135.0,48,0.29
3540,540,4,12.035,162.0,49,0.906
3541,541,4,10.144,94.0,39,0.214
3542,542,4,18.975,117.0,40,1.013
3543,543,4,11.439,136.0,46,0.137
3544,544,4,13.96,148.0,56,0.237
3545,545,4,17.46835977908302,119.0,53,0.091
3546,546,4,6.984,149.0,44,0.092
3547,547,4,17.46835977908302,149.0,38,0.546
3548,548,4,16.252,129.0,49,0.295
3549,549,4,12.874,146.0,49,0.161
3550,550,4,11.257,114.0,43,1.421
3551,551,4,15.274,119.0,51,0.409
3552,552,4,2.677,152.0,44,1.123
3553,553,4,22.662,101.0,54,1.505
3554,554,4,15.346,111.0,55,0.473
3555,555,4,8.806,121.0,47,0.028
3556,556,4,10.961,159.0,56,0.758
3557,557,4,23.51,130.0,44,1.4
3558,558,4,17.981,91.0,51,0.513
3559,559,4,17.213,154.0,50,0.039
3560,560,4,10.622,153.0,48,0.762
3561,561,4,17.46835977908302,141.0,43,0.643
3562,562,4,24.46,107.0,45,0.096
3563,563,4,8.313,138.0,52,0.134
3564,564,4,12.718,107.0,53,0.299
3565,565,4,16.529,104.0,54,0.036
3566,566,4,18.041,121.0,49,0.18
3567,567,4,17.46835977908302,158.0,52,0.915
3568,568,4,25.732,109.0,52,0.608
3569,569,4,15.949,119.0,58,0.886
3570,570,4,23.751,98.0,62,0.437
3571,571,4,14.997,120.0,54,0.015
3572,572,4,10.868,145.0,52,0.233
3573,573,4,23.251,116.0,50,0.258
3574,574,4,19.386,115.0,45,1.05
3575,575,4,12.986,108.0,51,0.109
3576,576,4,11.294,127.0,56,0.262
3577,577,4,19.46,130.0,45,0.015
3578,578,4,14.442,104.0,54,0.335
3579,579,4,23.591,113.0,52,1.856
3580,580,4,11.278,144.0,53,0.123
3581,581,4,10.282,122.0,51,0.281
3582,582,4,20.831,110.0,44,0.01
3583,583,4,10.428,112.0,47,0.529
3584,584,4,24.104,128.0,50,0.226
3585,585,4,28.513,122.0,53,0.403
3586,586,4,18.968,121.0,56,0.282
3587,587,4,19.264,152.0,49,0.448
3588,588,4,16.449,137.0,46,0.149
3589,589,4,16.853,158.0,49,0.203
3590,590,4,19.456,145.0,50,0.075
3591,591,4,19.75,160.0,38,0.32
3592,592,4,11.394,161.0,43,2.873
3593,593,4,12.006,120.0,51,0.849
3594,594,4,17.46835977908302,112.0,52,0.204
3595,595,4,4.006,138.0,63,0.393
3596,596,4,20.003,147.0,60,0.133
3597,597,4,28.051,116.0,49,1.089
3598,598,4,14.5,140.0,44,0.054
3599,599,4,21.696,103.0,54,0.393
3600,600,4,23.156,134.0,49,0.184
3601,601,4,8.3,143.0,47,0.538
3602,602,4,24.669,130.0,43,0.206
3603,603,4,16.543,143.0,42,0.37
3604,604,4,17.376,115.0,51,0.09
3605,605,4,10.924,139.0,54,0.229
3606,606,4,11.32,96.0,57,0.948
3607,607,4,27.588,97.0,41,0.139
3608,608,4,13.245,126.0,54,0.514
3609,609,4,10.848,90.0,54,0.69
3610,610,4,17.46835977908302,147.0,55,2.868
3611,611,4,17.967,129.0,51,0.411
3612,612,4,22.013,116.0,57,0.962
3613,613,4,20.327,132.0,54,0.189
3614,614,4,12.802,149.0,41,0.773
3615,615,4,11.793,155.0,34,0.326
3616,616,4,9.116,154.0,50,0.073
3617,617,4,16.853,112.0,52,0.785
3618,618,4,11.259,108.0,50,0.043
3619,619,4,13.913,118.0,45,0.976
3620,620,4,18.638,102.0,66,0.122
3621,621,4,20.247,130.0,52,1.103
3622,622,4,14.215,105.0,54,1.368
3623,623,4,16.288,166.0,49,0.173
3624,624,4,11.334,141.0,54,0.313
3625,625,4,10.538,133.0,39,0.012
3626,626,4,22.499,146.0,61,0.157
3627,627,4,24.421,140.0,49,0.373
3628,628,4,16.139,132.0,49,0.121
3629,629,4,12.863,120.0,66,0.225
3630,630,4,7.62,149.0,46,0.754
3631,631,4,4.814,92.0,51,0.057
3632,632,4,2.69,160.0,62,1.856
3633,633,4,8.615,98.0,46,1.002
3634,634,4,11.625,115.0,48,0.012
3635,635,4,11.741,106.0,56,1.166
3636,636,4,12.718,115.0,52,0.169
3637,637,4,26.15,125.0,52,0.421
3638,638,4,13.067,127.0,59,0.803
3639,639,4,19.233,104.0,49,0.146
3640,640,4,8.115,102.0,48,0.374
3641,641,4,26.469,140.0,32,0.738
3642,642,4,17.46835977908302,132.0,47,0.089
3643,643,4,8.963,119.0,41,0.665
3644,644,4,17.14,166.0,65,0.124
3645,645,4,19.125,136.0,54,0.043
3646,646,4,26.091,110.0,45,1.115
3647,647,4,3.915,122.0,38,0.125
3648,648,4,15.699,132.0,46,0.064
3649,649,4,12.385,126.0,45,0.017
3650,650,4,17.525,134.0,45,2.123
3651,651,4,0.0,127.0,50,0.126
3652,652,4,17.46835977908302,105.0,60,0.488
3653,653,4,8.745,108.0,48,0.631
3654,654,4,29.974,131.0,47,0.479
3655,655,4,17.46835977908302,155.0,49,0.139
3656,656,4,19.861,104.0,47,0.088
3657,657,4,30.436,112.0,67,0.345
3658,658,4,18.412,131.0,51,0.392
3659,659,4,21.487,151.0,58,1.279
3660,660,4,11.841,141.0,55,0.0
3661,661,4,10.865,123.0,59,0.027
3662,662,4,29.777,117.0,42,0.261
3663,663,4,8.125,123.0,46,0.4
3664,664,4,22.291,108.0,53,0.668
3665,665,4,12.013,108.0,48,0.317
3666,666,4,16.118,124.0,48,0.677
3667,667,4,24.834,128.0,52,0.088
3668,668,4,15.375,134.0,53,0.032
3669,669,4,12.382,91.0,55,0.155
3670,670,4,15.793,103.0,40,0.993
3671,671,4,16.158,123.0,45,0.053
3672,672,4,31.845,97.0,41,0.88
3673,673,4,13.476,128.0,47,0.75
3674,674,4,12.247,141.0,45,0.532
3675,675,4,11.17,138.0,55,0.024
3676,676,4,13.179,112.0,50,0.554
3677,677,4,18.081,145.0,53,0.119
3678,678,4,16.902,122.0,56,0.311
3679,679,4,23.646,116.0,58,0.353
3680,680,4,21.961,132.0,58,0.054
3681,681,4,20.688,112.0,66,2.852
3682,682,4,14.805,115.0,44,0.6
3683,683,4,6.903,120.0,56,0.072
3684,684,4,12.945,96.0,55,0.122
3685,685,4,11.93,140.0,48,0.852
3686,686,4,25.475,153.0,49,1.847
3687,687,4,10.716,86.0,59,0.524
3688,688,4,18.774,110.0,48,0.394
3689,689,4,12.023,126.0,51,0.052
3690,690,4,18.06,161.0,35,0.251
3691,691,4,12.78,140.0,55,0.394
3692,692,4,21.528,108.0,48,0.293
3693,693,4,13.737,134.0,45,0.829
3694,694,4,13.166,130.0,50,0.273
3695,695,4,12.185,125.0,59,1.571
3696,696,4,24.208,101.0,42,0.438
3697,697,4,11.198,100.0,56,0.341
3698,698,4,17.889,142.0,56,0.02
3699,699,4,14.259,106.0,37,0.581
3700,700,4,9.855,126.0,47,0.39
3701,701,4,19.732,101.0,52,0.611
3702,702,4,12.653,148.0,49,0.366
3703,703,4,22.644,128.0,48,0.949
3704,704,4,12.326,104.0,56,0.028
3705,705,4,22.973,124.0,56,0.51
3706,706,4,10.399,141.0,45,0.708
3707,707,4,14.842,127.0,50,0.175
3708,708,4,14.076,150.0,57,0.041
3709,709,4,16.342,118.0,48,1.178
3710,710,4,14.007,122.0,43,0.285
3711,711,4,17.46835977908302,153.0,57,1.052
3712,712,4,32.245,107.0,53,0.277
3713,713,4,13.754,149.0,63,0.273
3714,714,4,18.583,127.0,54,0.715
3715,715,4,7.452,106.0,47,0.237
3716,716,4,17.679,111.0,44,0.203
3717,717,4,10.13,130.0,47,1.976
3718,718,4,12.788,142.0,44,0.002
3719,719,4,13.278,106.0,47,0.153
3720,720,4,16.057,102.0,57,0.484
3721,721,4,22.257,134.0,54,0.645
3722,722,4,8.32,97.0,51,0.732
3723,723,4,8.88,100.0,58,0.332
3724,724,4,17.46835977908302,110.0,53,0.284
3725,725,4,16.209,107.0,39,0.03
3726,726,4,19.374,142.0,47,0.058
3727,727,4,19.552,126.0,52,1.225
3728,728,4,26.883,90.0,46,0.369
3729,729,4,32.5710026,129.0,56,0.069
3730,730,4,11.648,135.0,48,1.338
3731,731,4,16.299,98.0,51,0.133
3732,732,4,21.587,136.0,47,0.502
3733,733,4,22.638,122.0,54,0.588
3734,734,4,12.664,118.0,42,2.202
3735,735,4,18.426,127.0,51,0.119
3736,736,4,11.769,112.0,59,0.212
3737,737,4,16.905,133.0,51,0.279
3738,738,4,16.478,135.0,54,0.519
3739,739,4,18.557,104.0,49,0.37
3740,740,4,16.534,122.0,56,0.206
3741,741,4,24.187,103.0,54,0.611
3742,742,4,30.323,124.0,52,0.521
3743,743,4,10.84,153.0,44,0.359
3744,744,4,9.567,96.0,55,0.232
3745,745,4,16.158,120.0,57,0.073
3746,746,4,11.291,103.0,60,0.161
3747,747,4,17.791,101.0,44,0.236
3748,748,4,17.46835977908302,91.0,58,0.148
3749,749,4,21.238,130.0,42,0.998
3750,750,4,13.037,115.0,55,0.209
3751,751,4,7.453,140.0,48,1.041
3752,752,4,15.885,114.0,56,0.4
3753,753,4,17.46835977908302,123.0,47,0.169
3754,754,4,12.179,89.0,45,0.031
3755,755,4,10.56,108.0,62,0.014
3756,756,4,15.126,139.0,44,0.062
3757,757,4,19.002,108.0,47,0.786
3758,758,4,24.246,116.0,38,0.106
3759,759,4,24.887,110.0,48,1.011
3760,760,4,9.079,105.0,56,0.852
3761,761,4,18.607,127.0,33,0.196
3762,762,4,15.529,147.0,46,0.005
3763,763,4,26.37,117.0,43,0.031
3764,764,4,23.539,117.0,48,0.576
3765,765,4,26.969,104.0,54,0.77
3766,766,4,8.228,138.0,49,0.515
3767,767,4,17.206,120.0,51,0.159
3768,768,4,12.294,135.0,56,2.131
3769,769,4,14.929,131.0,47,0.295
3770,770,4,10.877,97.0,49,0.13
3771,771,4,18.823,103.0,49,0.171
3772,772,4,13.417,124.0,37,0.015
3773,773,4,11.505,148.0,63,1.124
3774,774,4,17.46835977908302,136.0,46,0.442
3775,775,4,22.517,142.0,47,0.069
3776,776,4,19.425,124.0,45,0.086
3777,777,4,19.498,111.0,43,0.245
3778,778,4,25.49,138.0,48,0.976
3779,779,4,18.321,129.0,50,1.494
3780,780,4,15.725,112.0,43,0.066
3781,781,4,17.46835977908302,148.0,44,0.523
3782,782,4,14.682,132.0,43,0.255
3783,783,4,29.53,95.0,52,0.685
3784,784,4,6.368,143.0,60,0.064
3785,785,4,16.428,133.0,41,0.886
3786,786,4,14.064,120.0,40,0.044
3787,787,4,20.559,127.0,45,1.877
3788,788,4,26.366,128.0,46,0.853
3789,789,4,12.472,154.0,39,0.218
3790,790,4,16.374,127.0,35,0.849
3791,791,4,16.03,117.0,46,0.603
3792,792,4,19.663,123.0,70,0.628
3793,793,4,15.746,129.0,52,0.576
3794,794,4,12.362,121.0,50,0.689
3795,795,4,18.738,128.0,43,0.17
3796,796,4,24.543,138.0,47,0.227
3797,797,4,19.123,115.0,46,1.224
3798,798,4,14.156,128.0,53,0.568
3799,799,4,26.476,114.0,51,0.652
3800,800,4,11.799,120.0,56,0.68
3801,801,4,17.077,139.0,50,0.091
3802,802,4,20.597,112.0,34,0.093
3803,803,4,11.747,132.0,50,1.028
3804,804,4,18.326,101.0,54,1.56
3805,805,4,11.114,120.0,56,0.344
3806,806,4,14.748,127.0,58,0.375
3807,807,4,23.47,138.0,60,0.09
3808,808,4,29.157,116.0,65,0.956
3809,809,4,18.04,129.0,38,0.151
3810,810,4,19.658,98.0,63,0.356
3811,811,4,11.754,107.0,50,0.781
3812,812,4,17.593,111.0,51,0.051
3813,813,4,12.022,101.0,53,1.114
3814,814,4,13.667,110.0,53,0.251
3815,815,4,21.887,125.0,45,0.333
3816,816,4,13.437,138.0,49,0.337
3817,817,4,9.981,120.0,54,0.417
3818,818,4,19.489,107.0,56,0.984
3819,819,4,9.758,145.0,55,0.132
3820,820,4,28.98,109.0,46,0.137
3821,821,4,12.316,147.0,61,1.054
3822,822,4,13.337,141.0,44,0.632
3823,823,4,13.705,143.0,55,0.217
3824,824,4,26.91,128.0,41,0.296
3825,825,4,18.781,108.0,57,1.178
3826,826,4,25.622,114.0,56,0.283
3827,827,4,15.746,126.0,50,0.635
3828,828,4,15.61,109.0,42,0.927
3829,829,4,23.95,105.0,40,0.287
3830,830,4,25.813,153.0,40,1.458
3831,831,4,20.85,96.0,44,0.278
3832,832,4,16.055,154.0,53,1.325
3833,833,4,27.683,127.0,47,0.134
3834,834,4,17.98,137.0,57,0.168
3835,835,4,20.848,123.0,45,0.496
3836,836,4,29.417,134.0,50,2.171
3837,837,4,19.88,141.0,54,0.025
3838,838,4,11.296,120.0,50,0.301
3839,839,4,16.464,103.0,50,0.079
3840,840,4,24.473,139.0,42,0.531
3841,841,4,28.854,133.0,44,1.122
3842,842,4,5.859,129.0,52,0.882
3843,843,4,30.994,142.0,38,0.528
3844,844,4,13.895,109.0,48,0.701
3845,845,4,27.864,102.0,46,0.15
3846,846,4,9.496,120.0,37,1.545
3847,847,4,19.368,112.0,50,0.069
3848,848,4,14.47,155.0,54,0.513
3849,849,4,12.604,94.0,48,0.247
3850,850,4,16.057,126.0,53,1.096
3851,851,4,19.7,121.0,49,2.004
3852,852,4,9.78,152.0,63,0.068
3853,853,4,11.459,132.0,50,0.298
3854,854,4,9.445,112.0,48,0.025
3855,855,4,29.303,121.0,43,0.06
3856,856,4,13.089,127.0,49,0.029
3857,857,4,16.603,132.0,62,1.187
3858,858,4,21.843,95.0,37,0.107
3859,859,4,6.111,88.0,51,0.587
3860,860,4,13.351,112.0,46,0.629
3861,861,4,17.46835977908302,101.0,62,0.327
3862,862,4,18.457,99.0,47,1.271
3863,863,4,6.519,129.0,42,0.029
3864,864,4,15.067,138.0,44,0.912
3865,865,4,23.812,152.0,37,0.301
3866,866,4,4.586,144.0,51,0.827
3867,867,4,13.652,123.0,40,0.862
3868,868,4,12.126,144.0,48,0.019
3869,869,4,14.202,146.0,44,0.51
3870,870,4,9.756,118.0,53,0.072
3871,871,4,17.46835977908302,142.0,51,0.114
3872,872,4,14.366,150.0,43,0.374
3873,873,4,9.413,145.0,50,0.162
3874,874,4,21.73,121.0,38,0.135
3875,875,4,9.834,140.0,47,0.127
3876,876,4,17.531,153.0,53,0.099
3877,877,4,10.67,128.0,52,0.977
3878,878,4,17.46835977908302,121.0,61,0.412
3879,879,4,18.212,151.0,50,1.363
3880,880,4,18.75,139.0,51,0.133
3881,881,4,16.421,92.0,74,0.277
3882,882,4,27.992,101.0,45,0.36
3883,883,4,11.676,137.0,51,0.416
3884,884,4,4.735,122.0,53,0.008
3885,885,4,20.128,154.0,34,0.703
3886,886,4,22.161,106.0,57,0.105
3887,887,4,9.404,134.0,47,0.119
3888,888,4,17.46835977908302,109.0,53,0.502
3889,889,4,17.99,106.0,59,0.638
3890,890,4,27.749,123.0,52,1.029
3891,891,4,16.086,152.0,46,0.115
3892,892,4,17.509,111.0,53,0.649
3893,893,4,14.376,91.0,55,0.124
3894,894,4,21.283,108.0,54,0.316
3895,895,4,17.46835977908302,135.0,52,0.302
3896,896,4,19.13,103.0,50,0.209
3897,897,4,24.651,104.0,59,0.113
3898,898,4,7.479,116.0,34,0.916
3899,899,4,13.625,117.0,57,0.892
3900,900,4,24.576,122.0,46,0.795
3901,901,4,12.448,126.0,50,0.259
3902,902,4,24.346,110.0,48,0.341
3903,903,4,27.68,107.0,54,1.674
3904,904,4,11.013,127.0,46,0.189
3905,905,4,19.675,119.0,52,0.843
3906,906,4,21.601,157.0,57,0.371
3907,907,4,12.099,112.0,53,0.067
3908,908,4,21.165,112.0,51,0.229
3909,909,4,9.169,138.0,42,0.371
3910,910,4,28.101,166.0,58,0.057
3911,911,4,21.484,94.0,48,0.143
3912,912,4,27.45,138.0,37,0.033
3913,913,4,8.637,144.0,37,1.163
3914,914,4,18.119,132.0,35,0.861
3915,915,4,13.712,144.0,49,0.189
3916,916,4,12.61,143.0,48,0.705
3917,917,4,19.474,125.0,40,0.229
3918,918,4,9.7,115.0,46,0.565
3919,919,4,12.377,117.0,52,0.86
3920,920,4,8.468,110.0,39,0.187
3921,921,4,11.634,127.0,50,0.246
3922,922,4,18.622,148.0,41,1.147
3923,923,4,8.801,150.0,53,0.232
3924,924,4,13.889,157.0,55,0.443
3925,925,4,16.133,120.0,59,0.019
3926,926,4,11.263,134.0,41,0.652
3927,927,4,23.085,126.0,34,0.499
3928,928,4,10.261,132.0,55,0.11
3929,929,4,20.266,141.0,47,0.77
3930,930,4,28.158,151.0,50,0.684
3931,931,4,11.297,123.0,44,0.473
3932,932,4,10.072,123.0,42,0.755
3933,933,4,17.631,92.0,63,0.181
3934,934,4,21.44,141.0,39,0.05
3935,935,4,13.814,101.0,51,1.161
3936,936,4,22.852,115.0,53,1.629
3937,937,4,30.701,135.0,35,0.239
3938,938,4,11.905,146.0,39,0.524
3939,939,4,16.659,135.0,65,0.243
3940,940,4,17.46835977908302,165.0,54,0.281
3941,941,4,23.955,84.0,44,0.184
3942,942,4,7.45,119.0,55,0.519
3943,943,4,12.802,142.0,48,0.402
3944,944,4,21.421,99.0,57,0.042
3945,945,4,21.408,149.0,53,0.925
3946,946,4,17.084,142.0,63,0.009
3947,947,4,20.897,154.0,43,0.407
3948,948,4,26.245,133.0,67,0.017
3949,949,4,11.959,134.0,56,0.717
3950,950,4,18.761,139.0,49,0.525
3951,951,4,17.034,122.0,48,1.608
3952,952,4,14.958,102.0,56,0.255
3953,953,4,10.385,105.0,64,0.892
3954,954,4,27.96,106.0,56,0.526
3955,955,4,4.77,158.0,56,0.742
3956,956,4,11.075,102.0,46,0.767
3957,957,4,14.238,135.0,51,0.896
3958,958,4,14.375,118.0,61,1.346
3959,959,4,21.893,123.0,47,0.056
3960,960,4,13.958,122.0,51,0.63
3961,961,4,14.281,123.0,56,0.041
3962,962,4,17.927,124.0,67,0.034
3963,963,4,10.066,113.0,55,1.653
3964,964,4,24.104,146.0,46,0.517
3965,965,4,21.223,84.0,54,0.005
3966,966,4,12.224,135.0,47,0.151
3967,967,4,12.565,131.0,56,0.419
3968,968,4,11.736,101.0,47,0.214
3969,969,4,21.417,96.0,44,0.54
3970,970,4,13.149,124.0,56,0.089
3971,971,4,19.014,142.0,59,0.156
3972,972,4,21.068,120.0,50,0.151
3973,973,4,11.736,143.0,47,1.497
3974,974,4,15.799,126.0,39,0.029
3975,975,4,13.799,130.0,58,0.125
3976,976,4,19.12,109.0,48,0.54
3977,977,4,9.63,138.0,47,0.571
3978,978,4,18.17,138.0,64,0.012
3979,979,4,15.186,124.0,52,0.538
3980,980,4,10.131,145.0,31,0.632
3981,981,4,2.505,127.0,48,0.383
3982,982,4,14.334,111.0,38,0.056
3983,983,4,31.775,116.0,51,0.458
3984,984,4,7.992,149.0,40,0.045
3985,985,4,24.1,127.0,50,0.244
3986,986,4,17.618,111.0,55,0.356
3987,987,4,16.052,124.0,54,0.578
3988,988,4,15.822,150.0,56,0.221
3989,989,4,14.368,166.0,43,0.336
3990,990,4,17.554,140.0,46,0.826
3991,991,4,10.889,99.0,58,0.063
3992,992,4,28.924,122.0,46,1.56
3993,993,4,9.904,146.0,43,1.106
3994,994,4,12.391,112.0,46,1.477
3995,995,4,11.074,132.0,71,0.276
3996,996,4,14.855,139.0,46,0.115
3997,997,4,18.825,88.0,46,0.727
3998,998,4,17.46835977908302,157.0,42,0.395
3999,999,4,17.46835977908302,146.0,41,0.598
4000,1000,4,11.497,116.0,55,1.024
4001,1,5,8.617,108.0,49,0.546
4002,2,5,14.774,138.0,49,0.191
4003,3,5,8.375,166.0,46,0.107
4004,4,5,15.466,94.0,55,0.942
4005,5,5,18.584,133.0,43,0.01
4006,6,5,18.099,115.0,44,0.404
4007,7,5,26.603,148.0,68,0.012
4008,8,5,16.327,110.0,58,0.457
4009,9,5,15.646,140.0,59,1.065
4010,10,5,14.033,133.0,42,0.231
4011,11,5,11.196,102.0,50,0.261
4012,12,5,23.61,96.0,54,0.23
4013,13,5,16.121,130.0,44,0.167
4014,14,5,21.195,138.0,54,0.428
4015,15,5,18.113,120.0,50,0.087
4016,16,5,21.323,113.0,50,0.397
4017,17,5,26.064,94.0,53,0.968
4018,18,5,15.776,124.0,74,0.279
4019,19,5,7.173,148.0,66,0.073
4020,20,5,20.378,94.0,54,0.2
4021,21,5,22.37,121.0,47,0.478
4022,22,5,14.73,117.0,40,2.864
4023,23,5,24.851,132.0,45,0.489
4024,24,5,14.25,99.0,59,1.554
4025,25,5,19.431,126.0,55,0.704
4026,26,5,13.865,151.0,53,0.526
4027,27,5,15.35,130.0,55,1.032
4028,28,5,15.497,127.0,53,0.452
4029,29,5,14.051,109.0,50,0.183
4030,30,5,16.375,119.0,43,0.038
4031,31,5,10.541,140.0,43,0.503
4032,32,5,5.291,129.0,48,0.129
4033,33,5,13.289,105.0,43,0.768
4034,34,5,7.75,125.0,44,0.708
4035,35,5,23.493,136.0,44,0.005
4036,36,5,25.638,134.0,46,0.066
4037,37,5,17.609,145.0,47,0.029
4038,38,5,14.367,106.0,48,1.167
4039,39,5,14.787,109.0,48,0.035
4040,40,5,11.097,104.0,49,0.567
4041,41,5,32.5710026,129.0,55,0.573
4042,42,5,12.121,101.0,50,0.493
4043,43,5,12.625,123.0,71,0.756
4044,44,5,13.184,145.0,40,1.159
4045,45,5,19.825,114.0,53,0.038
4046,46,5,24.11,125.0,60,0.108
4047,47,5,13.496,136.0,56,0.081
4048,48,5,18.944,120.0,48,2.378
4049,49,5,14.763,128.0,43,0.93
4050,50,5,9.42,153.0,56,0.692
4051,51,5,18.286,146.0,61,0.395
4052,52,5,17.894,133.0,38,0.974
4053,53,5,12.464,108.0,56,0.597
4054,54,5,14.663,94.0,45,0.646
4055,55,5,16.072,127.0,56,2.115
4056,56,5,17.06,101.0,50,0.238
4057,57,5,14.036,117.0,56,0.763
4058,58,5,2.522,154.0,42,0.207
4059,59,5,22.356,129.0,42,2.822
4060,60,5,17.104,100.0,49,0.642
4061,61,5,18.655,106.0,56,0.456
4062,62,5,30.048,93.0,66,0.763
4063,63,5,26.324,134.0,46,0.061
4064,64,5,19.444,119.0,59,0.021
4065,65,5,20.756,113.0,57,0.085
4066,66,5,32.5710026,88.0,49,0.773
4067,67,5,8.98,113.0,47,0.831
4068,68,5,16.924,111.0,30,0.587
4069,69,5,15.036,130.0,50,0.284
4070,70,5,18.104,99.0,40,0.483
4071,71,5,17.46835977908302,131.0,53,0.092
4072,72,5,20.722,112.0,47,0.001
4073,73,5,15.061,136.0,33,1.205
4074,74,5,13.902,102.0,59,0.215
4075,75,5,24.974,150.0,50,0.014
4076,76,5,22.559,143.0,60,0.065
4077,77,5,10.201,115.0,53,0.803
4078,78,5,13.544,101.0,71,0.419
4079,79,5,10.808,144.0,48,0.475
4080,80,5,10.977,117.0,53,0.05
4081,81,5,17.46835977908302,117.0,38,0.571
4082,82,5,19.397,115.0,52,0.605
4083,83,5,19.111,122.0,42,0.053
4084,84,5,22.905,134.0,47,0.415
4085,85,5,11.838,101.0,53,0.203
4086,86,5,17.057,145.0,60,0.714
4087,87,5,12.665,137.0,62,0.255
4088,88,5,15.316,114.0,43,0.448
4089,89,5,20.676,135.0,55,0.235
4090,90,5,12.593,127.0,48,0.063
4091,91,5,13.503,103.0,63,1.378
4092,92,5,16.546,125.0,31,0.214
4093,93,5,10.884,116.0,52,0.708
4094,94,5,17.099,99.0,67,0.013
4095,95,5,17.46835977908302,119.0,42,0.007
4096,96,5,15.115,148.0,56,0.371
4097,97,5,7.044,144.0,48,2.943
4098,98,5,21.264,129.0,35,0.069
4099,99,5,31.582,118.0,47,0.012
4100,100,5,17.46835977908302,108.0,59,0.091
4101,101,5,14.913,126.0,49,0.654
4102,102,5,13.661,127.0,54,0.146
4103,103,5,17.46835977908302,94.0,58,0.052
4104,104,5,15.291,146.0,59,0.417
4105,105,5,29.969,101.0,66,0.211
4106,106,5,5.921,116.0,55,0.374
4107,107,5,11.993,162.0,46,0.916
4108,108,5,14.433,112.0,52,1.082
4109,109,5,29.327,96.0,43,1.575
4110,110,5,6.453,129.0,43,0.273
4111,111,5,15.202,97.0,57,0.176
4112,112,5,7.423,99.0,52,0.372
4113,113,5,5.088,137.0,70,0.119
4114,114,5,14.29,133.0,37,0.41
4115,115,5,16.061,119.0,47,0.256
4116,116,5,17.018,103.0,62,0.239
4117,117,5,17.244,125.0,41,0.288
4118,118,5,11.465,111.0,39,1.083
4119,119,5,17.46835977908302,111.0,43,0.056
4120,120,5,8.005,144.0,49,0.685
4121,121,5,8.886,163.0,50,0.629
4122,122,5,17.46835977908302,115.0,41,0.072
4123,123,5,21.693,104.0,54,0.022
4124,124,5,26.197,99.0,53,0.131
4125,125,5,22.562,109.0,44,0.857
4126,126,5,16.376,158.0,41,0.76
4127,127,5,17.746,126.0,55,0.413
4128,128,5,24.867,125.0,42,0.46
4129,129,5,4.908,140.0,51,0.772
4130,130,5,12.391,144.0,49,1.236
4131,131,5,16.131,110.0,48,1.067
4132,132,5,28.995,113.0,55,2.046
4133,133,5,12.745,116.0,60,0.016
4134,134,5,4.807,147.0,53,1.198
4135,135,5,18.372,127.0,74,0.787
4136,136,5,16.744,150.0,50,0.504
4137,137,5,14.92,121.0,55,0.057
4138,138,5,17.933,113.0,49,0.598
4139,139,5,8.997,137.0,52,0.101
4140,140,5,28.093,109.0,59,0.303
4141,141,5,11.924,152.0,52,0.218
4142,142,5,18.567,157.0,43,1.023
4143,143,5,17.202,164.0,46,0.095
4144,144,5,11.649,114.0,50,1.99
4145,145,5,24.774,145.0,46,0.519
4146,146,5,25.891,159.0,39,0.207
4147,147,5,26.434,111.0,51,0.07
4148,148,5,18.957,127.0,45,0.169
4149,149,5,11.546,114.0,51,2.078
4150,150,5,20.946,126.0,61,0.167
4151,151,5,16.139,128.0,45,0.45
4152,152,5,30.262,120.0,45,0.444
4153,153,5,26.227,141.0,52,0.412
4154,154,5,22.102,108.0,55,0.81
4155,155,5,22.371,155.0,59,1.356
4156,156,5,16.442,116.0,48,0.7
4157,157,5,11.075,123.0,55,0.609
4158,158,5,6.686,129.0,47,0.775
4159,159,5,15.307,133.0,48,0.408
4160,160,5,9.235,86.0,53,0.375
4161,161,5,14.583,151.0,41,0.14
4162,162,5,31.069,112.0,57,1.674
4163,163,5,28.897,104.0,61,0.277
4164,164,5,11.106,118.0,42,1.037
4165,165,5,22.44,140.0,51,0.188
4166,166,5,17.387,116.0,52,0.413
4167,167,5,22.186,116.0,47,0.075
4168,168,5,17.46835977908302,128.0,58,0.21
4169,169,5,7.992,114.0,60,0.392
4170,170,5,12.414,143.0,44,0.017
4171,171,5,19.237,108.0,47,0.498
4172,172,5,11.386,150.0,43,0.036
4173,173,5,16.736,160.0,48,0.099
4174,174,5,32.5710026,138.0,46,0.73
4175,175,5,15.707,108.0,47,0.275
4176,176,5,29.714,102.0,40,0.288
4177,177,5,13.49,98.0,40,0.739
4178,178,5,13.748,113.0,45,0.04
4179,179,5,12.651,136.0,48,0.372
4180,180,5,27.699,91.0,45,0.341
4181,181,5,17.46835977908302,120.0,54,0.357
4182,182,5,19.762,166.0,46,0.062
4183,183,5,11.562,118.0,56,0.044
4184,184,5,11.479,119.0,68,0.087
4185,185,5,11.81,109.0,60,1.316
4186,186,5,16.154,112.0,47,0.129
4187,187,5,3.254,156.0,44,0.145
4188,188,5,17.776,119.0,61,0.42
4189,189,5,17.504,136.0,51,0.445
4190,190,5,15.605,111.0,49,0.762
4191,191,5,21.359,137.0,68,0.471
4192,192,5,10.87,143.0,48,1.348
4193,193,5,12.299,146.0,53,0.668
4194,194,5,11.095,150.0,55,0.575
4195,195,5,13.948,144.0,55,0.417
4196,196,5,14.998,127.0,42,0.19
4197,197,5,9.935,124.0,46,0.173
4198,198,5,24.208,116.0,43,0.515
4199,199,5,14.956,127.0,53,0.161
4200,200,5,17.46835977908302,160.0,58,0.572
4201,201,5,18.733,138.0,48,0.388
4202,202,5,19.717,148.0,56,0.067
4203,203,5,12.443,119.0,40,0.205
4204,204,5,18.252,112.0,42,0.104
4205,205,5,26.095,98.0,46,0.49
4206,206,5,22.503,129.0,45,0.477
4207,207,5,10.6,120.0,62,0.228
4208,208,5,17.331,106.0,58,0.555
4209,209,5,10.014,132.0,50,1.068
4210,210,5,18.921,121.0,42,0.118
4211,211,5,9.685,131.0,44,0.089
4212,212,5,9.935,150.0,48,0.861
4213,213,5,17.46835977908302,95.0,34,0.25
4214,214,5,24.428,123.0,55,0.903
4215,215,5,7.329,139.0,39,0.206
4216,216,5,28.46,115.0,55,0.596
4217,217,5,10.663,86.0,44,1.456
4218,218,5,15.231,130.0,49,0.146
4219,219,5,10.263,108.0,49,0.268
4220,220,5,21.623,100.0,45,0.212
4221,221,5,9.547,117.0,35,0.395
4222,222,5,8.707,125.0,39,0.947
4223,223,5,14.426,109.0,53,0.931
4224,224,5,10.867,108.0,49,0.509
4225,225,5,16.736,124.0,47,0.516
4226,226,5,13.59,166.0,44,0.164
4227,227,5,6.905,147.0,46,0.331
4228,228,5,25.879,122.0,48,1.285
4229,229,5,10.789,119.0,44,1.026
4230,230,5,22.727,112.0,63,0.012
4231,231,5,26.234,102.0,46,0.072
4232,232,5,15.331,128.0,52,0.726
4233,233,5,5.123,129.0,60,0.35
4234,234,5,21.911,136.0,52,1.926
4235,235,5,21.255,115.0,49,0.033
4236,236,5,10.849,115.0,57,1.676
4237,237,5,16.429,128.0,51,0.316
4238,238,5,27.389,146.0,45,0.03
4239,239,5,23.468,103.0,48,0.304
4240,240,5,12.423,166.0,44,0.393
4241,241,5,15.306,166.0,53,0.108
4242,242,5,12.645,111.0,50,0.586
4243,243,5,17.588,120.0,48,0.23
4244,244,5,17.46835977908302,97.0,47,0.693
4245,245,5,11.004,106.0,51,0.273
4246,246,5,22.478,142.0,42,0.059
4247,247,5,16.931,162.0,44,0.58
4248,248,5,15.067,116.0,48,0.013
4249,249,5,31.26,117.0,42,0.068
4250,250,5,15.393,143.0,32,1.908
4251,251,5,15.892,117.0,52,0.42
4252,252,5,19.842,130.0,54,0.319
4253,253,5,8.946,144.0,48,0.418
4254,254,5,17.46835977908302,114.0,51,1.288
4255,255,5,14.477,113.0,57,0.425
4256,256,5,10.603,147.0,57,0.032
4257,257,5,15.418,121.0,48,0.069
4258,258,5,26.02,111.0,49,0.748
4259,259,5,24.421,128.0,44,0.974
4260,260,5,12.891,119.0,63,0.881
4261,261,5,15.739,124.0,44,0.452
4262,262,5,30.672,120.0,45,0.229
4263,263,5,8.778,133.0,45,0.758
4264,264,5,17.46835977908302,104.0,44,0.098
4265,265,5,18.904,102.0,48,0.116
4266,266,5,27.938,126.0,43,0.074
4267,267,5,16.715,141.0,53,0.071
4268,268,5,5.431,119.0,47,0.047
4269,269,5,16.074,123.0,49,0.274
4270,270,5,13.741,107.0,48,0.357
4271,271,5,9.514,124.0,55,0.221
4272,272,5,23.22,135.0,51,0.28
4273,273,5,8.656,122.0,56,0.764
4274,274,5,14.694,127.0,57,0.041
4275,275,5,10.484,115.0,62,0.613
4276,276,5,15.889,133.0,51,0.259
4277,277,5,22.408,101.0,30,2.042
4278,278,5,11.065,166.0,51,0.43
4279,279,5,10.701,107.0,48,0.25
4280,280,5,22.308,100.0,53,2.856
4281,281,5,11.65,128.0,62,0.023
4282,282,5,15.263,142.0,48,0.335
4283,283,5,17.783,113.0,53,0.574
4284,284,5,2.564,119.0,56,0.611
4285,285,5,21.645,133.0,57,0.494
4286,286,5,17.46835977908302,120.0,50,0.881
4287,287,5,12.698,101.0,54,0.422
4288,288,5,9.091,130.0,45,2.112
4289,289,5,6.696,123.0,50,0.95
4290,290,5,21.387,125.0,46,0.503
4291,291,5,13.932,160.0,45,0.02
4292,292,5,18.532,126.0,55,0.275
4293,293,5,30.486,132.0,38,0.129
4294,294,5,24.941,112.0,58,0.582
4295,295,5,17.46835977908302,119.0,61,0.436
4296,296,5,23.636,120.0,46,0.41
4297,297,5,14.907,131.0,41,0.408
4298,298,5,19.877,128.0,44,0.34
4299,299,5,18.242,114.0,52,1.874
4300,300,5,30.6,119.0,39,0.059
4301,301,5,28.798,112.0,52,0.627
4302,302,5,10.459,140.0,50,1.463
4303,303,5,15.295,119.0,40,0.486
4304,304,5,28.168,163.0,48,0.487
4305,305,5,27.008,116.0,59,0.183
4306,306,5,10.261,119.0,49,0.312
4307,307,5,14.319,137.0,41,0.199
4308,308,5,26.627,126.0,51,0.707
4309,309,5,10.09,117.0,46,1.138
4310,310,5,15.795,108.0,42,0.685
4311,311,5,28.22,109.0,51,0.872
4312,312,5,21.933,95.0,58,0.237
4313,313,5,22.911,155.0,43,0.549
4314,314,5,10.008,135.0,47,0.241
4315,315,5,18.052,142.0,62,0.775
4316,316,5,19.062,101.0,49,0.583
4317,317,5,31.601,141.0,55,0.052
4318,318,5,17.259,149.0,44,0.084
4319,319,5,14.078,113.0,53,3.755
4320,320,5,28.835,124.0,45,0.374
4321,321,5,12.069,147.0,42,0.037
4322,322,5,18.791,127.0,43,1.112
4323,323,5,6.546,151.0,38,0.632
4324,324,5,24.506,116.0,55,0.373
4325,325,5,30.829,130.0,54,0.119
4326,326,5,17.46835977908302,112.0,46,0.735
4327,327,5,32.5710026,107.0,64,0.001
4328,328,5,17.46835977908302,110.0,48,0.331
4329,329,5,11.853,121.0,45,1.557
4330,330,5,12.953,159.0,38,1.219
4331,331,5,4.309,131.0,57,0.01
4332,332,5,27.306,102.0,49,0.031
4333,333,5,13.056,111.0,47,1.009
4334,334,5,29.391,118.0,59,0.022
4335,335,5,7.73,126.0,49,0.046
4336,336,5,17.46835977908302,153.0,58,0.743
4337,337,5,29.404,88.0,50,0.167
4338,338,5,20.409,153.0,50,0.385
4339,339,5,12.931,122.0,51,0.572
4340,340,5,26.183,117.0,59,0.217
4341,341,5,10.137,142.0,34,0.332
4342,342,5,29.106,127.0,45,0.119
4343,343,5,16.163,96.0,53,0.038
4344,344,5,17.517,84.0,36,0.139
4345,345,5,17.676,141.0,54,1.633
4346,346,5,13.642,145.0,59,0.136
4347,347,5,19.235,113.0,42,0.355
4348,348,5,25.386,107.0,65,0.265
4349,349,5,11.456,121.0,47,1.108
4350,350,5,17.666,115.0,47,0.005
4351,351,5,6.187,122.0,61,0.178
4352,352,5,25.414,162.0,44,2.123
4353,353,5,15.886,127.0,52,0.24
4354,354,5,19.328,132.0,59,0.632
4355,355,5,15.001,166.0,63,0.105
4356,356,5,24.396,146.0,50,1.5
4357,357,5,20.158,99.0,48,0.315
4358,358,5,19.973,116.0,56,0.095
4359,359,5,25.773,141.0,48,0.01
4360,360,5,17.948,134.0,49,0.112
4361,361,5,18.203,97.0,59,0.106
4362,362,5,17.46835977908302,86.0,58,0.61
4363,363,5,15.489,121.0,66,0.565
4364,364,5,10.281,112.0,53,0.497
4365,365,5,14.209,131.0,55,0.967
4366,366,5,18.071,110.0,54,1.089
4367,367,5,22.347,120.0,58,0.812
4368,368,5,18.364,98.0,41,0.126
4369,369,5,3.669,104.0,40,0.671
4370,370,5,10.874,147.0,49,0.51
4371,371,5,2.871,121.0,40,0.052
4372,372,5,17.986,116.0,40,0.613
4373,373,5,14.983,148.0,51,0.381
4374,374,5,11.761,133.0,50,0.229
4375,375,5,16.994,109.0,42,0.057
4376,376,5,12.051,155.0,48,0.434
4377,377,5,11.671,114.0,44,0.15
4378,378,5,15.701,138.0,48,0.213
4379,379,5,14.703,125.0,41,0.028
4380,380,5,18.431,152.0,41,0.431
4381,381,5,17.321,134.0,52,0.13
4382,382,5,20.495,119.0,42,0.358
4383,383,5,18.076,145.0,51,0.427
4384,384,5,20.442,122.0,48,0.33
4385,385,5,4.201,132.0,48,2.106
4386,386,5,14.765,118.0,56,0.654
4387,387,5,21.557,88.0,60,0.613
4388,388,5,17.325,103.0,49,0.109
4389,389,5,25.261,153.0,67,0.812
4390,390,5,13.69,112.0,42,0.594
4391,391,5,14.893,109.0,49,1.167
4392,392,5,13.313,153.0,47,0.17
4393,393,5,20.125,141.0,44,0.028
4394,394,5,18.453,152.0,42,0.49
4395,395,5,6.729,116.0,43,0.106
4396,396,5,12.962,110.0,45,0.147
4397,397,5,18.905,149.0,43,0.077
4398,398,5,14.924,122.0,55,0.721
4399,399,5,16.314,100.0,54,0.156
4400,400,5,6.129,131.0,43,0.442
4401,401,5,22.309,121.0,52,0.178
4402,402,5,30.965,129.0,65,0.745
4403,403,5,11.379,156.0,50,0.038
4404,404,5,20.213,124.0,64,0.266
4405,405,5,7.32,138.0,44,0.231
4406,406,5,14.426,117.0,48,0.843
4407,407,5,32.5710026,102.0,53,2.493
4408,408,5,24.594,118.0,47,0.215
4409,409,5,11.537,129.0,54,0.427
4410,410,5,27.98,116.0,54,0.33
4411,411,5,15.54,112.0,45,0.143
4412,412,5,22.235,90.0,46,0.825
4413,413,5,10.216,128.0,52,0.252
4414,414,5,10.226,85.0,48,0.309
4415,415,5,28.632,110.0,57,0.126
4416,416,5,8.633,103.0,65,0.151
4417,417,5,13.083,153.0,53,0.077
4418,418,5,14.629,108.0,49,0.568
4419,419,5,29.379,102.0,44,0.334
4420,420,5,5.647,158.0,54,0.516
4421,421,5,14.428,110.0,40,0.291
4422,422,5,16.823,114.0,44,0.076
4423,423,5,16.06,91.0,48,0.18
4424,424,5,14.155,107.0,53,0.1
4425,425,5,7.808,116.0,57,0.342
4426,426,5,14.186,127.0,57,0.039
4427,427,5,1.063,150.0,36,0.638
4428,428,5,14.089,128.0,51,0.338
4429,429,5,17.494,133.0,43,0.001
4430,430,5,22.989,110.0,62,0.065
4431,431,5,19.441,111.0,62,0.034
4432,432,5,8.855,118.0,63,2.11
4433,433,5,31.253,124.0,50,1.153
4434,434,5,21.244,118.0,62,0.43
4435,435,5,17.908,116.0,47,0.233
4436,436,5,11.982,134.0,49,0.53
4437,437,5,13.427,145.0,53,0.471
4438,438,5,20.033,143.0,66,0.914
4439,439,5,9.769,136.0,49,1.198
4440,440,5,14.095,124.0,61,0.072
4441,441,5,19.064,122.0,46,0.612
4442,442,5,14.349,140.0,56,0.14
4443,443,5,12.389,159.0,60,0.048
4444,444,5,12.667,128.0,63,0.182
4445,445,5,13.685,144.0,48,0.121
4446,446,5,32.254,121.0,54,0.196
4447,447,5,13.514,138.0,37,0.213
4448,448,5,14.449,156.0,46,0.024
4449,449,5,23.553,105.0,35,0.862
4450,450,5,20.371,96.0,53,0.289
4451,451,5,26.114,107.0,46,0.802
4452,452,5,18.161,117.0,39,0.427
4453,453,5,32.5710026,101.0,44,0.076
4454,454,5,24.526,102.0,54,0.008
4455,455,5,11.91,126.0,50,0.18
4456,456,5,11.125,147.0,48,0.023
4457,457,5,6.274,126.0,49,0.061
4458,458,5,11.404,98.0,52,0.15
4459,459,5,7.85,155.0,45,0.422
4460,460,5,9.817,120.0,49,0.265
4461,461,5,19.255,129.0,59,0.797
4462,462,5,16.905,130.0,42,0.806
4463,463,5,17.651,121.0,65,2.353
4464,464,5,12.496,135.0,51,0.183
4465,465,5,17.46835977908302,111.0,49,0.375
4466,466,5,17.783,127.0,55,0.196
4467,467,5,22.926,152.0,47,0.683
4468,468,5,12.399,110.0,44,0.063
4469,469,5,17.531,111.0,47,0.034
4470,470,5,12.854,108.0,42,0.117
4471,471,5,16.51,137.0,54,0.023
4472,472,5,22.208,127.0,53,0.679
4473,473,5,14.864,117.0,51,0.437
4474,474,5,5.198,146.0,49,0.439
4475,475,5,12.437,132.0,56,0.506
4476,476,5,17.735,144.0,47,0.283
4477,477,5,18.759,106.0,62,0.807
4478,478,5,22.793,130.0,40,0.257
4479,479,5,10.108,125.0,50,1.401
4480,480,5,11.06,124.0,47,0.778
4481,481,5,19.854,117.0,48,0.237
4482,482,5,9.625,133.0,49,0.083
4483,483,5,25.241,112.0,49,0.094
4484,484,5,29.9,103.0,47,0.115
4485,485,5,6.768,140.0,48,0.207
4486,486,5,22.691,123.0,36,0.02
4487,487,5,11.098,134.0,53,0.162
4488,488,5,19.242,111.0,61,0.195
4489,489,5,14.942,136.0,50,0.142
4490,490,5,13.363,122.0,52,0.033
4491,491,5,17.121,142.0,49,0.277
4492,492,5,9.254,135.0,57,1.68
4493,493,5,17.126,115.0,52,0.078
4494,494,5,24.703,109.0,50,0.094
4495,495,5,13.391,154.0,52,0.52
4496,496,5,19.83,125.0,44,0.006
4497,497,5,17.46835977908302,114.0,52,0.029
4498,498,5,17.46835977908302,114.0,44,0.255
4499,499,5,16.263,122.0,56,0.174
4500,500,5,8.32,128.0,47,0.29
4501,501,5,21.998,99.0,49,0.977
4502,502,5,10.529,120.0,54,1.195
4503,503,5,11.213,110.0,53,0.544
4504,504,5,17.46835977908302,118.0,50,0.24
4505,505,5,13.777,127.0,67,2.756
4506,506,5,32.5710026,132.0,42,0.019
4507,507,5,24.192,137.0,50,2.042
4508,508,5,10.86,134.0,62,0.429
4509,509,5,16.246,102.0,63,0.206
4510,510,5,31.392,112.0,51,0.841
4511,511,5,28.23,103.0,36,0.288
4512,512,5,15.239,143.0,45,0.87
4513,513,5,12.519,155.0,54,0.886
4514,514,5,11.03,141.0,52,0.485
4515,515,5,23.915,114.0,42,0.37
4516,516,5,20.532,105.0,57,0.998
4517,517,5,24.853,109.0,55,0.131
4518,518,5,22.808,112.0,59,2.576
4519,519,5,9.612,140.0,43,1.094
4520,520,5,10.921,131.0,52,0.854
4521,521,5,21.739,133.0,54,0.698
4522,522,5,7.996,123.0,48,1.036
4523,523,5,17.61,93.0,45,0.6
4524,524,5,29.069,106.0,49,0.106
4525,525,5,7.51,137.0,60,0.528
4526,526,5,6.546,146.0,37,1.159
4527,527,5,21.13,113.0,52,0.322
4528,528,5,22.754,162.0,50,0.726
4529,529,5,20.822,116.0,58,1.389
4530,530,5,12.041,124.0,49,0.291
4531,531,5,9.168,130.0,54,0.319
4532,532,5,4.493,132.0,49,0.19
4533,533,5,6.626,137.0,49,0.349
4534,534,5,11.188,104.0,54,0.951
4535,535,5,26.068,123.0,47,0.031
4536,536,5,12.49,127.0,51,1.339
4537,537,5,20.406,123.0,50,0.525
4538,538,5,15.39,96.0,51,0.661
4539,539,5,17.358,134.0,35,0.183
4540,540,5,18.868,158.0,47,0.477
4541,541,5,17.58,98.0,48,0.209
4542,542,5,14.774,102.0,49,0.262
4543,543,5,17.46835977908302,133.0,63,0.175
4544,544,5,14.039,154.0,53,0.353
4545,545,5,22.031,103.0,48,0.724
4546,546,5,8.084,148.0,54,0.604
4547,547,5,10.385,138.0,48,0.559
4548,548,5,24.476,112.0,51,0.352
4549,549,5,18.12,126.0,44,0.191
4550,550,5,13.052,130.0,45,0.028
4551,551,5,14.22,106.0,41,1.237
4552,552,5,3.852,138.0,44,0.055
4553,553,5,22.872,130.0,41,0.696
4554,554,5,20.15,133.0,55,0.089
4555,555,5,15.182,111.0,60,0.059
4556,556,5,12.801,151.0,34,0.335
4557,557,5,24.83,149.0,51,0.328
4558,558,5,24.285,109.0,50,0.262
4559,559,5,18.096,125.0,53,0.41
4560,560,5,25.919,133.0,59,2.04
4561,561,5,27.971,131.0,39,0.541
4562,562,5,22.882,99.0,52,0.035
4563,563,5,8.967,149.0,56,0.876
4564,564,5,10.784,123.0,47,0.334
4565,565,5,17.46835977908302,102.0,55,0.281
4566,566,5,22.791,133.0,29,2.235
4567,567,5,18.086,150.0,51,0.021
4568,568,5,25.697,120.0,45,0.583
4569,569,5,12.944,166.0,55,0.732
4570,570,5,24.651,112.0,55,0.052
4571,571,5,19.733,133.0,49,0.134
4572,572,5,5.351,143.0,51,0.457
4573,573,5,16.477,109.0,59,0.076
4574,574,5,12.76,120.0,56,0.481
4575,575,5,9.856,140.0,50,0.774
4576,576,5,6.875,127.0,48,0.123
4577,577,5,15.549,119.0,54,0.501
4578,578,5,20.824,121.0,38,1.119
4579,579,5,17.46835977908302,105.0,57,0.158
4580,580,5,12.746,160.0,46,0.629
4581,581,5,14.366,107.0,45,0.422
4582,582,5,26.567,123.0,43,0.377
4583,583,5,6.798,108.0,37,0.709
4584,584,5,32.5710026,116.0,41,0.214
4585,585,5,23.001,131.0,53,0.339
4586,586,5,8.495,109.0,49,0.24
4587,587,5,13.83,140.0,51,0.431
4588,588,5,16.022,119.0,44,0.552
4589,589,5,14.479,124.0,50,0.48
4590,590,5,17.901,122.0,45,0.52
4591,591,5,20.477,166.0,47,0.114
4592,592,5,14.075,134.0,47,0.51
4593,593,5,19.338,120.0,51,0.014
4594,594,5,20.36,115.0,50,0.994
4595,595,5,17.46835977908302,138.0,47,0.007
4596,596,5,13.647,127.0,40,0.149
4597,597,5,27.703,112.0,53,0.912
4598,598,5,17.46835977908302,129.0,38,0.183
4599,599,5,24.718,101.0,59,0.019
4600,600,5,24.167,123.0,47,0.455
4601,601,5,8.385,133.0,48,0.03
4602,602,5,29.632,124.0,42,0.24
4603,603,5,18.993,153.0,48,0.337
4604,604,5,4.728,103.0,55,0.286
4605,605,5,17.426,136.0,37,0.148
4606,606,5,16.85,109.0,58,0.068
4607,607,5,23.415,102.0,46,0.415
4608,608,5,13.623,104.0,38,0.856
4609,609,5,8.499,105.0,54,0.717
4610,610,5,18.853,157.0,66,1.299
4611,611,5,24.434,114.0,67,1.028
4612,612,5,12.74,124.0,43,0.467
4613,613,5,19.104,117.0,56,0.399
4614,614,5,17.46835977908302,135.0,59,0.292
4615,615,5,5.919,109.0,52,0.057
4616,616,5,18.342,148.0,52,0.345
4617,617,5,16.793,104.0,52,0.11
4618,618,5,13.974,133.0,42,0.03
4619,619,5,15.961,110.0,62,1.704
4620,620,5,15.966,120.0,49,0.046
4621,621,5,23.63,130.0,51,0.886
4622,622,5,13.07,116.0,43,1.192
4623,623,5,19.581,154.0,52,0.025
4624,624,5,13.753,143.0,56,0.492
4625,625,5,10.388,143.0,48,0.02
4626,626,5,25.228,131.0,56,0.867
4627,627,5,26.442,138.0,49,1.222
4628,628,5,8.479,131.0,41,1.843
4629,629,5,4.698,122.0,46,0.447
4630,630,5,18.957,143.0,47,0.371
4631,631,5,8.408,126.0,56,0.298
4632,632,5,5.746,157.0,53,0.546
4633,633,5,11.985,115.0,54,1.674
4634,634,5,15.784,94.0,53,0.36
4635,635,5,11.554,102.0,46,0.199
4636,636,5,10.084,136.0,52,1.846
4637,637,5,30.096,116.0,45,0.022
4638,638,5,11.928,119.0,46,0.428
4639,639,5,11.465,92.0,53,0.402
4640,640,5,16.4,108.0,41,0.008
4641,641,5,25.368,126.0,54,0.054
4642,642,5,13.2,109.0,43,0.374
4643,643,5,15.788,120.0,45,0.389
4644,644,5,14.455,134.0,46,0.605
4645,645,5,21.014,136.0,53,0.082
4646,646,5,20.551,112.0,50,1.247
4647,647,5,18.551,121.0,43,0.942
4648,648,5,8.191,117.0,37,1.299
4649,649,5,4.932,132.0,47,0.627
4650,650,5,12.757,158.0,73,0.731
4651,651,5,11.391,122.0,41,0.007
4652,652,5,11.657,93.0,44,0.779
4653,653,5,10.619,104.0,44,0.397
4654,654,5,28.842,134.0,51,0.102
4655,655,5,7.807,110.0,46,0.653
4656,656,5,4.913,108.0,45,1.157
4657,657,5,25.223,116.0,49,0.047
4658,658,5,25.708,124.0,63,0.07
4659,659,5,12.689,123.0,46,1.077
4660,660,5,12.02,130.0,44,0.992
4661,661,5,12.311,98.0,51,0.162
4662,662,5,32.264,117.0,52,0.125
4663,663,5,10.446,141.0,47,0.114
4664,664,5,23.501,93.0,47,0.11
4665,665,5,17.46835977908302,126.0,40,0.385
4666,666,5,20.801,112.0,50,0.156
4667,667,5,19.319,142.0,58,1.2
4668,668,5,8.024,132.0,55,0.414
4669,669,5,12.428,112.0,42,0.735
4670,670,5,24.302,105.0,49,0.225
4671,671,5,16.44,77.0,50,0.389
4672,672,5,30.329,125.0,51,0.035
4673,673,5,12.096,131.0,42,0.027
4674,674,5,20.277,145.0,41,1.636
4675,675,5,18.09,135.0,50,0.109
4676,676,5,12.597,106.0,61,0.914
4677,677,5,17.46835977908302,129.0,37,0.546
4678,678,5,17.46835977908302,94.0,52,1.444
4679,679,5,25.789,113.0,54,0.072
4680,680,5,23.884,110.0,52,0.953
4681,681,5,18.568,98.0,50,0.154
4682,682,5,12.035,107.0,36,1.429
4683,683,5,12.989,122.0,59,0.094
4684,684,5,14.247,94.0,68,0.274
4685,685,5,21.367,158.0,55,0.651
4686,686,5,21.783,152.0,47,0.502
4687,687,5,8.806,94.0,52,0.141
4688,688,5,17.411,119.0,47,1.006
4689,689,5,15.692,114.0,47,0.456
4690,690,5,19.719,147.0,61,0.491
4691,691,5,18.021,114.0,53,0.118
4692,692,5,17.186,121.0,35,0.409
4693,693,5,17.838,123.0,46,0.928
4694,694,5,14.403,138.0,54,0.454
4695,695,5,3.534,121.0,60,0.348
4696,696,5,16.023,123.0,43,0.12
4697,697,5,16.606,114.0,61,0.442
4698,698,5,23.918,133.0,55,1.57
4699,699,5,16.806,99.0,47,0.327
4700,700,5,15.823,137.0,47,0.502
4701,701,5,8.4,110.0,47,0.277
4702,702,5,7.635,145.0,36,0.278
4703,703,5,26.981,109.0,47,0.082
4704,704,5,10.044,116.0,45,0.459
4705,705,5,13.822,137.0,65,0.079
4706,706,5,17.558,145.0,47,1.465
4707,707,5,11.467,130.0,45,0.103
4708,708,5,12.768,134.0,42,0.076
4709,709,5,15.313,116.0,48,0.772
4710,710,5,15.913,129.0,56,0.051
4711,711,5,5.096,145.0,53,1.907
4712,712,5,17.46835977908302,83.0,58,0.105
4713,713,5,8.123,132.0,52,0.175
4714,714,5,18.498,112.0,55,0.205
4715,715,5,14.793,122.0,46,0.171
4716,716,5,27.225,111.0,54,0.457
4717,717,5,11.166,102.0,52,0.287
4718,718,5,12.226,140.0,63,0.353
4719,719,5,16.226,124.0,43,0.356
4720,720,5,22.492,99.0,54,0.314
4721,721,5,25.292,145.0,46,0.274
4722,722,5,12.677,114.0,58,0.966
4723,723,5,14.28,149.0,52,0.844
4724,724,5,11.244,91.0,59,0.092
4725,725,5,11.554,96.0,57,0.119
4726,726,5,15.904,148.0,39,0.565
4727,727,5,12.956,111.0,49,0.796
4728,728,5,25.791,91.0,49,0.227
4729,729,5,16.161,127.0,59,0.338
4730,730,5,11.317,143.0,53,0.064
4731,731,5,16.509,120.0,56,0.214
4732,732,5,17.464,105.0,42,0.213
4733,733,5,10.581,126.0,53,0.069
4734,734,5,19.481,114.0,41,0.106
4735,735,5,20.416,118.0,43,0.094
4736,736,5,15.865,118.0,61,0.064
4737,737,5,16.934,120.0,36,3.055
4738,738,5,15.078,128.0,44,0.156
4739,739,5,16.608,96.0,45,0.313
4740,740,5,18.215,123.0,51,1.221
4741,741,5,19.326,128.0,59,0.38
4742,742,5,26.817,120.0,50,0.103
4743,743,5,7.729,156.0,49,0.449
4744,744,5,10.14,104.0,59,0.089
4745,745,5,11.032,134.0,48,0.348
4746,746,5,21.543,101.0,69,0.096
4747,747,5,8.588,98.0,51,0.311
4748,748,5,12.924,103.0,54,0.192
4749,749,5,16.069,120.0,59,1.583
4750,750,5,16.633,119.0,61,1.639
4751,751,5,15.713,138.0,53,0.086
4752,752,5,19.06,93.0,48,0.261
4753,753,5,14.13,129.0,64,0.176
4754,754,5,21.765,103.0,58,1.172
4755,755,5,15.402,111.0,46,1.524
4756,756,5,11.852,124.0,45,0.265
4757,757,5,13.068,88.0,41,0.228
4758,758,5,24.072,116.0,53,1.517
4759,759,5,28.838,106.0,51,0.191
4760,760,5,13.068,100.0,59,0.152
4761,761,5,11.525,137.0,40,0.945
4762,762,5,10.756,123.0,37,0.046
4763,763,5,29.875,108.0,55,0.428
4764,764,5,16.942,110.0,39,0.027
4765,765,5,25.436,95.0,44,0.314
4766,766,5,17.46835977908302,106.0,47,0.054
4767,767,5,12.755,115.0,48,0.557
4768,768,5,12.577,159.0,44,1.15
4769,769,5,16.899,124.0,59,0.251
4770,770,5,14.158,116.0,35,0.028
4771,771,5,23.227,105.0,50,0.066
4772,772,5,15.647,111.0,56,0.171
4773,773,5,12.549,126.0,59,0.085
4774,774,5,17.46835977908302,135.0,46,0.275
4775,775,5,15.276,145.0,59,0.071
4776,776,5,8.659,145.0,41,0.28
4777,777,5,21.143,108.0,48,0.771
4778,778,5,23.415,125.0,58,2.324
4779,779,5,9.125,135.0,55,0.293
4780,780,5,21.318,121.0,55,0.22
4781,781,5,5.996,140.0,42,0.85
4782,782,5,11.73,145.0,52,0.922
4783,783,5,26.32,109.0,62,0.003
4784,784,5,9.686,141.0,54,1.24
4785,785,5,13.21,121.0,46,0.743
4786,786,5,20.178,123.0,47,0.526
4787,787,5,25.745,155.0,53,0.924
4788,788,5,29.838,135.0,47,0.304
4789,789,5,16.691,142.0,46,1.562
4790,790,5,19.805,132.0,37,0.168
4791,791,5,7.117,109.0,59,0.019
4792,792,5,16.199,126.0,45,0.884
4793,793,5,7.727,139.0,56,1.232
4794,794,5,23.388,146.0,52,1.091
4795,795,5,15.805,111.0,41,0.011
4796,796,5,17.598,152.0,59,1.246
4797,797,5,3.278,90.0,60,0.064
4798,798,5,17.46835977908302,146.0,42,0.775
4799,799,5,28.274,90.0,41,0.587
4800,800,5,15.925,136.0,45,0.016
4801,801,5,6.134,148.0,45,0.142
4802,802,5,22.286,137.0,51,0.246
4803,803,5,10.885,153.0,52,0.06
4804,804,5,11.823,117.0,54,0.008
4805,805,5,13.978,113.0,48,0.92
4806,806,5,19.103,114.0,57,0.052
4807,807,5,16.172,122.0,49,0.663
4808,808,5,22.11,118.0,50,0.192
4809,809,5,13.253,145.0,46,0.528
4810,810,5,21.626,98.0,51,0.652
4811,811,5,12.898,135.0,42,0.025
4812,812,5,17.038,111.0,55,0.285
4813,813,5,17.46835977908302,118.0,50,0.484
4814,814,5,17.46835977908302,130.0,41,0.088
4815,815,5,20.901,122.0,43,0.345
4816,816,5,5.391,120.0,57,1.013
4817,817,5,12.458,143.0,54,0.333
4818,818,5,28.866,144.0,39,0.075
4819,819,5,14.913,136.0,58,0.2
4820,820,5,32.519,117.0,49,0.566
4821,821,5,7.487,145.0,61,1.807
4822,822,5,14.166,103.0,59,0.183
4823,823,5,12.117,128.0,57,0.826
4824,824,5,18.334,127.0,49,0.223
4825,825,5,19.925,129.0,43,1.203
4826,826,5,24.027,132.0,49,0.335
4827,827,5,21.317,116.0,53,0.475
4828,828,5,10.777,121.0,43,0.04
4829,829,5,32.339,100.0,33,0.69
4830,830,5,24.185,147.0,49,0.993
4831,831,5,25.838,119.0,38,0.589
4832,832,5,20.237,116.0,62,0.341
4833,833,5,26.254,133.0,51,0.003
4834,834,5,7.081,129.0,47,0.003
4835,835,5,19.648,122.0,45,1.844
4836,836,5,32.003,113.0,61,0.275
4837,837,5,19.045,140.0,50,0.12
4838,838,5,10.985,158.0,43,0.493
4839,839,5,11.593,112.0,36,0.969
4840,840,5,26.378,113.0,42,1.071
4841,841,5,18.448,133.0,52,1.536
4842,842,5,14.945,141.0,55,0.495
4843,843,5,27.665,117.0,37,0.212
4844,844,5,21.33,115.0,43,0.293
4845,845,5,26.031,105.0,40,0.234
4846,846,5,19.153,106.0,51,0.614
4847,847,5,17.562,117.0,39,0.224
4848,848,5,17.46835977908302,125.0,44,0.83
4849,849,5,9.669,96.0,58,0.111
4850,850,5,13.954,117.0,39,1.075
4851,851,5,14.971,140.0,55,0.251
4852,852,5,8.554,128.0,51,0.278
4853,853,5,16.315,125.0,47,2.172
4854,854,5,16.828,109.0,53,0.208
4855,855,5,27.37,127.0,53,0.221
4856,856,5,11.634,156.0,50,0.534
4857,857,5,6.733,133.0,53,0.658
4858,858,5,23.692,121.0,43,0.564
4859,859,5,10.681,104.0,43,0.334
4860,860,5,15.883,96.0,44,1.146
4861,861,5,13.82,97.0,52,0.665
4862,862,5,23.508,95.0,47,0.089
4863,863,5,20.627,123.0,53,0.067
4864,864,5,17.46835977908302,154.0,46,1.168
4865,865,5,11.256,137.0,39,0.711
4866,866,5,6.397,140.0,46,1.185
4867,867,5,14.672,112.0,63,0.137
4868,868,5,7.969,121.0,43,0.298
4869,869,5,6.266,151.0,46,0.99
4870,870,5,16.32,94.0,50,0.676
4871,871,5,17.422,130.0,49,0.703
4872,872,5,14.928,156.0,57,0.147
4873,873,5,8.617,164.0,48,0.686
4874,874,5,12.026,123.0,48,0.374
4875,875,5,10.049,154.0,41,3.83
4876,876,5,16.622,125.0,51,0.1
4877,877,5,12.277,125.0,40,0.152
4878,878,5,20.161,122.0,52,1.125
4879,879,5,16.669,126.0,58,0.513
4880,880,5,13.729,135.0,46,0.488
4881,881,5,15.474,111.0,60,0.126
4882,882,5,25.891,107.0,61,1.629
4883,883,5,15.549,142.0,51,1.166
4884,884,5,14.561,133.0,48,0.589
4885,885,5,24.332,140.0,30,0.574
4886,886,5,15.009,105.0,45,0.72
4887,887,5,5.812,124.0,43,0.272
4888,888,5,10.89,100.0,62,0.088
4889,889,5,14.187,110.0,52,0.265
4890,890,5,26.075,114.0,57,0.009
4891,891,5,7.439,155.0,43,1.428
4892,892,5,17.93,117.0,41,0.492
4893,893,5,15.177,94.0,52,0.047
4894,894,5,16.334,112.0,42,0.037
4895,895,5,15.796,150.0,50,0.258
4896,896,5,16.565,114.0,52,1.951
4897,897,5,27.833,112.0,50,1.553
4898,898,5,17.109,79.0,47,1.589
4899,899,5,16.848,132.0,47,0.168
4900,900,5,17.46835977908302,114.0,47,0.138
4901,901,5,11.95,145.0,49,1.178
4902,902,5,19.243,125.0,56,0.579
4903,903,5,25.288,102.0,67,1.072
4904,904,5,17.369,129.0,47,1.168
4905,905,5,16.828,146.0,36,0.057
4906,906,5,20.964,166.0,36,0.436
4907,907,5,8.421,108.0,53,0.23
4908,908,5,13.942,122.0,43,0.087
4909,909,5,11.95,166.0,55,1.402
4910,910,5,27.339,120.0,60,0.109
4911,911,5,21.337,85.0,40,0.078
4912,912,5,27.489,122.0,57,0.104
4913,913,5,8.83,147.0,60,0.088
4914,914,5,16.808,140.0,62,1.415
4915,915,5,15.052,140.0,62,0.165
4916,916,5,17.46835977908302,152.0,49,0.115
4917,917,5,19.363,125.0,55,0.018
4918,918,5,14.659,134.0,47,0.009
4919,919,5,21.858,110.0,47,0.591
4920,920,5,9.694,114.0,57,0.323
4921,921,5,10.977,125.0,50,0.356
4922,922,5,17.921,140.0,49,0.754
4923,923,5,7.098,132.0,55,0.312
4924,924,5,16.945,147.0,44,0.141
4925,925,5,18.859,95.0,46,1.056
4926,926,5,8.998,135.0,55,0.094
4927,927,5,11.452,110.0,49,0.091
4928,928,5,11.582,124.0,51,0.42
4929,929,5,20.965,134.0,42,1.398
4930,930,5,24.537,148.0,44,0.09
4931,931,5,9.173,105.0,51,0.096
4932,932,5,13.471,135.0,53,0.449
4933,933,5,18.969,103.0,47,0.426
4934,934,5,17.46835977908302,159.0,54,0.583
4935,935,5,6.484,128.0,63,1.017
4936,936,5,28.372,95.0,55,0.128
4937,937,5,24.642,124.0,44,0.249
4938,938,5,11.251,139.0,45,0.535
4939,939,5,19.673,134.0,44,0.285
4940,940,5,8.358,156.0,41,0.564
4941,941,5,18.284,124.0,43,0.405
4942,942,5,7.766,120.0,57,0.436
4943,943,5,18.39,120.0,53,0.043
4944,944,5,14.512,109.0,59,0.436
4945,945,5,23.819,140.0,41,0.161
4946,946,5,16.234,119.0,51,0.18
4947,947,5,11.237,165.0,55,0.616
4948,948,5,25.912,118.0,41,0.115
4949,949,5,17.887,158.0,46,0.198
4950,950,5,14.073,145.0,48,0.139
4951,951,5,5.973,144.0,51,0.777
4952,952,5,6.806,114.0,60,0.035
4953,953,5,13.992,116.0,51,0.046
4954,954,5,32.5710026,114.0,33,1.078
4955,955,5,7.87,139.0,46,0.026
4956,956,5,16.775,82.0,59,0.037
4957,957,5,5.571,151.0,63,0.18
4958,958,5,15.622,99.0,44,0.089
4959,959,5,22.348,125.0,39,1.074
4960,960,5,11.386,124.0,53,0.372
4961,961,5,12.51,125.0,64,0.841
4962,962,5,12.143,98.0,50,0.283
4963,963,5,31.282,128.0,41,0.669
4964,964,5,21.265,148.0,40,0.21
4965,965,5,16.391,116.0,50,0.467
4966,966,5,16.363,162.0,54,0.652
4967,967,5,13.676,134.0,47,0.333
4968,968,5,8.315,122.0,49,0.589
4969,969,5,19.519,116.0,50,0.739
4970,970,5,17.46835977908302,131.0,51,0.273
4971,971,5,14.86,158.0,44,0.317
4972,972,5,32.161,134.0,46,0.241
4973,973,5,5.606,149.0,51,0.017
4974,974,5,14.347,123.0,52,0.595
4975,975,5,19.727,148.0,44,0.6
4976,976,5,26.206,112.0,42,0.668
4977,977,5,7.626,142.0,55,0.209
4978,978,5,17.557,143.0,54,0.638
4979,979,5,10.496,130.0,57,0.12
4980,980,5,0.0,159.0,42,0.113
4981,981,5,5.705,129.0,49,3.073
4982,982,5,19.996,132.0,49,0.035
4983,983,5,26.751,137.0,39,1.206
4984,984,5,17.202,144.0,40,0.479
4985,985,5,21.686,109.0,53,0.184
4986,986,5,14.172,97.0,55,0.544
4987,987,5,12.043,120.0,42,0.056
4988,988,5,9.245,114.0,57,0.349
4989,989,5,11.151,151.0,46,0.034
4990,990,5,19.224,142.0,57,0.701
4991,991,5,17.644,127.0,47,0.109
4992,992,5,28.288,117.0,55,0.187
4993,993,5,9.552,152.0,45,0.402
4994,994,5,11.461,149.0,53,0.627
4995,995,5,10.386,140.0,49,0.497
4996,996,5,9.705,139.0,40,0.043
4997,997,5,15.829,102.0,38,0.036
4998,998,5,23.299,136.0,34,0.752
4999,999,5,8.901,137.0,49,0.252
5000,1000,5,14.355,158.0,51,0.239
5001,1,6,12.525,105.0,35,0.631
5002,2,6,7.478,113.0,49,0.151
5003,3,6,8.069,151.0,45,0.682
5004,4,6,12.848,101.0,45,0.827
5005,5,6,19.899,112.0,57,0.158
5006,6,6,6.895,110.0,46,1.126
5007,7,6,25.17,126.0,52,0.161
5008,8,6,15.719,109.0,55,0.427
5009,9,6,8.946,141.0,52,0.325
5010,10,6,21.458,124.0,53,0.262
5011,11,6,18.462,126.0,50,1.147
5012,12,6,30.378,120.0,43,1.524
5013,13,6,28.041,139.0,48,0.502
5014,14,6,22.571,122.0,59,1.322
5015,15,6,16.332,119.0,56,0.551
5016,16,6,20.48,110.0,55,0.98
5017,17,6,14.295,87.0,57,0.095
5018,18,6,25.245,116.0,61,0.345
5019,19,6,5.827,134.0,39,0.723
5020,20,6,29.088,131.0,48,0.687
5021,21,6,18.499,115.0,54,0.057
5022,22,6,10.93,122.0,44,0.084
5023,23,6,23.488,121.0,47,0.584
5024,24,6,21.74,93.0,44,0.076
5025,25,6,17.46835977908302,147.0,51,0.085
5026,26,6,9.344,118.0,62,0.213
5027,27,6,15.957,98.0,59,0.092
5028,28,6,16.993,135.0,54,0.187
5029,29,6,15.63,87.0,40,0.143
5030,30,6,19.258,110.0,54,0.494
5031,31,6,17.46835977908302,152.0,46,0.193
5032,32,6,13.448,162.0,55,1.157
5033,33,6,17.973,99.0,55,0.45
5034,34,6,5.074,142.0,50,0.155
5035,35,6,28.482,158.0,52,1.289
5036,36,6,29.362,131.0,45,0.729
5037,37,6,7.354,111.0,39,0.054
5038,38,6,20.709,109.0,47,1.234
5039,39,6,18.764,113.0,50,0.047
5040,40,6,13.026,99.0,59,0.111
5041,41,6,27.818,152.0,56,1.463
5042,42,6,16.987,137.0,53,0.079
5043,43,6,15.944,109.0,54,0.769
5044,44,6,20.659,134.0,60,0.065
5045,45,6,21.636,112.0,62,0.134
5046,46,6,26.038,138.0,47,0.457
5047,47,6,10.452,154.0,57,0.238
5048,48,6,12.713,130.0,49,0.965
5049,49,6,8.832,118.0,59,0.174
5050,50,6,5.561,160.0,45,0.014
5051,51,6,17.46835977908302,140.0,45,0.313
5052,52,6,15.396,159.0,49,0.394
5053,53,6,20.068,122.0,57,0.632
5054,54,6,15.749,106.0,45,0.252
5055,55,6,17.615,138.0,51,0.151
5056,56,6,27.707,100.0,47,0.094
5057,57,6,19.509,132.0,41,0.456
5058,58,6,6.388,133.0,54,2.666
5059,59,6,18.761,146.0,54,0.542
5060,60,6,9.907,108.0,44,0.018
5061,61,6,27.092,120.0,58,0.285
5062,62,6,22.155,138.0,60,0.061
5063,63,6,22.123,136.0,53,0.135
5064,64,6,16.078,121.0,60,0.37
5065,65,6,12.042,104.0,49,0.431
5066,66,6,23.563,105.0,49,0.391
5067,67,6,7.341,162.0,50,0.718
5068,68,6,10.986,112.0,55,0.425
5069,69,6,18.608,139.0,51,0.609
5070,70,6,19.001,111.0,54,1.032
5071,71,6,16.936,122.0,56,0.155
5072,72,6,29.941,115.0,41,0.225
5073,73,6,14.504,136.0,52,0.758
5074,74,6,13.738,122.0,56,0.967
5075,75,6,31.456,158.0,47,0.477
5076,76,6,16.75,125.0,53,0.229
5077,77,6,17.081,115.0,42,0.209
5078,78,6,15.832,127.0,56,0.572
5079,79,6,12.278,116.0,51,0.591
5080,80,6,9.969,129.0,61,1.198
5081,81,6,17.692,109.0,50,0.043
5082,82,6,14.254,102.0,47,0.202
5083,83,6,16.397,104.0,46,0.353
5084,84,6,16.231,120.0,45,0.232
5085,85,6,13.448,91.0,38,0.527
5086,86,6,22.458,122.0,51,1.358
5087,87,6,6.131,151.0,43,0.504
5088,88,6,8.497,120.0,49,0.399
5089,89,6,20.772,145.0,51,0.521
5090,90,6,13.535,141.0,58,0.387
5091,91,6,19.292,105.0,46,0.045
5092,92,6,8.351,120.0,54,0.271
5093,93,6,12.776,135.0,42,0.324
5094,94,6,13.47,104.0,38,0.531
5095,95,6,4.914,114.0,56,2.973
5096,96,6,8.736,151.0,55,0.021
5097,97,6,18.536,154.0,55,0.242
5098,98,6,15.111,138.0,56,0.893
5099,99,6,20.578,107.0,49,0.358
5100,100,6,32.5710026,128.0,46,0.076
5101,101,6,8.855,131.0,53,0.509
5102,102,6,12.767,138.0,39,0.649
5103,103,6,15.949,120.0,44,0.422
5104,104,6,16.762,145.0,47,0.007
5105,105,6,25.479,111.0,41,0.419
5106,106,6,5.806,119.0,49,0.333
5107,107,6,14.798,153.0,57,1.472
5108,108,6,9.419,94.0,43,0.341
5109,109,6,30.706,121.0,52,0.082
5110,110,6,15.985,124.0,53,0.345
5111,111,6,13.292,130.0,51,0.05
5112,112,6,8.062,122.0,56,0.406
5113,113,6,9.143,154.0,55,0.452
5114,114,6,14.645,139.0,55,0.1
5115,115,6,16.025,121.0,47,0.07
5116,116,6,20.043,105.0,50,0.295
5117,117,6,10.873,116.0,51,0.443
5118,118,6,15.982,132.0,54,0.286
5119,119,6,10.694,127.0,62,0.462
5120,120,6,9.32,127.0,43,0.234
5121,121,6,6.141,156.0,47,0.904
5122,122,6,7.729,122.0,49,0.03
5123,123,6,23.757,98.0,46,3.612
5124,124,6,25.593,103.0,56,0.287
5125,125,6,15.833,102.0,40,0.769
5126,126,6,9.08,109.0,44,0.003
5127,127,6,24.448,114.0,56,0.051
5128,128,6,22.64,109.0,53,1.433
5129,129,6,7.007,143.0,56,0.052
5130,130,6,7.908,140.0,58,0.138
5131,131,6,14.397,129.0,41,0.375
5132,132,6,21.715,109.0,51,0.509
5133,133,6,12.011,106.0,52,0.409
5134,134,6,14.877,125.0,46,0.317
5135,135,6,17.46835977908302,129.0,40,0.819
5136,136,6,10.859,133.0,44,1.188
5137,137,6,19.871,135.0,42,0.991
5138,138,6,17.239,132.0,56,0.499
5139,139,6,15.85,133.0,49,1.669
5140,140,6,29.913,90.0,44,0.73
5141,141,6,12.012,118.0,49,0.196
5142,142,6,23.697,153.0,46,0.186
5143,143,6,8.805,133.0,33,0.086
5144,144,6,10.268,111.0,41,0.494
5145,145,6,17.46835977908302,154.0,47,0.124
5146,146,6,19.778,149.0,49,1.002
5147,147,6,25.394,144.0,42,0.554
5148,148,6,31.288,136.0,46,0.702
5149,149,6,15.83,105.0,59,0.132
5150,150,6,13.59,145.0,48,0.62
5151,151,6,7.351,141.0,48,0.067
5152,152,6,24.43,90.0,55,0.296
5153,153,6,23.893,157.0,49,0.027
5154,154,6,27.403,110.0,45,0.558
5155,155,6,28.11,150.0,49,0.025
5156,156,6,18.602,117.0,54,0.273
5157,157,6,9.131,141.0,49,0.2
5158,158,6,12.085,109.0,58,1.255
5159,159,6,13.571,146.0,50,0.28
5160,160,6,21.329,110.0,63,0.928
5161,161,6,10.159,132.0,43,1.243
5162,162,6,23.083,100.0,49,0.207
5163,163,6,23.898,122.0,54,0.052
5164,164,6,11.058,125.0,50,0.108
5165,165,6,25.501,142.0,49,0.348
5166,166,6,14.199,138.0,42,0.095
5167,167,6,17.138,109.0,46,0.291
5168,168,6,15.083,130.0,54,0.301
5169,169,6,7.658,132.0,40,0.426
5170,170,6,5.526,166.0,47,0.276
5171,171,6,25.274,109.0,55,0.573
5172,172,6,18.724,156.0,48,0.463
5173,173,6,24.902,144.0,45,0.358
5174,174,6,20.084,135.0,52,1.462
5175,175,6,13.261,115.0,39,0.311
5176,176,6,27.182,117.0,48,0.844
5177,177,6,12.181,94.0,49,0.744
5178,178,6,10.63,146.0,53,0.847
5179,179,6,11.137,107.0,44,0.04
5180,180,6,18.624,123.0,59,0.042
5181,181,6,26.823,125.0,52,1.121
5182,182,6,24.519,135.0,41,0.477
5183,183,6,12.988,115.0,51,0.252
5184,184,6,16.208,131.0,43,0.161
5185,185,6,16.912,93.0,46,0.034
5186,186,6,24.248,126.0,45,1.176
5187,187,6,14.799,149.0,45,1.374
5188,188,6,13.759,111.0,43,0.061
5189,189,6,17.46835977908302,145.0,45,0.022
5190,190,6,20.209,107.0,52,1.601
5191,191,6,10.784,117.0,56,1.328
5192,192,6,14.678,134.0,46,0.769
5193,193,6,14.681,101.0,49,0.105
5194,194,6,9.646,149.0,59,0.24
5195,195,6,22.377,135.0,48,0.471
5196,196,6,17.46835977908302,123.0,48,0.367
5197,197,6,13.34,118.0,62,1.022
5198,198,6,26.601,107.0,48,0.362
5199,199,6,16.301,125.0,39,0.626
5200,200,6,19.913,150.0,43,0.065
5201,201,6,16.375,124.0,56,0.614
5202,202,6,15.871,117.0,40,1.067
5203,203,6,11.063,138.0,57,0.084
5204,204,6,11.087,118.0,41,0.387
5205,205,6,29.038,111.0,50,0.54
5206,206,6,11.974,149.0,60,0.202
5207,207,6,15.982,108.0,34,1.12
5208,208,6,14.057,141.0,54,1.149
5209,209,6,8.958,139.0,47,0.76
5210,210,6,14.156,124.0,50,0.185
5211,211,6,8.515,142.0,43,0.366
5212,212,6,3.201,151.0,44,0.848
5213,213,6,5.187,122.0,39,1.232
5214,214,6,24.894,127.0,46,0.471
5215,215,6,10.122,135.0,46,0.117
5216,216,6,32.186,144.0,51,1.24
5217,217,6,13.314,112.0,58,0.009
5218,218,6,20.028,116.0,52,1.035
5219,219,6,15.739,105.0,56,0.901
5220,220,6,15.093,116.0,46,0.276
5221,221,6,10.038,123.0,59,0.807
5222,222,6,21.443,122.0,45,1.062
5223,223,6,16.005,123.0,62,0.751
5224,224,6,17.322,144.0,61,0.206
5225,225,6,14.204,110.0,50,1.511
5226,226,6,12.598,138.0,60,0.927
5227,227,6,8.436,142.0,42,0.154
5228,228,6,30.126,109.0,55,0.107
5229,229,6,17.796,108.0,43,0.02
5230,230,6,13.284,124.0,47,0.243
5231,231,6,27.022,114.0,53,0.676
5232,232,6,11.042,152.0,59,0.013
5233,233,6,13.398,166.0,46,0.062
5234,234,6,14.398,115.0,51,0.34
5235,235,6,19.037,147.0,55,0.017
5236,236,6,16.868,105.0,40,0.71
5237,237,6,16.083,137.0,49,0.218
5238,238,6,28.484,151.0,50,0.745
5239,239,6,15.769,89.0,59,0.418
5240,240,6,17.124,133.0,43,0.262
5241,241,6,10.901,147.0,51,0.105
5242,242,6,11.732,106.0,50,0.254
5243,243,6,17.46835977908302,123.0,55,1.033
5244,244,6,13.574,108.0,56,0.518
5245,245,6,9.784,110.0,48,0.197
5246,246,6,13.2,109.0,48,0.641
5247,247,6,16.874,140.0,44,0.666
5248,248,6,10.51,152.0,50,3.013
5249,249,6,28.496,104.0,41,2.361
5250,250,6,14.08,140.0,52,0.724
5251,251,6,18.818,117.0,55,0.213
5252,252,6,17.46835977908302,125.0,45,0.58
5253,253,6,6.033,142.0,50,0.214
5254,254,6,14.576,139.0,48,0.832
5255,255,6,14.249,104.0,43,2.026
5256,256,6,11.161,133.0,51,0.052
5257,257,6,17.244,143.0,55,0.568
5258,258,6,25.434,107.0,57,0.296
5259,259,6,26.856,115.0,60,0.349
5260,260,6,11.17,114.0,53,0.009
5261,261,6,14.881,104.0,41,0.578
5262,262,6,28.431,110.0,39,0.143
5263,263,6,12.503,118.0,53,0.286
5264,264,6,23.88,115.0,42,0.1
5265,265,6,20.733,95.0,44,0.923
5266,266,6,27.94,130.0,48,0.131
5267,267,6,11.229,150.0,64,0.102
5268,268,6,2.813,104.0,37,1.185
5269,269,6,10.509,142.0,51,0.117
5270,270,6,16.928,95.0,59,0.599
5271,271,6,9.017,133.0,44,0.587
5272,272,6,29.235,139.0,55,0.443
5273,273,6,10.331,121.0,59,0.772
5274,274,6,17.46835977908302,120.0,46,0.033
5275,275,6,15.448,103.0,45,1.576
5276,276,6,7.387,133.0,46,0.478
5277,277,6,23.288,109.0,53,0.906
5278,278,6,15.214,146.0,62,0.447
5279,279,6,14.446,93.0,46,0.016
5280,280,6,26.856,110.0,50,0.361
5281,281,6,19.543,136.0,54,2.152
5282,282,6,19.763,144.0,61,0.567
5283,283,6,7.569,108.0,55,0.623
5284,284,6,18.882,110.0,51,0.213
5285,285,6,10.997,122.0,47,0.128
5286,286,6,28.052,115.0,53,0.91
5287,287,6,10.62,103.0,63,0.338
5288,288,6,12.8,164.0,55,0.106
5289,289,6,14.132,123.0,48,0.111
5290,290,6,17.689,131.0,47,0.023
5291,291,6,18.215,145.0,43,0.648
5292,292,6,12.173,110.0,63,1.232
5293,293,6,22.228,123.0,49,0.089
5294,294,6,23.394,108.0,52,0.152
5295,295,6,12.868,110.0,49,0.01
5296,296,6,23.294,120.0,59,0.525
5297,297,6,16.404,135.0,48,1.38
5298,298,6,10.944,130.0,49,0.339
5299,299,6,17.706,113.0,50,0.216
5300,300,6,28.16,106.0,55,0.143
5301,301,6,23.387,127.0,45,0.548
5302,302,6,18.188,132.0,50,0.009
5303,303,6,17.203,146.0,48,0.262
5304,304,6,16.09,148.0,52,0.001
5305,305,6,27.984,113.0,47,0.198
5306,306,6,8.355,122.0,52,0.483
5307,307,6,17.436,123.0,51,0.602
5308,308,6,24.737,131.0,51,0.037
5309,309,6,17.46835977908302,126.0,39,1.842
5310,310,6,16.085,99.0,56,0.035
5311,311,6,18.929,100.0,47,0.151
5312,312,6,17.46835977908302,105.0,42,0.014
5313,313,6,12.795,166.0,54,0.119
5314,314,6,18.33,143.0,43,1.02
5315,315,6,20.89,157.0,38,1.276
5316,316,6,15.389,100.0,50,0.108
5317,317,6,17.46835977908302,123.0,43,1.61
5318,318,6,15.945,135.0,56,0.216
5319,319,6,12.748,107.0,52,1.381
5320,320,6,23.25,129.0,32,0.014
5321,321,6,14.323,140.0,59,0.195
5322,322,6,13.532,125.0,53,0.75
5323,323,6,8.478,140.0,54,0.068
5324,324,6,16.6,103.0,50,0.042
5325,325,6,22.512,124.0,46,1.117
5326,326,6,9.866,109.0,49,0.082
5327,327,6,24.814,107.0,48,0.536
5328,328,6,11.49,114.0,53,0.679
5329,329,6,17.588,137.0,49,0.772
5330,330,6,7.488,146.0,46,0.68
5331,331,6,13.834,136.0,52,0.172
5332,332,6,32.5710026,100.0,56,2.146
5333,333,6,19.744,99.0,43,0.44
5334,334,6,22.595,114.0,59,0.051
5335,335,6,9.826,149.0,52,0.185
5336,336,6,5.89,158.0,55,0.611
5337,337,6,28.179,110.0,52,0.123
5338,338,6,16.722,126.0,52,0.685
5339,339,6,13.617,113.0,56,0.397
5340,340,6,12.694,139.0,59,0.48
5341,341,6,8.912,119.0,56,0.112
5342,342,6,30.21,124.0,60,0.013
5343,343,6,17.46835977908302,94.0,48,0.794
5344,344,6,15.416,97.0,46,0.015
5345,345,6,7.295,165.0,58,0.041
5346,346,6,16.913,116.0,47,0.029
5347,347,6,27.048,86.0,60,0.533
5348,348,6,20.746,102.0,49,0.665
5349,349,6,11.25,127.0,48,0.897
5350,350,6,11.476,112.0,54,0.554
5351,351,6,8.836,133.0,52,3.026
5352,352,6,21.607,134.0,39,0.022
5353,353,6,15.373,121.0,48,0.265
5354,354,6,18.395,126.0,62,0.121
5355,355,6,15.845,143.0,56,2.48
5356,356,6,25.282,148.0,49,0.031
5357,357,6,23.169,92.0,51,0.214
5358,358,6,12.878,133.0,53,1.207
5359,359,6,26.788,114.0,48,0.172
5360,360,6,21.871,143.0,53,0.382
5361,361,6,22.741,96.0,76,0.337
5362,362,6,20.48,91.0,57,0.15
5363,363,6,24.039,116.0,43,0.054
5364,364,6,7.82,122.0,47,0.392
5365,365,6,10.645,116.0,44,0.605
5366,366,6,20.532,116.0,49,0.799
5367,367,6,18.412,107.0,49,1.189
5368,368,6,11.111,115.0,54,0.276
5369,369,6,14.677,132.0,45,0.195
5370,370,6,14.625,125.0,44,0.403
5371,371,6,14.292,136.0,33,0.258
5372,372,6,12.282,102.0,49,0.072
5373,373,6,15.153,132.0,51,1.331
5374,374,6,11.785,142.0,55,0.158
5375,375,6,14.301,99.0,50,0.648
5376,376,6,15.018,124.0,51,0.48
5377,377,6,17.46835977908302,103.0,50,0.194
5378,378,6,17.509,146.0,48,0.289
5379,379,6,16.401,126.0,48,0.35
5380,380,6,27.274,134.0,49,1.393
5381,381,6,7.338,119.0,43,0.229
5382,382,6,8.379,111.0,56,0.122
5383,383,6,17.295,98.0,53,0.476
5384,384,6,23.116,133.0,59,0.157
5385,385,6,3.847,130.0,52,0.16
5386,386,6,17.866,97.0,47,0.118
5387,387,6,17.887,111.0,53,0.429
5388,388,6,15.366,114.0,38,0.234
5389,389,6,26.085,156.0,37,0.183
5390,390,6,11.446,114.0,51,1.187
5391,391,6,15.191,144.0,59,0.06
5392,392,6,10.307,147.0,53,0.205
5393,393,6,6.497,155.0,58,0.111
5394,394,6,11.103,142.0,40,1.165
5395,395,6,9.948,147.0,39,0.723
5396,396,6,6.4,113.0,45,0.75
5397,397,6,26.901,118.0,39,0.501
5398,398,6,11.992,112.0,38,0.181
5399,399,6,14.294,119.0,46,0.32
5400,400,6,15.939,144.0,37,0.089
5401,401,6,26.454,118.0,50,0.369
5402,402,6,27.552,107.0,35,1.232
5403,403,6,8.589,164.0,54,0.147
5404,404,6,17.815,120.0,53,0.099
5405,405,6,14.528,129.0,58,0.233
5406,406,6,11.577,126.0,54,0.694
5407,407,6,22.548,113.0,43,0.249
5408,408,6,30.395,111.0,51,0.205
5409,409,6,20.896,123.0,54,0.254
5410,410,6,31.632,120.0,59,0.592
5411,411,6,8.634,128.0,60,0.024
5412,412,6,24.372,93.0,53,0.634
5413,413,6,14.865,141.0,40,0.444
5414,414,6,27.131,96.0,50,0.702
5415,415,6,23.22,99.0,51,0.515
5416,416,6,17.46835977908302,116.0,57,0.458
5417,417,6,15.146,148.0,45,0.078
5418,418,6,9.516,159.0,53,1.227
5419,419,6,25.474,112.0,39,0.474
5420,420,6,14.328,141.0,46,0.505
5421,421,6,17.295,128.0,44,0.102
5422,422,6,14.249,113.0,53,0.826
5423,423,6,20.953,114.0,53,0.767
5424,424,6,9.313,108.0,57,0.011
5425,425,6,11.404,117.0,45,1.58
5426,426,6,27.172,149.0,49,0.353
5427,427,6,17.46835977908302,156.0,54,0.012
5428,428,6,10.72,126.0,49,0.468
5429,429,6,16.962,151.0,56,0.066
5430,430,6,28.629,128.0,60,0.339
5431,431,6,21.253,94.0,52,0.904
5432,432,6,17.873,117.0,62,0.266
5433,433,6,22.767,111.0,47,0.574
5434,434,6,23.773,132.0,46,0.436
5435,435,6,15.591,118.0,69,0.568
5436,436,6,13.852,134.0,44,0.148
5437,437,6,12.657,123.0,51,1.041
5438,438,6,11.625,138.0,61,0.248
5439,439,6,19.236,121.0,52,0.573
5440,440,6,14.01,135.0,50,0.046
5441,441,6,7.648,132.0,63,0.042
5442,442,6,11.313,137.0,45,0.003
5443,443,6,13.046,161.0,54,0.258
5444,444,6,11.942,126.0,53,0.091
5445,445,6,15.209,138.0,58,0.107
5446,446,6,28.018,129.0,49,0.548
5447,447,6,14.092,166.0,43,0.124
5448,448,6,7.614,124.0,49,0.75
5449,449,6,17.7,96.0,40,0.738
5450,450,6,20.492,105.0,52,0.517
5451,451,6,31.437,115.0,64,0.047
5452,452,6,18.879,130.0,32,1.184
5453,453,6,26.668,101.0,54,0.215
5454,454,6,21.868,105.0,46,0.747
5455,455,6,10.944,136.0,46,0.004
5456,456,6,9.201,150.0,44,2.0
5457,457,6,18.107,121.0,42,0.17
5458,458,6,13.868,100.0,45,0.16
5459,459,6,10.945,157.0,52,0.129
5460,460,6,9.848,148.0,52,0.841
5461,461,6,11.165,143.0,49,1.724
5462,462,6,19.802,107.0,50,0.046
5463,463,6,15.615,119.0,56,0.036
5464,464,6,15.626,138.0,45,0.553
5465,465,6,12.697,99.0,61,0.125
5466,466,6,24.223,115.0,60,0.038
5467,467,6,14.636,132.0,35,0.16
5468,468,6,17.202,93.0,44,0.849
5469,469,6,17.46835977908302,118.0,43,0.021
5470,470,6,19.223,124.0,49,0.106
5471,471,6,17.19,142.0,45,0.197
5472,472,6,13.295,111.0,46,0.096
5473,473,6,11.731,125.0,52,0.835
5474,474,6,8.413,166.0,52,0.033
5475,475,6,10.915,117.0,44,0.043
5476,476,6,6.269,120.0,36,1.162
5477,477,6,18.513,116.0,52,0.458
5478,478,6,29.14,129.0,47,0.571
5479,479,6,17.651,119.0,54,0.245
5480,480,6,13.251,130.0,63,3.119
5481,481,6,12.243,117.0,72,0.102
5482,482,6,20.677,134.0,57,0.519
5483,483,6,30.373,113.0,54,0.036
5484,484,6,29.881,94.0,49,0.383
5485,485,6,5.597,151.0,44,0.043
5486,486,6,27.453,124.0,39,0.317
5487,487,6,6.122,125.0,50,0.102
5488,488,6,27.443,102.0,52,0.01
5489,489,6,17.46835977908302,127.0,40,0.096
5490,490,6,9.043,125.0,47,0.268
5491,491,6,13.649,129.0,42,0.476
5492,492,6,15.667,137.0,49,0.746
5493,493,6,16.685,124.0,63,1.866
5494,494,6,26.993,114.0,53,0.394
5495,495,6,10.336,145.0,48,0.601
5496,496,6,14.388,122.0,41,0.229
5497,497,6,19.045,146.0,47,0.334
5498,498,6,15.92,132.0,46,1.044
5499,499,6,11.286,121.0,55,0.128
5500,500,6,8.865,142.0,55,0.939
5501,501,6,14.955,113.0,45,0.656
5502,502,6,12.836,131.0,51,0.278
5503,503,6,3.225,89.0,50,0.29
5504,504,6,22.923,134.0,54,0.073
5505,505,6,17.16,124.0,52,0.576
5506,506,6,20.885,125.0,58,0.423
5507,507,6,21.274,149.0,52,0.675
5508,508,6,16.663,136.0,54,0.062
5509,509,6,30.605,87.0,50,0.034
5510,510,6,28.9,100.0,47,1.205
5511,511,6,28.432,128.0,49,0.261
5512,512,6,17.182,100.0,33,0.264
5513,513,6,5.892,149.0,51,0.541
5514,514,6,8.619,129.0,38,0.089
5515,515,6,31.678,89.0,55,0.004
5516,516,6,21.706,104.0,56,1.113
5517,517,6,26.751,120.0,51,0.194
5518,518,6,17.252,87.0,46,1.039
5519,519,6,14.69,136.0,41,0.557
5520,520,6,8.929,122.0,53,1.469
5521,521,6,29.839,122.0,43,0.069
5522,522,6,8.631,133.0,57,0.431
5523,523,6,16.214,94.0,42,0.428
5524,524,6,27.462,115.0,36,0.982
5525,525,6,11.359,138.0,43,0.082
5526,526,6,11.636,134.0,42,1.389
5527,527,6,12.681,116.0,58,0.782
5528,528,6,24.993,136.0,46,0.381
5529,529,6,21.668,106.0,42,0.424
5530,530,6,17.46835977908302,110.0,53,0.255
5531,531,6,5.27,141.0,41,0.22
5532,532,6,10.62,150.0,57,0.255
5533,533,6,6.614,135.0,42,0.009
5534,534,6,17.46835977908302,97.0,58,0.076
5535,535,6,22.752,135.0,47,0.334
5536,536,6,19.423,130.0,48,1.47
5537,537,6,24.178,127.0,56,0.181
5538,538,6,25.421,115.0,43,0.29
5539,539,6,18.347,163.0,50,1.236
5540,540,6,17.803,144.0,57,1.705
5541,541,6,7.858,97.0,43,0.401
5542,542,6,26.11,101.0,56,0.771
5543,543,6,12.116,133.0,49,0.233
5544,544,6,15.402,133.0,46,1.212
5545,545,6,17.406,104.0,56,0.03
5546,546,6,2.701,127.0,56,0.701
5547,547,6,10.448,136.0,56,0.341
5548,548,6,12.741,135.0,62,1.722
5549,549,6,16.095,129.0,39,0.221
5550,550,6,7.577,115.0,54,0.149
5551,551,6,13.559,129.0,47,0.338
5552,552,6,15.03,117.0,52,0.8
5553,553,6,19.757,127.0,62,0.255
5554,554,6,15.163,145.0,47,0.033
5555,555,6,6.682,107.0,42,0.197
5556,556,6,9.182,154.0,42,1.045
5557,557,6,21.536,130.0,53,1.873
5558,558,6,12.782,116.0,44,0.072
5559,559,6,17.46835977908302,135.0,46,0.226
5560,560,6,12.343,134.0,55,0.374
5561,561,6,17.46835977908302,116.0,54,1.145
5562,562,6,20.867,116.0,48,0.837
5563,563,6,4.242,159.0,44,0.138
5564,564,6,13.397,107.0,48,0.066
5565,565,6,10.942,117.0,48,0.028
5566,566,6,18.279,118.0,47,0.083
5567,567,6,10.912,162.0,47,0.139
5568,568,6,26.213,111.0,45,0.564
5569,569,6,17.46835977908302,133.0,55,0.095
5570,570,6,13.636,100.0,58,0.036
5571,571,6,16.144,106.0,51,0.425
5572,572,6,11.844,159.0,37,0.122
5573,573,6,13.205,91.0,44,0.441
5574,574,6,14.3,118.0,50,0.321
5575,575,6,12.421,133.0,54,0.175
5576,576,6,13.897,127.0,61,0.548
5577,577,6,12.433,111.0,42,0.077
5578,578,6,29.062,117.0,46,1.221
5579,579,6,26.435,111.0,51,0.625
5580,580,6,16.105,142.0,43,0.699
5581,581,6,18.367,119.0,43,0.994
5582,582,6,28.332,98.0,53,0.827
5583,583,6,14.428,127.0,37,0.225
5584,584,6,22.662,123.0,51,0.456
5585,585,6,23.591,137.0,51,0.162
5586,586,6,9.889,108.0,49,0.306
5587,587,6,15.273,131.0,58,0.27
5588,588,6,13.062,147.0,45,1.05
5589,589,6,24.777,130.0,47,0.831
5590,590,6,18.091,150.0,52,3.349
5591,591,6,24.742,166.0,46,1.507
5592,592,6,9.964,138.0,49,0.735
5593,593,6,16.137,100.0,60,0.501
5594,594,6,18.984,131.0,53,1.399
5595,595,6,10.017,147.0,47,0.376
5596,596,6,13.112,128.0,53,0.376
5597,597,6,22.126,99.0,42,0.41
5598,598,6,11.347,151.0,50,0.075
5599,599,6,27.31,96.0,46,0.373
5600,600,6,20.562,130.0,44,0.25
5601,601,6,13.222,144.0,57,0.167
5602,602,6,32.5710026,102.0,57,0.41
5603,603,6,10.981,158.0,64,1.62
5604,604,6,13.444,93.0,48,0.164
5605,605,6,17.162,151.0,42,0.297
5606,606,6,11.176,127.0,43,1.668
5607,607,6,20.595,97.0,58,0.922
5608,608,6,15.877,118.0,48,0.166
5609,609,6,17.108,108.0,41,0.178
5610,610,6,31.479,113.0,43,1.044
5611,611,6,10.446,138.0,61,1.287
5612,612,6,20.013,105.0,54,0.14
5613,613,6,22.883,139.0,43,0.509
5614,614,6,10.143,163.0,41,0.186
5615,615,6,11.638,117.0,50,0.58
5616,616,6,15.033,145.0,52,0.334
5617,617,6,10.001,105.0,57,0.929
5618,618,6,8.243,134.0,54,0.3
5619,619,6,26.92,112.0,51,0.224
5620,620,6,9.284,106.0,52,0.012
5621,621,6,21.403,127.0,57,3.409
5622,622,6,14.666,123.0,46,0.121
5623,623,6,15.495,166.0,43,0.17
5624,624,6,18.393,152.0,62,0.199
5625,625,6,13.989,131.0,39,0.4
5626,626,6,18.81,163.0,46,0.245
5627,627,6,23.667,125.0,46,0.567
5628,628,6,12.282,133.0,42,0.527
5629,629,6,15.349,124.0,48,0.129
5630,630,6,15.52,152.0,43,0.064
5631,631,6,17.46835977908302,136.0,48,0.203
5632,632,6,16.998,131.0,35,1.12
5633,633,6,20.369,103.0,44,0.098
5634,634,6,17.44,117.0,51,0.876
5635,635,6,11.047,103.0,50,0.319
5636,636,6,2.375,122.0,35,0.443
5637,637,6,21.169,126.0,46,0.024
5638,638,6,7.086,130.0,56,0.056
5639,639,6,14.414,106.0,49,0.311
5640,640,6,18.573,92.0,55,0.124
5641,641,6,32.5710026,139.0,53,0.163
5642,642,6,18.18,114.0,51,0.018
5643,643,6,11.175,99.0,47,0.529
5644,644,6,16.021,156.0,54,0.113
5645,645,6,19.244,123.0,46,0.442
5646,646,6,20.026,131.0,36,0.733
5647,647,6,17.46835977908302,120.0,45,0.199
5648,648,6,10.121,127.0,65,0.045
5649,649,6,19.998,119.0,63,0.214
5650,650,6,17.457,128.0,51,0.977
5651,651,6,7.531,155.0,48,0.269
5652,652,6,12.897,97.0,53,0.958
5653,653,6,16.275,111.0,55,0.203
5654,654,6,23.795,146.0,56,0.406
5655,655,6,9.865,148.0,50,0.083
5656,656,6,16.872,104.0,50,0.342
5657,657,6,32.231,114.0,53,0.52
5658,658,6,22.391,144.0,45,0.068
5659,659,6,15.744,130.0,64,0.567
5660,660,6,14.959,127.0,50,0.035
5661,661,6,12.689,110.0,48,0.303
5662,662,6,30.311,108.0,41,0.304
5663,663,6,10.329,116.0,49,0.474
5664,664,6,19.9,98.0,50,0.08
5665,665,6,15.228,125.0,46,0.147
5666,666,6,21.763,106.0,48,0.279
5667,667,6,15.751,116.0,49,0.901
5668,668,6,19.686,123.0,54,0.215
5669,669,6,12.517,102.0,56,0.987
5670,670,6,25.47,102.0,55,0.118
5671,671,6,9.448,91.0,67,0.163
5672,672,6,28.2,107.0,45,0.105
5673,673,6,17.46835977908302,120.0,50,0.393
5674,674,6,15.759,153.0,52,0.034
5675,675,6,19.963,133.0,54,0.156
5676,676,6,12.413,85.0,40,0.03
5677,677,6,14.026,133.0,41,0.077
5678,678,6,17.893,136.0,49,0.337
5679,679,6,32.5710026,83.0,60,0.957
5680,680,6,20.661,110.0,54,0.15
5681,681,6,20.311,79.0,63,0.054
5682,682,6,14.515,120.0,50,0.947
5683,683,6,5.595,129.0,49,0.143
5684,684,6,18.622,102.0,39,0.159
5685,685,6,18.936,143.0,61,0.877
5686,686,6,16.802,151.0,45,0.384
5687,687,6,24.434,113.0,62,0.847
5688,688,6,17.46835977908302,124.0,61,0.154
5689,689,6,8.214,120.0,51,0.198
5690,690,6,16.915,129.0,45,0.651
5691,691,6,13.931,108.0,60,0.276
5692,692,6,17.46835977908302,104.0,54,0.179
5693,693,6,16.924,116.0,49,0.063
5694,694,6,16.113,135.0,45,0.976
5695,695,6,6.457,133.0,50,0.096
5696,696,6,16.31,100.0,57,0.233
5697,697,6,10.432,108.0,53,0.172
5698,698,6,23.571,134.0,59,2.027
5699,699,6,20.631,119.0,51,0.228
5700,700,6,11.961,140.0,40,0.016
5701,701,6,12.125,122.0,48,0.043
5702,702,6,3.799,162.0,57,0.129
5703,703,6,25.545,124.0,52,0.016
5704,704,6,8.54,113.0,45,0.078
5705,705,6,9.818,125.0,47,0.052
5706,706,6,14.871,143.0,39,0.431
5707,707,6,10.431,153.0,37,0.045
5708,708,6,16.074,137.0,54,0.55
5709,709,6,11.609,117.0,45,0.234
5710,710,6,12.294,160.0,53,0.325
5711,711,6,15.469,135.0,53,0.727
5712,712,6,25.593,116.0,43,0.382
5713,713,6,9.169,140.0,46,0.938
5714,714,6,16.54,113.0,55,0.223
5715,715,6,13.749,119.0,46,0.082
5716,716,6,17.937,107.0,48,1.028
5717,717,6,9.997,101.0,47,0.114
5718,718,6,12.214,120.0,49,1.166
5719,719,6,14.07,112.0,57,0.27
5720,720,6,11.538,104.0,54,0.183
5721,721,6,31.646,143.0,45,0.647
5722,722,6,17.46835977908302,125.0,44,0.12
5723,723,6,14.052,103.0,55,0.6
5724,724,6,19.181,105.0,54,0.1
5725,725,6,12.858,128.0,37,0.117
5726,726,6,26.802,166.0,44,0.021
5727,727,6,16.717,117.0,45,0.331
5728,728,6,30.087,102.0,66,0.371
5729,729,6,28.91,112.0,54,0.188
5730,730,6,4.142,145.0,60,1.124
5731,731,6,15.8,120.0,55,0.706
5732,732,6,17.46835977908302,123.0,77,1.058
5733,733,6,14.643,140.0,44,0.488
5734,734,6,28.261,97.0,57,0.591
5735,735,6,6.933,128.0,48,0.453
5736,736,6,13.902,99.0,56,1.155
5737,737,6,17.665,136.0,50,0.514
5738,738,6,16.115,120.0,50,0.279
5739,739,6,10.819,120.0,43,0.526
5740,740,6,18.755,123.0,42,0.474
5741,741,6,13.089,102.0,48,0.717
5742,742,6,26.152,149.0,60,0.5
5743,743,6,11.308,148.0,65,0.216
5744,744,6,12.454,113.0,41,0.003
5745,745,6,17.46835977908302,136.0,50,0.039
5746,746,6,26.01,98.0,48,0.353
5747,747,6,17.138,89.0,50,0.033
5748,748,6,14.53,127.0,46,0.242
5749,749,6,17.911,133.0,52,0.491
5750,750,6,18.741,98.0,44,0.87
5751,751,6,12.311,166.0,54,0.061
5752,752,6,11.708,95.0,55,0.117
5753,753,6,21.311,134.0,56,0.173
5754,754,6,15.435,112.0,49,0.161
5755,755,6,23.194,129.0,50,0.438
5756,756,6,20.183,166.0,50,0.269
5757,757,6,12.96,94.0,62,1.152
5758,758,6,26.611,118.0,55,1.259
5759,759,6,28.778,102.0,60,0.764
5760,760,6,18.29,83.0,41,0.195
5761,761,6,18.117,131.0,42,1.101
5762,762,6,17.106,110.0,46,0.563
5763,763,6,18.728,108.0,57,0.149
5764,764,6,24.799,118.0,61,0.193
5765,765,6,19.06,121.0,43,0.597
5766,766,6,13.975,125.0,49,1.186
5767,767,6,6.765,117.0,38,0.24
5768,768,6,14.962,138.0,42,0.199
5769,769,6,8.627,142.0,46,0.256
5770,770,6,11.327,114.0,60,0.173
5771,771,6,22.452,107.0,60,0.048
5772,772,6,17.141,109.0,46,1.266
5773,773,6,9.587,159.0,52,0.077
5774,774,6,12.12,132.0,40,0.08
5775,775,6,12.414,154.0,58,0.338
5776,776,6,21.283,143.0,58,0.075
5777,777,6,24.045,105.0,57,0.214
5778,778,6,26.44,120.0,54,1.225
5779,779,6,12.575,128.0,54,0.151
5780,780,6,13.421,107.0,46,0.573
5781,781,6,12.938,126.0,51,0.427
5782,782,6,14.424,139.0,51,0.063
5783,783,6,28.341,104.0,52,0.239
5784,784,6,11.215,127.0,63,0.537
5785,785,6,7.946,127.0,60,0.351
5786,786,6,17.558,110.0,38,0.008
5787,787,6,17.46835977908302,146.0,54,0.533
5788,788,6,24.339,135.0,54,0.048
5789,789,6,12.939,131.0,53,0.092
5790,790,6,21.29,128.0,38,0.379
5791,791,6,18.707,116.0,49,0.43
5792,792,6,21.715,130.0,58,0.542
5793,793,6,10.881,129.0,53,1.051
5794,794,6,21.229,132.0,42,0.358
5795,795,6,24.172,95.0,48,0.597
5796,796,6,22.175,147.0,46,1.394
5797,797,6,13.206,112.0,54,0.185
5798,798,6,14.677,138.0,51,0.842
5799,799,6,25.913,107.0,56,1.24
5800,800,6,6.466,131.0,49,0.254
5801,801,6,10.745,165.0,57,0.262
5802,802,6,8.511,134.0,49,1.984
5803,803,6,12.573,137.0,48,0.018
5804,804,6,16.317,122.0,53,0.108
5805,805,6,12.222,124.0,60,0.078
5806,806,6,18.032,109.0,49,0.324
5807,807,6,19.376,138.0,55,0.141
5808,808,6,22.467,122.0,49,0.14
5809,809,6,17.46835977908302,141.0,56,0.643
5810,810,6,17.916,109.0,45,0.72
5811,811,6,12.366,100.0,41,0.392
5812,812,6,17.537,112.0,45,0.229
5813,813,6,21.837,117.0,45,0.247
5814,814,6,10.076,144.0,46,0.433
5815,815,6,18.66,117.0,43,0.053
5816,816,6,8.164,138.0,44,1.015
5817,817,6,16.452,102.0,53,0.126
5818,818,6,31.03,136.0,48,0.618
5819,819,6,20.403,137.0,64,0.308
5820,820,6,32.5710026,129.0,38,0.026
5821,821,6,11.369,139.0,55,0.214
5822,822,6,14.097,130.0,56,0.176
5823,823,6,14.861,140.0,41,0.009
5824,824,6,25.569,124.0,60,0.034
5825,825,6,13.592,106.0,52,1.092
5826,826,6,30.748,145.0,52,0.173
5827,827,6,13.585,124.0,45,0.149
5828,828,6,17.894,132.0,53,0.609
5829,829,6,30.377,105.0,52,0.316
5830,830,6,31.303,149.0,53,0.174
5831,831,6,22.449,112.0,47,0.026
5832,832,6,14.899,126.0,50,0.07
5833,833,6,29.485,127.0,40,0.143
5834,834,6,10.356,128.0,58,0.095
5835,835,6,21.018,125.0,37,1.106
5836,836,6,18.274,126.0,58,0.582
5837,837,6,15.039,140.0,52,0.223
5838,838,6,5.371,101.0,44,0.593
5839,839,6,19.006,122.0,48,1.58
5840,840,6,17.46835977908302,108.0,55,0.537
5841,841,6,22.309,120.0,43,0.458
5842,842,6,15.466,143.0,40,0.073
5843,843,6,25.902,123.0,53,0.564
5844,844,6,14.875,136.0,69,0.41
5845,845,6,32.043,95.0,64,0.059
5846,846,6,13.404,136.0,63,0.209
5847,847,6,13.311,119.0,53,0.446
5848,848,6,12.785,164.0,52,0.192
5849,849,6,16.971,87.0,58,0.061
5850,850,6,17.165,113.0,48,0.414
5851,851,6,27.551,125.0,50,0.336
5852,852,6,7.35,156.0,44,0.283
5853,853,6,14.877,166.0,51,0.026
5854,854,6,6.322,119.0,53,0.447
5855,855,6,26.922,144.0,43,0.004
5856,856,6,5.952,123.0,42,0.212
5857,857,6,17.011,148.0,56,0.498
5858,858,6,24.814,103.0,45,0.703
5859,859,6,12.257,97.0,57,0.235
5860,860,6,10.921,94.0,56,0.461
5861,861,6,19.581,108.0,37,0.177
5862,862,6,17.374,98.0,51,0.075
5863,863,6,7.876,130.0,46,0.255
5864,864,6,17.46835977908302,146.0,52,0.214
5865,865,6,13.22,138.0,58,0.572
5866,866,6,15.705,122.0,54,0.343
5867,867,6,14.077,112.0,44,0.216
5868,868,6,16.239,142.0,51,0.123
5869,869,6,6.984,137.0,42,0.207
5870,870,6,19.323,114.0,56,0.278
5871,871,6,15.568,156.0,38,0.207
5872,872,6,16.26,154.0,40,0.178
5873,873,6,8.281,141.0,58,0.152
5874,874,6,4.449,107.0,50,0.2
5875,875,6,13.413,156.0,42,0.794
5876,876,6,15.946,149.0,57,0.701
5877,877,6,7.826,135.0,59,0.341
5878,878,6,24.747,122.0,61,0.03
5879,879,6,11.325,140.0,43,0.802
5880,880,6,7.744,163.0,72,1.467
5881,881,6,23.684,86.0,39,0.18
5882,882,6,29.668,115.0,51,2.059
5883,883,6,5.519,156.0,43,0.2
5884,884,6,21.426,144.0,55,0.537
5885,885,6,19.436,154.0,50,0.271
5886,886,6,21.456,104.0,53,0.073
5887,887,6,17.46835977908302,122.0,56,0.405
5888,888,6,17.46835977908302,98.0,58,0.013
5889,889,6,15.537,116.0,49,0.329
5890,890,6,25.204,136.0,48,0.139
5891,891,6,7.497,146.0,49,0.617
5892,892,6,19.695,114.0,52,0.543
5893,893,6,16.134,129.0,53,0.015
5894,894,6,29.816,123.0,48,0.301
5895,895,6,14.498,132.0,45,0.758
5896,896,6,14.951,106.0,49,0.378
5897,897,6,17.46835977908302,111.0,47,0.613
5898,898,6,16.78,103.0,38,0.741
5899,899,6,14.016,124.0,45,0.685
5900,900,6,8.044,152.0,52,0.009
5901,901,6,17.552,128.0,47,0.268
5902,902,6,18.447,97.0,50,0.186
5903,903,6,29.891,118.0,53,0.498
5904,904,6,10.261,120.0,37,0.211
5905,905,6,10.241,134.0,46,0.175
5906,906,6,29.169,166.0,42,0.507
5907,907,6,14.551,115.0,51,0.626
5908,908,6,28.142,104.0,47,0.479
5909,909,6,13.896,156.0,48,0.577
5910,910,6,22.315,118.0,45,1.137
5911,911,6,21.467,114.0,39,0.528
5912,912,6,32.238,126.0,46,1.286
5913,913,6,11.984,123.0,79,0.06
5914,914,6,27.35,112.0,44,0.392
5915,915,6,22.692,104.0,60,0.076
5916,916,6,6.205,166.0,48,0.238
5917,917,6,21.109,116.0,49,0.863
5918,918,6,18.348,133.0,55,0.238
5919,919,6,17.46835977908302,126.0,56,1.085
5920,920,6,17.235,128.0,40,0.039
5921,921,6,10.063,152.0,54,0.243
5922,922,6,9.104,134.0,45,0.269
5923,923,6,13.99,129.0,34,0.035
5924,924,6,15.452,152.0,48,1.107
5925,925,6,13.38,110.0,62,0.777
5926,926,6,13.185,139.0,45,0.613
5927,927,6,14.544,123.0,51,0.776
5928,928,6,13.979,127.0,55,2.585
5929,929,6,19.943,132.0,57,0.166
5930,930,6,29.864,142.0,44,0.024
5931,931,6,17.098,124.0,58,0.401
5932,932,6,19.379,98.0,63,0.243
5933,933,6,15.917,102.0,62,0.459
5934,934,6,13.948,133.0,43,0.029
5935,935,6,10.197,142.0,43,2.258
5936,936,6,23.747,133.0,53,0.875
5937,937,6,23.872,128.0,63,0.827
5938,938,6,7.653,133.0,46,0.277
5939,939,6,17.079,143.0,47,0.031
5940,940,6,17.46835977908302,157.0,53,1.017
5941,941,6,16.947,110.0,39,0.619
5942,942,6,10.36,121.0,47,0.812
5943,943,6,14.512,133.0,57,0.33
5944,944,6,12.475,119.0,55,0.218
5945,945,6,27.193,132.0,40,0.497
5946,946,6,9.71,107.0,54,0.039
5947,947,6,10.568,158.0,50,0.013
5948,948,6,24.692,131.0,47,0.717
5949,949,6,10.926,129.0,51,0.815
5950,950,6,21.588,134.0,57,0.345
5951,951,6,8.672,134.0,58,0.223
5952,952,6,13.78,118.0,51,0.867
5953,953,6,17.46835977908302,130.0,58,0.028
5954,954,6,21.687,106.0,41,0.184
5955,955,6,6.93,149.0,58,0.776
5956,956,6,12.45,113.0,31,0.479
5957,957,6,18.402,151.0,56,0.158
5958,958,6,21.455,108.0,52,3.351
5959,959,6,32.5710026,121.0,51,0.065
5960,960,6,18.052,125.0,56,0.735
5961,961,6,7.234,132.0,59,0.374
5962,962,6,15.28,120.0,42,0.245
5963,963,6,24.249,117.0,53,0.054
5964,964,6,29.788,130.0,50,0.076
5965,965,6,17.146,118.0,43,0.234
5966,966,6,13.616,142.0,36,0.068
5967,967,6,10.786,128.0,44,0.871
5968,968,6,20.09,119.0,52,0.494
5969,969,6,16.184,105.0,55,0.583
5970,970,6,5.873,134.0,57,1.465
5971,971,6,19.389,136.0,41,0.462
5972,972,6,23.122,122.0,37,0.072
5973,973,6,6.057,135.0,57,0.313
5974,974,6,21.156,131.0,52,0.077
5975,975,6,17.46835977908302,118.0,47,0.581
5976,976,6,28.72,112.0,59,0.491
5977,977,6,9.414,132.0,47,0.141
5978,978,6,22.405,164.0,48,0.309
5979,979,6,14.2,134.0,39,0.021
5980,980,6,14.548,158.0,42,0.541
5981,981,6,6.809,140.0,47,0.368
5982,982,6,4.992,124.0,56,0.113
5983,983,6,23.989,128.0,58,0.435
5984,984,6,13.794,150.0,57,0.521
5985,985,6,26.088,111.0,45,0.241
5986,986,6,18.995,127.0,67,0.036
5987,987,6,14.904,119.0,45,0.04
5988,988,6,7.236,138.0,48,0.182
5989,989,6,12.168,166.0,39,0.993
5990,990,6,24.371,157.0,50,0.799
5991,991,6,17.889,108.0,39,0.0
5992,992,6,22.714,104.0,48,0.053
5993,993,6,7.595,159.0,46,1.081
5994,994,6,12.515,105.0,54,0.193
5995,995,6,17.251,133.0,58,0.773
5996,996,6,15.802,143.0,49,0.285
5997,997,6,22.178,102.0,62,0.18
5998,998,6,24.16,142.0,51,0.615
5999,999,6,10.143,161.0,58,0.074
6000,1000,6,16.373,138.0,52,0.187
6001,1,7,17.46835977908302,119.0,50,0.725
6002,2,7,3.344,121.0,52,0.549
6003,3,7,5.645,147.0,46,0.093
6004,4,7,12.389,106.0,51,0.196
6005,5,7,24.216,123.0,41,0.259
6006,6,7,17.46835977908302,121.0,64,0.459
6007,7,7,26.145,127.0,37,0.206
6008,8,7,18.532,100.0,43,0.59
6009,9,7,14.057,148.0,49,0.472
6010,10,7,21.017,155.0,56,0.962
6011,11,7,11.865,116.0,52,0.814
6012,12,7,25.27,90.0,42,1.657
6013,13,7,23.769,128.0,53,1.159
6014,14,7,16.691,158.0,43,0.397
6015,15,7,17.46835977908302,119.0,47,0.145
6016,16,7,24.437,116.0,55,0.288
6017,17,7,18.073,123.0,43,0.424
6018,18,7,17.46835977908302,136.0,39,0.261
6019,19,7,8.148,159.0,56,0.007
6020,20,7,31.393,90.0,49,0.029
6021,21,7,11.705,112.0,38,0.075
6022,22,7,14.366,109.0,44,0.351
6023,23,7,24.134,108.0,52,0.082
6024,24,7,13.619,97.0,56,0.106
6025,25,7,19.683,131.0,52,0.849
6026,26,7,13.426,134.0,50,0.179
6027,27,7,14.215,118.0,56,2.035
6028,28,7,19.278,126.0,56,0.093
6029,29,7,11.364,118.0,40,0.037
6030,30,7,11.547,134.0,55,0.269
6031,31,7,21.419,124.0,53,0.534
6032,32,7,11.793,136.0,40,0.177
6033,33,7,11.304,103.0,53,1.706
6034,34,7,13.273,153.0,56,0.567
6035,35,7,23.622,120.0,34,1.892
6036,36,7,23.716,133.0,42,1.138
6037,37,7,11.295,119.0,40,0.011
6038,38,7,25.357,126.0,58,0.856
6039,39,7,14.838,105.0,47,0.073
6040,40,7,19.8,122.0,48,1.315
6041,41,7,26.635,142.0,49,0.485
6042,42,7,13.484,124.0,54,0.075
6043,43,7,11.842,90.0,52,0.86
6044,44,7,12.718,113.0,45,0.842
6045,45,7,23.12,98.0,35,0.542
6046,46,7,25.955,127.0,49,0.216
6047,47,7,18.865,143.0,43,0.872
6048,48,7,16.98,130.0,46,0.193
6049,49,7,6.297,129.0,53,0.061
6050,50,7,8.076,166.0,42,0.188
6051,51,7,13.873,133.0,54,0.36
6052,52,7,9.858,153.0,46,1.668
6053,53,7,16.389,121.0,49,0.313
6054,54,7,10.712,112.0,51,1.01
6055,55,7,17.102,132.0,55,0.5
6056,56,7,15.527,129.0,56,0.302
6057,57,7,16.992,113.0,53,0.007
6058,58,7,8.001,166.0,47,0.73
6059,59,7,18.602,143.0,57,0.158
6060,60,7,8.682,98.0,45,0.654
6061,61,7,24.802,111.0,47,0.285
6062,62,7,22.53,116.0,62,0.411
6063,63,7,29.324,109.0,50,0.598
6064,64,7,10.485,107.0,51,1.06
6065,65,7,13.511,109.0,57,0.538
6066,66,7,29.286,95.0,60,0.331
6067,67,7,7.105,144.0,42,0.22
6068,68,7,9.96,90.0,44,0.368
6069,69,7,17.7,127.0,56,0.09
6070,70,7,6.461,111.0,52,0.484
6071,71,7,23.091,124.0,61,0.056
6072,72,7,25.277,136.0,59,0.909
6073,73,7,17.46835977908302,133.0,53,0.17
6074,74,7,17.46835977908302,104.0,49,0.731
6075,75,7,26.631,144.0,43,0.152
6076,76,7,17.46835977908302,115.0,53,0.191
6077,77,7,5.033,109.0,50,0.335
6078,78,7,18.219,118.0,55,0.83
6079,79,7,15.403,140.0,43,0.054
6080,80,7,14.334,114.0,52,0.02
6081,81,7,19.038,110.0,64,1.382
6082,82,7,17.123,113.0,51,0.617
6083,83,7,19.703,124.0,47,0.161
6084,84,7,7.774,116.0,52,0.968
6085,85,7,8.818,120.0,41,0.764
6086,86,7,18.375,127.0,50,0.261
6087,87,7,12.075,153.0,59,0.242
6088,88,7,12.203,117.0,45,0.103
6089,89,7,20.257,147.0,54,0.002
6090,90,7,17.983,140.0,44,0.099
6091,91,7,17.545,108.0,54,0.043
6092,92,7,13.017,139.0,55,0.013
6093,93,7,19.654,121.0,43,0.801
6094,94,7,15.314,106.0,53,0.532
6095,95,7,14.325,150.0,55,0.381
6096,96,7,12.382,150.0,39,0.512
6097,97,7,14.213,166.0,53,0.214
6098,98,7,14.65,143.0,54,0.232
6099,99,7,31.356,113.0,58,0.099
6100,100,7,26.847,113.0,50,0.018
6101,101,7,8.792,122.0,55,0.169
6102,102,7,15.605,132.0,42,0.146
6103,103,7,1.189,117.0,42,0.007
6104,104,7,21.388,140.0,59,0.467
6105,105,7,25.663,109.0,58,0.053
6106,106,7,13.103,117.0,50,0.013
6107,107,7,10.441,166.0,59,0.28
6108,108,7,19.408,113.0,42,0.533
6109,109,7,27.514,108.0,43,0.166
6110,110,7,11.45,148.0,43,1.056
6111,111,7,14.368,120.0,44,0.016
6112,112,7,10.153,116.0,50,0.643
6113,113,7,13.284,140.0,59,0.321
6114,114,7,11.857,123.0,45,0.609
6115,115,7,25.164,119.0,51,0.212
6116,116,7,16.408,100.0,54,1.035
6117,117,7,8.266,128.0,56,0.083
6118,118,7,14.038,127.0,45,0.026
6119,119,7,12.892,118.0,49,0.095
6120,120,7,7.409,133.0,60,0.335
6121,121,7,8.195,140.0,42,0.058
6122,122,7,17.46835977908302,134.0,43,0.197
6123,123,7,14.22,105.0,51,0.139
6124,124,7,22.474,119.0,59,0.065
6125,125,7,16.724,106.0,49,0.062
6126,126,7,12.933,144.0,35,0.027
6127,127,7,28.702,113.0,54,0.174
6128,128,7,23.703,116.0,39,0.244
6129,129,7,17.575,139.0,44,0.03
6130,130,7,6.833,130.0,40,0.893
6131,131,7,15.37,105.0,51,0.291
6132,132,7,26.199,126.0,59,0.177
6133,133,7,13.249,108.0,49,0.095
6134,134,7,1.488,136.0,56,1.698
6135,135,7,13.144,134.0,49,0.185
6136,136,7,14.446,164.0,48,0.228
6137,137,7,7.771,138.0,46,2.66
6138,138,7,5.899,126.0,57,0.418
6139,139,7,11.61,131.0,40,0.59
6140,140,7,29.178,106.0,66,0.13
6141,141,7,14.266,129.0,53,0.431
6142,142,7,18.524,136.0,57,0.453
6143,143,7,14.284,120.0,46,0.529
6144,144,7,15.321,99.0,69,0.343
6145,145,7,29.158,141.0,41,0.538
6146,146,7,29.084,132.0,54,0.121
6147,147,7,28.764,142.0,50,0.362
6148,148,7,22.163,160.0,47,0.954
6149,149,7,12.886,119.0,62,0.372
6150,150,7,12.714,141.0,60,0.589
6151,151,7,9.691,122.0,40,0.39
6152,152,7,21.417,111.0,48,1.248
6153,153,7,30.894,125.0,53,1.298
6154,154,7,27.785,119.0,62,1.667
6155,155,7,26.5,162.0,37,1.867
6156,156,7,20.774,101.0,64,0.013
6157,157,7,9.681,129.0,51,0.213
6158,158,7,6.476,138.0,50,0.147
6159,159,7,14.492,136.0,62,1.365
6160,160,7,22.727,132.0,53,0.29
6161,161,7,12.313,146.0,48,0.631
6162,162,7,32.5710026,97.0,41,0.997
6163,163,7,17.325,106.0,50,0.077
6164,164,7,10.846,137.0,50,0.238
6165,165,7,25.347,150.0,50,0.307
6166,166,7,14.916,141.0,49,0.032
6167,167,7,19.008,106.0,48,0.759
6168,168,7,17.224,114.0,57,0.04
6169,169,7,10.134,125.0,49,0.005
6170,170,7,7.862,143.0,55,1.494
6171,171,7,21.549,121.0,50,0.207
6172,172,7,10.14,130.0,48,0.394
6173,173,7,22.907,139.0,46,0.35
6174,174,7,23.837,160.0,50,0.774
6175,175,7,14.886,137.0,71,1.5
6176,176,7,30.69,110.0,40,0.817
6177,177,7,17.46835977908302,118.0,52,0.134
6178,178,7,10.644,119.0,37,0.212
6179,179,7,16.72,130.0,44,0.004
6180,180,7,25.669,117.0,51,0.119
6181,181,7,30.803,118.0,54,0.105
6182,182,7,25.88,126.0,51,0.422
6183,183,7,17.045,138.0,53,0.018
6184,184,7,9.623,110.0,52,1.223
6185,185,7,19.871,115.0,57,1.403
6186,186,7,17.46835977908302,111.0,51,0.301
6187,187,7,12.818,160.0,56,0.249
6188,188,7,5.889,107.0,55,0.927
6189,189,7,17.76,113.0,48,0.399
6190,190,7,21.073,116.0,55,0.661
6191,191,7,24.374,136.0,43,0.056
6192,192,7,15.445,142.0,56,0.327
6193,193,7,4.151,136.0,61,2.073
6194,194,7,22.362,131.0,55,1.018
6195,195,7,16.927,150.0,46,0.185
6196,196,7,15.434,118.0,38,0.142
6197,197,7,16.004,113.0,51,0.466
6198,198,7,26.78,104.0,64,0.913
6199,199,7,15.371,134.0,45,0.162
6200,200,7,13.157,137.0,55,0.596
6201,201,7,14.091,122.0,52,0.061
6202,202,7,17.282,134.0,61,0.636
6203,203,7,16.592,166.0,64,0.335
6204,204,7,9.603,96.0,51,0.364
6205,205,7,27.075,84.0,64,0.581
6206,206,7,19.931,140.0,51,1.072
6207,207,7,10.706,112.0,41,0.706
6208,208,7,10.596,113.0,46,0.908
6209,209,7,3.38,143.0,43,0.702
6210,210,7,16.295,109.0,56,2.272
6211,211,7,17.38,136.0,49,1.019
6212,212,7,7.296,150.0,54,0.12
6213,213,7,13.816,101.0,47,0.73
6214,214,7,26.394,104.0,52,0.02
6215,215,7,20.691,118.0,57,0.571
6216,216,7,28.678,123.0,55,0.573
6217,217,7,14.137,105.0,49,0.753
6218,218,7,19.591,156.0,42,0.358
6219,219,7,18.746,104.0,40,0.293
6220,220,7,17.46835977908302,104.0,49,0.414
6221,221,7,10.214,114.0,35,0.475
6222,222,7,13.677,118.0,36,0.147
6223,223,7,10.396,114.0,47,0.11
6224,224,7,16.456,113.0,39,1.129
6225,225,7,12.029,123.0,52,0.18
6226,226,7,19.499,125.0,46,1.115
6227,227,7,13.491,162.0,43,0.33
6228,228,7,23.744,113.0,59,2.901
6229,229,7,13.349,101.0,56,0.289
6230,230,7,13.627,104.0,73,0.301
6231,231,7,20.02,114.0,41,0.377
6232,232,7,13.882,136.0,54,0.37
6233,233,7,15.321,161.0,56,0.909
6234,234,7,13.283,107.0,44,0.076
6235,235,7,22.679,133.0,40,0.54
6236,236,7,13.171,115.0,49,0.408
6237,237,7,16.769,131.0,41,0.184
6238,238,7,25.329,134.0,42,0.616
6239,239,7,17.694,90.0,63,0.491
6240,240,7,15.249,154.0,50,0.125
6241,241,7,14.449,150.0,64,0.351
6242,242,7,15.307,113.0,41,0.565
6243,243,7,23.176,130.0,49,0.289
6244,244,7,18.016,114.0,43,0.117
6245,245,7,12.88,102.0,44,0.144
6246,246,7,17.967,128.0,49,0.454
6247,247,7,19.15,152.0,58,0.786
6248,248,7,19.673,107.0,58,0.069
6249,249,7,28.706,111.0,52,0.458
6250,250,7,6.555,113.0,53,1.124
6251,251,7,11.451,94.0,45,0.822
6252,252,7,17.648,107.0,40,0.414
6253,253,7,15.916,131.0,53,0.357
6254,254,7,16.782,126.0,54,0.693
6255,255,7,15.894,123.0,41,1.485
6256,256,7,7.468,166.0,47,0.075
6257,257,7,14.301,148.0,56,0.348
6258,258,7,31.79,105.0,64,0.275
6259,259,7,26.944,131.0,65,0.24
6260,260,7,1.914,145.0,57,0.508
6261,261,7,12.839,122.0,47,0.218
6262,262,7,22.647,130.0,78,0.599
6263,263,7,15.278,118.0,52,0.859
6264,264,7,28.065,95.0,48,0.435
6265,265,7,17.46835977908302,99.0,44,0.062
6266,266,7,24.038,123.0,37,0.728
6267,267,7,11.093,137.0,33,0.378
6268,268,7,13.372,128.0,49,0.153
6269,269,7,14.091,134.0,44,0.983
6270,270,7,10.328,104.0,43,0.648
6271,271,7,8.935,133.0,38,0.302
6272,272,7,22.717,130.0,41,0.603
6273,273,7,15.121,130.0,57,0.281
6274,274,7,16.82,110.0,45,0.447
6275,275,7,14.252,98.0,42,0.159
6276,276,7,13.438,152.0,59,1.12
6277,277,7,21.673,97.0,49,0.49
6278,278,7,17.46835977908302,123.0,38,2.49
6279,279,7,18.521,99.0,56,1.574
6280,280,7,30.648,117.0,35,1.728
6281,281,7,19.633,147.0,45,0.379
6282,282,7,19.317,107.0,38,0.082
6283,283,7,18.835,102.0,53,0.925
6284,284,7,22.371,115.0,40,0.797
6285,285,7,21.889,122.0,55,1.056
6286,286,7,28.399,114.0,49,0.398
6287,287,7,17.46835977908302,115.0,56,0.417
6288,288,7,14.717,138.0,43,0.979
6289,289,7,10.749,104.0,48,0.033
6290,290,7,13.966,135.0,50,0.141
6291,291,7,22.404,146.0,52,0.584
6292,292,7,15.82,136.0,46,0.19
6293,293,7,17.46835977908302,135.0,48,0.026
6294,294,7,19.75,96.0,42,0.059
6295,295,7,18.885,128.0,46,0.606
6296,296,7,29.469,142.0,44,0.585
6297,297,7,16.372,135.0,61,0.134
6298,298,7,15.649,136.0,33,0.544
6299,299,7,19.803,110.0,51,1.103
6300,300,7,29.875,93.0,52,0.1
6301,301,7,32.293,119.0,46,1.049
6302,302,7,17.051,138.0,63,0.025
6303,303,7,9.404,126.0,49,0.022
6304,304,7,25.489,147.0,45,0.125
6305,305,7,32.5710026,104.0,44,0.409
6306,306,7,9.201,109.0,61,0.623
6307,307,7,25.503,128.0,54,0.446
6308,308,7,27.829,107.0,57,0.378
6309,309,7,15.99,134.0,39,0.672
6310,310,7,17.25,115.0,42,0.076
6311,311,7,12.666,119.0,47,0.095
6312,312,7,23.842,101.0,58,0.823
6313,313,7,17.667,149.0,59,0.175
6314,314,7,11.076,101.0,52,1.698
6315,315,7,21.81,158.0,43,0.086
6316,316,7,6.46,110.0,46,1.2
6317,317,7,23.631,103.0,59,0.476
6318,318,7,17.956,113.0,38,0.361
6319,319,7,18.047,111.0,47,0.312
6320,320,7,23.125,140.0,37,0.75
6321,321,7,17.46835977908302,122.0,54,0.175
6322,322,7,11.715,116.0,65,0.388
6323,323,7,11.921,144.0,54,0.774
6324,324,7,18.115,89.0,46,0.022
6325,325,7,26.711,114.0,54,0.603
6326,326,7,14.572,103.0,49,1.079
6327,327,7,26.484,121.0,52,0.009
6328,328,7,12.647,114.0,54,0.324
6329,329,7,12.961,107.0,40,0.796
6330,330,7,10.996,151.0,51,1.075
6331,331,7,12.191,137.0,57,0.147
6332,332,7,24.432,108.0,51,0.242
6333,333,7,16.383,111.0,51,0.692
6334,334,7,32.057,117.0,53,1.49
6335,335,7,11.784,144.0,47,0.116
6336,336,7,13.198,137.0,51,0.28
6337,337,7,31.855,102.0,45,0.449
6338,338,7,16.077,151.0,54,0.764
6339,339,7,16.996,137.0,53,0.124
6340,340,7,8.184,146.0,56,0.184
6341,341,7,9.183,120.0,49,0.182
6342,342,7,22.484,117.0,51,0.753
6343,343,7,20.942,113.0,63,1.48
6344,344,7,21.919,115.0,57,0.128
6345,345,7,8.097,122.0,53,0.7
6346,346,7,13.801,126.0,37,1.129
6347,347,7,22.554,99.0,41,0.21
6348,348,7,27.7,124.0,44,0.17
6349,349,7,13.759,127.0,44,0.876
6350,350,7,12.224,92.0,53,0.319
6351,351,7,8.179,118.0,57,0.896
6352,352,7,23.693,154.0,51,1.676
6353,353,7,25.082,119.0,36,0.157
6354,354,7,17.0,130.0,48,0.176
6355,355,7,15.898,130.0,49,1.646
6356,356,7,23.79,122.0,43,0.551
6357,357,7,24.322,101.0,58,1.658
6358,358,7,21.078,118.0,53,0.255
6359,359,7,26.541,116.0,52,0.241
6360,360,7,26.408,135.0,56,0.092
6361,361,7,25.13,108.0,53,0.081
6362,362,7,20.224,93.0,49,1.418
6363,363,7,17.46835977908302,143.0,46,0.329
6364,364,7,14.697,138.0,40,0.602
6365,365,7,20.503,113.0,59,0.806
6366,366,7,14.094,107.0,55,0.507
6367,367,7,14.351,109.0,49,0.194
6368,368,7,21.033,88.0,47,0.062
6369,369,7,11.508,118.0,49,0.542
6370,370,7,22.073,136.0,53,0.117
6371,371,7,10.284,136.0,53,0.584
6372,372,7,17.696,100.0,60,0.094
6373,373,7,20.975,122.0,64,0.021
6374,374,7,14.581,131.0,52,0.639
6375,375,7,9.576,111.0,43,0.504
6376,376,7,15.098,133.0,51,0.947
6377,377,7,11.899,111.0,58,0.216
6378,378,7,17.95,135.0,46,1.83
6379,379,7,17.412,128.0,50,0.22
6380,380,7,24.146,144.0,54,1.97
6381,381,7,11.512,122.0,59,0.101
6382,382,7,12.604,103.0,61,0.228
6383,383,7,10.248,147.0,48,0.027
6384,384,7,28.66,110.0,53,0.704
6385,385,7,12.977,138.0,50,0.902
6386,386,7,15.671,105.0,44,0.693
6387,387,7,17.46835977908302,103.0,56,0.01
6388,388,7,15.858,108.0,54,0.89
6389,389,7,27.11,130.0,49,0.33
6390,390,7,9.498,131.0,59,0.54
6391,391,7,19.237,144.0,44,0.044
6392,392,7,17.626,143.0,61,0.06
6393,393,7,22.61,137.0,43,0.569
6394,394,7,8.562,150.0,52,0.334
6395,395,7,4.237,141.0,43,1.214
6396,396,7,10.777,116.0,54,0.673
6397,397,7,29.21,135.0,42,0.383
6398,398,7,14.848,105.0,39,0.361
6399,399,7,21.297,123.0,45,0.369
6400,400,7,10.56,128.0,50,0.179
6401,401,7,27.566,128.0,54,0.071
6402,402,7,28.276,121.0,57,0.32
6403,403,7,9.832,144.0,42,0.817
6404,404,7,16.512,151.0,39,0.562
6405,405,7,9.139,102.0,49,0.475
6406,406,7,22.578,100.0,44,0.89
6407,407,7,29.725,113.0,50,0.541
6408,408,7,21.326,113.0,45,0.373
6409,409,7,8.644,115.0,48,0.4
6410,410,7,28.358,114.0,44,0.325
6411,411,7,19.676,123.0,57,0.84
6412,412,7,12.682,93.0,41,0.339
6413,413,7,28.136,118.0,46,0.168
6414,414,7,9.351,107.0,50,1.585
6415,415,7,17.46835977908302,109.0,38,0.018
6416,416,7,13.202,100.0,47,0.008
6417,417,7,13.192,150.0,40,0.857
6418,418,7,15.109,133.0,50,0.982
6419,419,7,17.46835977908302,106.0,57,0.594
6420,420,7,11.696,149.0,43,0.294
6421,421,7,12.635,126.0,55,0.36
6422,422,7,20.746,137.0,43,1.44
6423,423,7,14.127,85.0,38,0.438
6424,424,7,8.764,115.0,46,1.723
6425,425,7,18.265,119.0,54,0.809
6426,426,7,24.612,148.0,60,0.147
6427,427,7,11.623,130.0,53,0.488
6428,428,7,14.343,131.0,49,0.045
6429,429,7,16.339,164.0,38,0.218
6430,430,7,21.11,115.0,51,0.094
6431,431,7,18.306,90.0,48,0.087
6432,432,7,16.514,127.0,56,0.51
6433,433,7,27.824,116.0,41,0.923
6434,434,7,32.5710026,110.0,49,0.716
6435,435,7,22.724,116.0,37,0.051
6436,436,7,16.132,143.0,58,0.19
6437,437,7,15.773,102.0,44,0.115
6438,438,7,15.684,141.0,34,0.59
6439,439,7,12.084,110.0,54,0.84
6440,440,7,16.261,133.0,58,0.314
6441,441,7,17.46835977908302,114.0,47,0.59
6442,442,7,26.2,107.0,41,0.222
6443,443,7,13.546,147.0,50,0.112
6444,444,7,16.36,121.0,46,0.502
6445,445,7,13.511,134.0,62,0.143
6446,446,7,21.534,138.0,51,0.085
6447,447,7,20.106,124.0,41,0.345
6448,448,7,3.203,144.0,49,0.298
6449,449,7,15.38,95.0,46,0.145
6450,450,7,22.545,116.0,56,0.165
6451,451,7,21.004,110.0,61,0.12
6452,452,7,16.6,110.0,55,0.7
6453,453,7,31.091,122.0,64,0.301
6454,454,7,23.245,97.0,40,0.666
6455,455,7,14.485,134.0,44,0.184
6456,456,7,12.585,148.0,38,0.22
6457,457,7,19.471,111.0,57,0.602
6458,458,7,20.705,103.0,49,0.147
6459,459,7,9.941,126.0,53,0.533
6460,460,7,1.4,125.0,46,0.81
6461,461,7,19.44,124.0,52,0.277
6462,462,7,21.614,128.0,41,0.151
6463,463,7,16.274,116.0,58,2.457
6464,464,7,17.46835977908302,116.0,44,0.238
6465,465,7,17.46835977908302,97.0,57,0.123
6466,466,7,18.148,100.0,52,0.49
6467,467,7,12.642,125.0,55,1.549
6468,468,7,14.795,114.0,65,1.097
6469,469,7,13.447,125.0,62,0.125
6470,470,7,20.838,130.0,42,0.549
6471,471,7,14.566,128.0,52,0.279
6472,472,7,12.935,108.0,52,0.789
6473,473,7,12.916,122.0,55,0.062
6474,474,7,8.203,157.0,48,0.323
6475,475,7,11.43,135.0,53,0.02
6476,476,7,14.326,147.0,59,0.565
6477,477,7,13.6,107.0,54,2.029
6478,478,7,25.057,138.0,37,0.232
6479,479,7,15.768,131.0,37,1.109
6480,480,7,18.426,133.0,51,0.023
6481,481,7,23.832,95.0,55,1.031
6482,482,7,17.46835977908302,130.0,57,0.031
6483,483,7,25.228,97.0,55,0.108
6484,484,7,26.716,123.0,66,0.494
6485,485,7,12.538,145.0,46,0.004
6486,486,7,26.585,112.0,53,0.213
6487,487,7,12.089,142.0,42,0.842
6488,488,7,24.501,99.0,52,0.032
6489,489,7,19.091,106.0,47,0.588
6490,490,7,17.46835977908302,143.0,51,0.059
6491,491,7,12.111,144.0,49,0.198
6492,492,7,19.459,117.0,59,0.146
6493,493,7,7.69,106.0,49,0.005
6494,494,7,31.832,102.0,57,0.203
6495,495,7,9.795,166.0,53,0.92
6496,496,7,17.46835977908302,136.0,46,0.672
6497,497,7,24.364,129.0,53,0.248
6498,498,7,15.19,107.0,54,0.348
6499,499,7,6.152,156.0,55,0.456
6500,500,7,8.52,138.0,42,0.495
6501,501,7,13.204,84.0,50,0.95
6502,502,7,16.076,105.0,52,0.031
6503,503,7,6.029,106.0,41,1.672
6504,504,7,19.617,123.0,46,0.138
6505,505,7,11.667,136.0,50,0.351
6506,506,7,30.756,127.0,45,0.503
6507,507,7,26.261,131.0,54,0.231
6508,508,7,17.045,128.0,48,0.484
6509,509,7,29.949,93.0,41,0.077
6510,510,7,22.857,103.0,44,0.204
6511,511,7,28.763,101.0,41,0.039
6512,512,7,18.012,149.0,51,0.017
6513,513,7,17.46835977908302,150.0,45,1.411
6514,514,7,9.041,159.0,54,0.095
6515,515,7,18.388,89.0,47,0.842
6516,516,7,22.337,95.0,58,0.193
6517,517,7,25.353,138.0,55,0.506
6518,518,7,17.849,120.0,37,0.14
6519,519,7,6.988,142.0,40,1.287
6520,520,7,11.083,127.0,48,0.137
6521,521,7,25.936,138.0,49,0.321
6522,522,7,12.518,138.0,46,1.338
6523,523,7,18.625,108.0,46,0.379
6524,524,7,22.697,100.0,65,0.335
6525,525,7,9.386,152.0,49,0.098
6526,526,7,8.146,126.0,62,0.44
6527,527,7,17.32,116.0,54,0.722
6528,528,7,26.006,133.0,42,0.347
6529,529,7,15.8,119.0,60,0.059
6530,530,7,19.811,111.0,58,0.421
6531,531,7,9.365,138.0,47,0.004
6532,532,7,17.46835977908302,125.0,73,0.266
6533,533,7,10.436,136.0,50,1.145
6534,534,7,12.44,112.0,48,0.063
6535,535,7,32.5710026,126.0,42,0.676
6536,536,7,11.247,91.0,65,0.569
6537,537,7,18.563,132.0,52,0.25
6538,538,7,26.678,110.0,39,0.8
6539,539,7,14.854,160.0,50,0.419
6540,540,7,10.696,152.0,59,0.443
6541,541,7,15.16,128.0,55,0.386
6542,542,7,20.898,118.0,59,1.275
6543,543,7,11.649,134.0,54,0.12
6544,544,7,10.708,135.0,47,0.178
6545,545,7,17.46835977908302,86.0,58,0.132
6546,546,7,8.028,141.0,48,0.101
6547,547,7,5.79,148.0,41,0.022
6548,548,7,23.09,150.0,43,0.125
6549,549,7,21.161,149.0,53,0.05
6550,550,7,9.137,121.0,43,1.833
6551,551,7,11.043,114.0,55,1.059
6552,552,7,8.305,131.0,48,2.509
6553,553,7,21.619,122.0,38,1.129
6554,554,7,13.107,129.0,44,0.809
6555,555,7,16.596,108.0,63,0.399
6556,556,7,16.922,166.0,40,0.328
6557,557,7,23.952,128.0,49,0.655
6558,558,7,23.862,112.0,51,0.367
6559,559,7,15.249,133.0,61,0.923
6560,560,7,15.402,154.0,42,0.51
6561,561,7,19.858,124.0,46,0.47
6562,562,7,16.792,96.0,58,0.507
6563,563,7,14.85,124.0,58,0.174
6564,564,7,11.15,105.0,54,0.248
6565,565,7,18.503,102.0,53,0.244
6566,566,7,16.767,118.0,52,0.315
6567,567,7,17.46835977908302,123.0,45,0.277
6568,568,7,27.851,112.0,35,0.115
6569,569,7,8.915,138.0,48,0.243
6570,570,7,13.068,101.0,53,2.2
6571,571,7,10.048,108.0,50,0.17
6572,572,7,6.473,152.0,40,0.899
6573,573,7,13.862,97.0,53,0.648
6574,574,7,22.0,117.0,46,0.28
6575,575,7,9.361,124.0,40,0.076
6576,576,7,11.704,121.0,50,0.328
6577,577,7,18.988,140.0,37,1.202
6578,578,7,23.446,107.0,68,1.234
6579,579,7,21.021,110.0,44,0.09
6580,580,7,20.767,144.0,47,1.117
6581,581,7,14.728,93.0,39,2.027
6582,582,7,26.231,89.0,44,1.763
6583,583,7,10.01,118.0,49,0.801
6584,584,7,17.46835977908302,137.0,42,0.834
6585,585,7,21.944,129.0,54,0.633
6586,586,7,11.465,116.0,52,0.25
6587,587,7,11.012,140.0,57,0.081
6588,588,7,15.208,145.0,66,0.435
6589,589,7,21.862,113.0,43,0.11
6590,590,7,13.986,139.0,55,0.041
6591,591,7,24.721,162.0,52,0.662
6592,592,7,17.46835977908302,138.0,59,0.601
6593,593,7,9.831,129.0,47,1.912
6594,594,7,22.292,88.0,52,0.232
6595,595,7,17.46835977908302,141.0,54,0.224
6596,596,7,13.335,134.0,34,0.411
6597,597,7,14.59,101.0,45,0.711
6598,598,7,15.79,121.0,49,2.429
6599,599,7,31.087,116.0,41,0.196
6600,600,7,30.433,109.0,67,1.773
6601,601,7,15.994,149.0,55,0.742
6602,602,7,25.539,132.0,47,1.019
6603,603,7,15.011,138.0,53,1.022
6604,604,7,6.731,95.0,53,0.266
6605,605,7,11.071,142.0,42,1.058
6606,606,7,12.488,82.0,56,0.147
6607,607,7,17.46835977908302,124.0,46,0.68
6608,608,7,8.872,123.0,53,0.525
6609,609,7,10.354,104.0,47,0.005
6610,610,7,18.765,118.0,46,0.678
6611,611,7,21.577,133.0,45,0.451
6612,612,7,23.712,95.0,50,0.053
6613,613,7,21.918,121.0,39,0.853
6614,614,7,15.201,159.0,62,0.208
6615,615,7,11.869,140.0,40,0.806
6616,616,7,22.083,136.0,57,0.012
6617,617,7,16.736,97.0,50,0.642
6618,618,7,14.848,131.0,36,0.384
6619,619,7,19.398,112.0,49,1.466
6620,620,7,11.924,115.0,50,0.827
6621,621,7,11.215,116.0,43,0.183
6622,622,7,19.625,114.0,56,0.335
6623,623,7,17.46835977908302,149.0,48,0.829
6624,624,7,20.918,133.0,53,0.338
6625,625,7,13.8,129.0,41,0.069
6626,626,7,21.184,144.0,57,0.135
6627,627,7,24.677,125.0,51,1.408
6628,628,7,10.912,115.0,48,0.892
6629,629,7,11.069,134.0,45,0.26
6630,630,7,10.085,153.0,53,0.074
6631,631,7,17.018,134.0,42,0.281
6632,632,7,8.537,158.0,45,1.388
6633,633,7,16.665,118.0,57,0.206
6634,634,7,12.231,100.0,41,0.112
6635,635,7,11.962,124.0,54,0.849
6636,636,7,17.46835977908302,113.0,53,0.962
6637,637,7,18.001,106.0,43,0.099
6638,638,7,17.21,110.0,42,0.009
6639,639,7,20.538,110.0,48,0.157
6640,640,7,20.623,107.0,52,0.072
6641,641,7,22.33,135.0,53,0.73
6642,642,7,14.292,128.0,62,2.421
6643,643,7,12.229,127.0,47,0.15
6644,644,7,9.06,146.0,52,0.25
6645,645,7,17.99,109.0,67,0.034
6646,646,7,20.438,101.0,44,0.103
6647,647,7,15.984,122.0,54,1.178
6648,648,7,15.119,116.0,56,0.739
6649,649,7,16.643,135.0,46,0.186
6650,650,7,17.96,126.0,54,1.2
6651,651,7,11.134,125.0,36,1.165
6652,652,7,13.841,113.0,53,0.006
6653,653,7,17.46835977908302,113.0,52,0.795
6654,654,7,17.46835977908302,135.0,45,0.143
6655,655,7,17.183,145.0,52,0.29
6656,656,7,13.608,113.0,49,0.059
6657,657,7,30.556,115.0,56,0.342
6658,658,7,15.463,137.0,52,0.713
6659,659,7,18.69,137.0,52,0.096
6660,660,7,14.221,133.0,56,1.156
6661,661,7,14.901,112.0,55,0.315
6662,662,7,22.8,132.0,54,0.124
6663,663,7,6.203,125.0,50,0.178
6664,664,7,22.609,105.0,43,0.142
6665,665,7,15.631,125.0,56,0.301
6666,666,7,15.189,116.0,41,0.047
6667,667,7,16.007,138.0,48,0.18
6668,668,7,15.835,140.0,47,0.356
6669,669,7,19.168,109.0,51,0.086
6670,670,7,15.881,98.0,41,1.319
6671,671,7,5.202,110.0,46,0.932
6672,672,7,23.88,103.0,56,0.724
6673,673,7,13.114,133.0,39,0.605
6674,674,7,18.736,139.0,51,0.482
6675,675,7,12.198,128.0,35,0.087
6676,676,7,7.625,107.0,48,0.555
6677,677,7,13.187,152.0,60,0.777
6678,678,7,16.707,118.0,50,0.061
6679,679,7,27.965,110.0,42,0.184
6680,680,7,20.291,102.0,47,0.082
6681,681,7,22.333,86.0,48,0.006
6682,682,7,17.176,126.0,38,0.071
6683,683,7,10.661,120.0,52,0.028
6684,684,7,15.34,101.0,42,0.132
6685,685,7,17.103,145.0,53,0.062
6686,686,7,26.363,138.0,55,0.424
6687,687,7,14.302,114.0,56,0.472
6688,688,7,22.622,113.0,44,0.1
6689,689,7,17.096,113.0,53,0.298
6690,690,7,17.46835977908302,131.0,70,0.342
6691,691,7,20.603,102.0,48,0.634
6692,692,7,21.278,98.0,46,0.151
6693,693,7,28.662,121.0,56,0.737
6694,694,7,20.608,128.0,52,0.482
6695,695,7,14.3,139.0,58,0.421
6696,696,7,17.154,92.0,66,0.877
6697,697,7,17.46835977908302,106.0,41,0.061
6698,698,7,17.46835977908302,143.0,50,0.007
6699,699,7,11.207,103.0,51,0.223
6700,700,7,17.892,149.0,61,0.288
6701,701,7,4.018,130.0,50,0.458
6702,702,7,6.983,164.0,52,0.167
6703,703,7,29.657,132.0,38,0.38
6704,704,7,12.75,103.0,50,0.223
6705,705,7,17.46835977908302,152.0,66,0.165
6706,706,7,8.611,123.0,52,0.366
6707,707,7,15.245,140.0,63,0.222
6708,708,7,18.435,135.0,43,0.609
6709,709,7,10.228,103.0,46,0.158
6710,710,7,15.06,140.0,40,0.196
6711,711,7,10.611,136.0,46,0.042
6712,712,7,26.911,92.0,47,1.143
6713,713,7,14.303,147.0,61,0.134
6714,714,7,21.318,103.0,50,0.351
6715,715,7,12.627,125.0,61,0.347
6716,716,7,11.751,106.0,59,0.047
6717,717,7,17.532,105.0,41,0.738
6718,718,7,17.46835977908302,160.0,51,0.423
6719,719,7,21.339,113.0,51,0.346
6720,720,7,10.761,106.0,51,0.08
6721,721,7,25.765,126.0,53,0.001
6722,722,7,16.363,132.0,36,0.31
6723,723,7,11.929,124.0,51,0.272
6724,724,7,17.46835977908302,117.0,55,0.273
6725,725,7,12.884,110.0,44,0.512
6726,726,7,30.762,166.0,50,0.433
6727,727,7,15.205,93.0,49,0.068
6728,728,7,27.377,100.0,60,0.203
6729,729,7,17.46835977908302,107.0,49,0.165
6730,730,7,15.128,130.0,47,0.138
6731,731,7,15.599,93.0,59,0.776
6732,732,7,18.971,122.0,49,0.002
6733,733,7,10.956,141.0,53,0.347
6734,734,7,17.46835977908302,103.0,46,0.409
6735,735,7,14.229,113.0,56,0.764
6736,736,7,12.483,92.0,49,0.815
6737,737,7,19.657,107.0,57,0.893
6738,738,7,22.006,124.0,50,0.779
6739,739,7,17.735,89.0,56,0.726
6740,740,7,25.729,161.0,44,0.318
6741,741,7,21.081,126.0,56,0.091
6742,742,7,17.3,123.0,56,0.696
6743,743,7,15.725,148.0,54,1.08
6744,744,7,6.458,110.0,49,0.189
6745,745,7,17.558,125.0,36,0.158
6746,746,7,23.213,115.0,49,0.026
6747,747,7,21.545,93.0,58,0.277
6748,748,7,15.61,133.0,61,0.647
6749,749,7,17.357,146.0,64,0.851
6750,750,7,23.535,110.0,41,0.124
6751,751,7,5.395,151.0,49,1.35
6752,752,7,14.293,114.0,46,2.337
6753,753,7,11.548,119.0,44,0.261
6754,754,7,12.966,98.0,61,2.141
6755,755,7,9.606,138.0,42,0.811
6756,756,7,11.948,135.0,33,0.161
6757,757,7,17.848,98.0,42,0.524
6758,758,7,31.603,119.0,45,0.743
6759,759,7,26.177,100.0,56,0.119
6760,760,7,13.085,107.0,46,1.322
6761,761,7,6.308,127.0,36,0.953
6762,762,7,18.137,126.0,52,0.325
6763,763,7,20.332,124.0,61,0.503
6764,764,7,29.16,108.0,45,0.402
6765,765,7,20.994,110.0,51,0.258
6766,766,7,17.46835977908302,111.0,49,1.782
6767,767,7,10.175,114.0,46,0.545
6768,768,7,13.723,128.0,49,0.358
6769,769,7,19.569,112.0,48,0.098
6770,770,7,14.954,110.0,51,0.399
6771,771,7,15.928,125.0,44,0.588
6772,772,7,6.375,130.0,56,1.804
6773,773,7,17.805,120.0,46,0.034
6774,774,7,14.511,136.0,43,0.206
6775,775,7,14.705,141.0,61,0.512
6776,776,7,26.939,158.0,47,0.166
6777,777,7,23.052,101.0,46,1.126
6778,778,7,29.677,130.0,39,0.048
6779,779,7,18.153,136.0,50,0.314
6780,780,7,12.456,126.0,55,0.044
6781,781,7,17.217,155.0,51,0.027
6782,782,7,17.46835977908302,151.0,54,4.312
6783,783,7,25.895,103.0,54,0.802
6784,784,7,13.416,153.0,53,2.461
6785,785,7,15.943,135.0,37,0.319
6786,786,7,10.052,117.0,52,0.038
6787,787,7,27.809,150.0,56,0.07
6788,788,7,21.864,137.0,49,0.777
6789,789,7,21.477,126.0,48,0.074
6790,790,7,17.373,118.0,54,0.565
6791,791,7,16.761,115.0,54,0.711
6792,792,7,10.648,135.0,52,0.087
6793,793,7,13.673,143.0,52,0.219
6794,794,7,16.813,132.0,51,0.088
6795,795,7,16.242,110.0,51,0.627
6796,796,7,21.498,146.0,48,0.947
6797,797,7,11.516,91.0,37,0.174
6798,798,7,7.019,129.0,50,0.476
6799,799,7,17.46835977908302,94.0,51,0.773
6800,800,7,15.693,137.0,40,0.037
6801,801,7,5.352,139.0,48,0.139
6802,802,7,10.466,127.0,47,0.08
6803,803,7,9.011,152.0,43,0.544
6804,804,7,13.966,105.0,43,0.242
6805,805,7,17.46835977908302,123.0,52,0.35
6806,806,7,9.883,118.0,46,0.167
6807,807,7,13.614,145.0,53,0.146
6808,808,7,28.707,132.0,52,1.132
6809,809,7,15.175,119.0,43,0.337
6810,810,7,24.967,116.0,65,0.385
6811,811,7,15.577,114.0,56,0.246
6812,812,7,17.46835977908302,130.0,45,0.523
6813,813,7,15.835,105.0,60,1.214
6814,814,7,17.962,135.0,46,0.237
6815,815,7,24.847,129.0,46,0.149
6816,816,7,10.836,124.0,59,0.216
6817,817,7,17.688,130.0,55,0.041
6818,818,7,20.869,139.0,53,0.202
6819,819,7,15.897,138.0,40,0.783
6820,820,7,22.847,115.0,53,1.486
6821,821,7,18.106,150.0,47,0.925
6822,822,7,17.46835977908302,105.0,53,0.338
6823,823,7,7.344,131.0,47,0.037
6824,824,7,18.03,110.0,47,0.034
6825,825,7,18.214,113.0,63,0.394
6826,826,7,22.967,148.0,50,0.925
6827,827,7,17.061,128.0,50,0.189
6828,828,7,13.083,126.0,57,0.476
6829,829,7,32.5710026,130.0,48,0.308
6830,830,7,26.339,120.0,44,0.604
6831,831,7,19.778,121.0,58,0.174
6832,832,7,21.817,121.0,54,0.986
6833,833,7,21.478,132.0,59,0.163
6834,834,7,14.662,123.0,55,0.134
6835,835,7,27.705,132.0,50,0.182
6836,836,7,17.46835977908302,115.0,48,0.028
6837,837,7,10.052,126.0,42,0.34
6838,838,7,8.661,133.0,61,0.274
6839,839,7,10.019,123.0,46,0.025
6840,840,7,27.404,114.0,47,0.066
6841,841,7,24.725,145.0,46,0.071
6842,842,7,19.086,139.0,47,0.359
6843,843,7,16.787,127.0,50,0.349
6844,844,7,24.233,113.0,55,0.66
6845,845,7,28.444,101.0,44,0.179
6846,846,7,14.962,135.0,43,1.77
6847,847,7,14.863,121.0,62,0.742
6848,848,7,12.875,161.0,52,0.337
6849,849,7,16.844,95.0,41,0.1
6850,850,7,11.881,151.0,48,0.09
6851,851,7,17.023,113.0,39,0.606
6852,852,7,13.087,154.0,55,0.364
6853,853,7,15.013,135.0,47,0.068
6854,854,7,17.46835977908302,113.0,49,0.014
6855,855,7,23.476,123.0,58,0.188
6856,856,7,17.914,141.0,63,0.408
6857,857,7,13.695,145.0,41,0.128
6858,858,7,20.251,106.0,55,0.706
6859,859,7,17.243,109.0,51,0.283
6860,860,7,23.127,92.0,47,1.056
6861,861,7,17.46835977908302,105.0,52,0.004
6862,862,7,9.623,99.0,48,0.457
6863,863,7,15.085,114.0,47,0.845
6864,864,7,7.604,127.0,52,0.121
6865,865,7,17.46835977908302,147.0,55,0.683
6866,866,7,13.886,123.0,65,0.1
6867,867,7,11.668,104.0,56,0.48
6868,868,7,9.04,166.0,46,0.146
6869,869,7,13.987,137.0,54,1.775
6870,870,7,22.785,125.0,48,0.744
6871,871,7,15.794,131.0,57,1.425
6872,872,7,15.916,142.0,48,0.274
6873,873,7,17.46835977908302,142.0,48,0.067
6874,874,7,13.926,124.0,40,0.535
6875,875,7,9.13,148.0,56,0.637
6876,876,7,16.046,154.0,44,0.274
6877,877,7,16.824,135.0,45,1.973
6878,878,7,22.25,103.0,42,0.135
6879,879,7,20.703,151.0,37,0.116
6880,880,7,15.956,161.0,50,0.131
6881,881,7,19.422,109.0,50,0.093
6882,882,7,23.907,94.0,39,1.011
6883,883,7,12.042,166.0,40,0.244
6884,884,7,17.46835977908302,133.0,49,0.349
6885,885,7,13.753,149.0,57,0.024
6886,886,7,10.776,113.0,59,0.052
6887,887,7,10.543,130.0,51,0.083
6888,888,7,15.965,97.0,50,0.098
6889,889,7,17.46835977908302,102.0,47,0.039
6890,890,7,27.75,119.0,68,0.051
6891,891,7,3.501,142.0,50,0.064
6892,892,7,16.883,91.0,55,0.192
6893,893,7,12.949,137.0,52,0.275
6894,894,7,30.481,101.0,57,0.382
6895,895,7,12.491,145.0,43,0.325
6896,896,7,7.415,120.0,49,0.059
6897,897,7,25.219,108.0,51,2.229
6898,898,7,16.747,87.0,48,0.124
6899,899,7,19.434,114.0,54,1.941
6900,900,7,17.608,131.0,56,0.521
6901,901,7,9.681,118.0,42,0.044
6902,902,7,17.979,114.0,51,0.234
6903,903,7,32.5710026,87.0,52,0.33
6904,904,7,23.207,132.0,39,0.285
6905,905,7,12.839,164.0,45,0.309
6906,906,7,27.189,140.0,56,0.524
6907,907,7,10.186,100.0,60,0.283
6908,908,7,24.736,102.0,50,0.828
6909,909,7,8.933,132.0,59,0.319
6910,910,7,19.921,145.0,61,0.044
6911,911,7,24.309,101.0,41,0.036
6912,912,7,25.867,114.0,66,0.295
6913,913,7,16.678,131.0,46,0.226
6914,914,7,28.074,132.0,51,1.574
6915,915,7,11.866,139.0,42,0.297
6916,916,7,16.325,134.0,51,0.682
6917,917,7,14.717,131.0,50,1.084
6918,918,7,17.46835977908302,105.0,50,0.329
6919,919,7,18.583,134.0,50,0.926
6920,920,7,10.421,110.0,43,0.139
6921,921,7,1.963,145.0,49,1.607
6922,922,7,20.537,141.0,43,0.197
6923,923,7,17.46835977908302,127.0,55,0.463
6924,924,7,14.443,151.0,56,0.455
6925,925,7,15.613,112.0,42,0.159
6926,926,7,7.063,147.0,51,0.044
6927,927,7,12.268,105.0,61,0.183
6928,928,7,11.664,126.0,35,0.136
6929,929,7,19.867,150.0,50,1.476
6930,930,7,23.505,141.0,57,0.152
6931,931,7,9.08,118.0,52,0.054
6932,932,7,7.79,118.0,44,0.058
6933,933,7,7.494,130.0,52,0.814
6934,934,7,16.047,156.0,51,0.112
6935,935,7,17.467,115.0,49,0.365
6936,936,7,30.781,111.0,52,1.014
6937,937,7,24.661,153.0,51,0.296
6938,938,7,16.098,154.0,55,0.036
6939,939,7,13.637,144.0,48,0.158
6940,940,7,13.733,131.0,44,0.231
6941,941,7,17.468,102.0,46,1.874
6942,942,7,8.98,124.0,49,0.141
6943,943,7,20.855,123.0,44,0.367
6944,944,7,15.574,113.0,51,0.693
6945,945,7,27.376,142.0,53,0.182
6946,946,7,7.291,127.0,56,0.173
6947,947,7,19.499,141.0,52,0.923
6948,948,7,28.113,140.0,60,0.114
6949,949,7,13.871,163.0,50,0.83
6950,950,7,18.573,131.0,40,1.94
6951,951,7,15.851,133.0,50,0.544
6952,952,7,10.644,112.0,52,0.09
6953,953,7,10.453,118.0,41,0.182
6954,954,7,25.581,117.0,49,0.08
6955,955,7,1.423,159.0,51,0.158
6956,956,7,16.29,101.0,55,0.869
6957,957,7,18.915,136.0,58,0.202
6958,958,7,16.409,118.0,43,0.873
6959,959,7,28.618,104.0,39,0.999
6960,960,7,17.053,115.0,51,1.475
6961,961,7,11.793,118.0,47,0.512
6962,962,7,17.46835977908302,130.0,46,0.049
6963,963,7,19.217,127.0,51,0.574
6964,964,7,28.891,141.0,35,0.36
6965,965,7,15.408,116.0,43,0.142
6966,966,7,8.905,149.0,54,0.705
6967,967,7,15.639,117.0,52,0.097
6968,968,7,14.77,115.0,41,0.387
6969,969,7,18.245,125.0,49,0.084
6970,970,7,12.792,125.0,41,0.039
6971,971,7,14.915,166.0,46,0.912
6972,972,7,27.913,130.0,57,0.122
6973,973,7,7.651,137.0,40,0.419
6974,974,7,18.963,104.0,48,0.08
6975,975,7,15.79,112.0,47,0.665
6976,976,7,27.854,97.0,50,0.37
6977,977,7,17.46835977908302,136.0,40,0.725
6978,978,7,16.28,112.0,61,0.52
6979,979,7,14.509,129.0,51,0.353
6980,980,7,8.815,135.0,48,0.273
6981,981,7,10.625,149.0,30,1.031
6982,982,7,8.165,133.0,39,0.697
6983,983,7,24.359,136.0,39,1.112
6984,984,7,3.329,134.0,51,1.154
6985,985,7,25.917,148.0,42,0.467
6986,986,7,16.856,104.0,47,0.297
6987,987,7,12.451,124.0,48,1.043
6988,988,7,15.119,158.0,63,0.246
6989,989,7,15.651,132.0,46,1.794
6990,990,7,23.619,139.0,46,0.915
6991,991,7,8.82,121.0,49,0.074
6992,992,7,30.784,117.0,50,0.452
6993,993,7,13.805,139.0,40,0.065
6994,994,7,12.724,124.0,53,0.936
6995,995,7,9.498,146.0,53,0.006
6996,996,7,18.111,133.0,33,0.935
6997,997,7,17.46835977908302,110.0,36,0.158
6998,998,7,21.084,148.0,57,0.34
6999,999,7,11.749,152.0,53,0.76
7000,1000,7,7.872,144.0,51,0.186
7001,1,8,10.058,131.0,47,0.013
7002,2,8,21.499,128.0,57,0.243
7003,3,8,9.746,149.0,51,0.452
7004,4,8,11.303,101.0,61,0.322
7005,5,8,14.868,143.0,54,0.4
7006,6,8,13.677,93.0,50,0.094
7007,7,8,28.863,114.0,46,0.141
7008,8,8,18.426,107.0,53,0.446
7009,9,8,7.896,131.0,41,0.308
7010,10,8,6.864,161.0,49,1.674
7011,11,8,10.812,102.0,55,0.376
7012,12,8,24.666,102.0,49,0.413
7013,13,8,26.781,134.0,47,0.888
7014,14,8,25.251,114.0,47,1.671
7015,15,8,22.281,145.0,48,0.774
7016,16,8,22.009,104.0,61,0.282
7017,17,8,19.764,109.0,51,0.227
7018,18,8,25.38,125.0,37,1.709
7019,19,8,6.306,162.0,60,0.551
7020,20,8,29.98,117.0,44,0.219
7021,21,8,25.514,112.0,50,0.075
7022,22,8,12.215,136.0,54,0.641
7023,23,8,24.006,140.0,39,0.224
7024,24,8,25.912,103.0,52,1.076
7025,25,8,25.972,139.0,45,0.047
7026,26,8,8.005,116.0,56,0.078
7027,27,8,17.279,127.0,47,0.187
7028,28,8,16.298,100.0,57,0.137
7029,29,8,10.962,107.0,48,0.228
7030,30,8,14.828,124.0,38,0.131
7031,31,8,14.862,113.0,45,0.012
7032,32,8,13.858,136.0,39,0.737
7033,33,8,17.339,121.0,49,0.407
7034,34,8,11.005,138.0,59,0.302
7035,35,8,27.003,154.0,45,0.725
7036,36,8,24.247,142.0,47,0.426
7037,37,8,8.052,110.0,43,0.585
7038,38,8,23.772,115.0,41,0.313
7039,39,8,12.04,121.0,62,0.341
7040,40,8,21.37,100.0,57,0.399
7041,41,8,28.767,137.0,47,0.884
7042,42,8,14.662,124.0,46,0.024
7043,43,8,15.777,123.0,32,1.499
7044,44,8,16.578,111.0,42,0.325
7045,45,8,20.034,111.0,60,0.944
7046,46,8,16.944,137.0,50,0.049
7047,47,8,10.713,156.0,48,0.448
7048,48,8,15.189,122.0,56,0.122
7049,49,8,7.074,121.0,53,0.399
7050,50,8,20.384,150.0,50,1.19
7051,51,8,10.594,142.0,40,0.425
7052,52,8,18.213,125.0,45,0.389
7053,53,8,21.544,118.0,45,0.122
7054,54,8,16.86,109.0,48,0.497
7055,55,8,16.513,139.0,47,0.412
7056,56,8,20.829,92.0,39,0.022
7057,57,8,12.005,118.0,44,0.281
7058,58,8,9.661,129.0,52,1.19
7059,59,8,11.354,128.0,58,0.07
7060,60,8,13.616,99.0,55,0.374
7061,61,8,21.209,145.0,46,0.02
7062,62,8,27.628,121.0,53,0.164
7063,63,8,22.922,121.0,41,0.001
7064,64,8,15.59,103.0,52,1.027
7065,65,8,7.878,121.0,45,0.052
7066,66,8,24.165,119.0,45,2.439
7067,67,8,6.41,153.0,49,0.023
7068,68,8,14.702,114.0,57,0.281
7069,69,8,15.978,120.0,49,0.086
7070,70,8,18.576,101.0,56,0.782
7071,71,8,17.891,102.0,45,0.327
7072,72,8,25.824,110.0,54,0.005
7073,73,8,12.576,141.0,40,0.154
7074,74,8,12.987,96.0,63,0.571
7075,75,8,17.46835977908302,108.0,62,1.113
7076,76,8,19.436,121.0,41,0.06
7077,77,8,16.124,118.0,50,0.452
7078,78,8,12.682,109.0,50,0.639
7079,79,8,12.536,104.0,41,0.143
7080,80,8,12.983,106.0,55,0.527
7081,81,8,22.244,121.0,48,0.288
7082,82,8,17.46835977908302,131.0,41,0.2
7083,83,8,10.331,136.0,47,0.692
7084,84,8,19.603,118.0,37,0.052
7085,85,8,17.46835977908302,109.0,66,0.747
7086,86,8,15.962,112.0,34,0.249
7087,87,8,9.151,151.0,49,0.072
7088,88,8,20.489,129.0,54,0.369
7089,89,8,27.93,135.0,56,0.891
7090,90,8,10.765,130.0,52,0.109
7091,91,8,17.46835977908302,111.0,57,0.778
7092,92,8,14.833,120.0,50,0.036
7093,93,8,13.317,122.0,44,0.037
7094,94,8,15.572,100.0,53,0.774
7095,95,8,15.71,121.0,53,2.685
7096,96,8,5.831,166.0,45,0.152
7097,97,8,14.504,152.0,51,1.192
7098,98,8,12.299,139.0,55,0.597
7099,99,8,24.484,104.0,52,1.121
7100,100,8,17.46835977908302,131.0,44,1.173
7101,101,8,11.315,109.0,54,0.128
7102,102,8,12.756,136.0,56,0.641
7103,103,8,2.084,137.0,47,0.895
7104,104,8,13.769,159.0,46,0.281
7105,105,8,26.05,122.0,51,0.975
7106,106,8,11.969,128.0,39,0.883
7107,107,8,3.406,143.0,45,0.29
7108,108,8,17.46835977908302,120.0,46,0.236
7109,109,8,30.587,115.0,54,0.057
7110,110,8,16.115,124.0,53,0.98
7111,111,8,17.46835977908302,107.0,55,0.18
7112,112,8,13.697,123.0,57,0.298
7113,113,8,7.797,128.0,37,0.618
7114,114,8,6.677,141.0,43,1.604
7115,115,8,13.917,122.0,62,1.998
7116,116,8,20.47,99.0,42,0.061
7117,117,8,17.46835977908302,132.0,52,0.072
7118,118,8,17.984,130.0,56,0.363
7119,119,8,13.035,117.0,57,0.742
7120,120,8,9.474,119.0,47,0.082
7121,121,8,9.884,139.0,48,0.064
7122,122,8,17.46835977908302,125.0,59,1.275
7123,123,8,25.991,102.0,51,0.232
7124,124,8,31.733,81.0,58,0.159
7125,125,8,23.952,119.0,50,0.486
7126,126,8,21.21,132.0,61,0.119
7127,127,8,25.824,113.0,38,0.983
7128,128,8,27.051,123.0,48,0.267
7129,129,8,15.29,135.0,48,0.108
7130,130,8,13.065,133.0,44,0.923
7131,131,8,17.378,110.0,46,0.559
7132,132,8,23.928,109.0,48,0.051
7133,133,8,18.83,104.0,52,0.03
7134,134,8,9.339,125.0,48,0.557
7135,135,8,21.983,134.0,61,0.078
7136,136,8,14.757,144.0,53,0.755
7137,137,8,13.516,145.0,46,0.739
7138,138,8,9.617,137.0,51,0.847
7139,139,8,15.677,130.0,55,0.797
7140,140,8,22.839,101.0,38,0.015
7141,141,8,8.666,119.0,49,0.353
7142,142,8,25.455,142.0,41,0.439
7143,143,8,9.017,149.0,58,0.133
7144,144,8,18.548,117.0,55,0.06
7145,145,8,32.5710026,120.0,60,0.026
7146,146,8,22.007,138.0,32,1.057
7147,147,8,29.937,118.0,61,3.203
7148,148,8,18.732,123.0,34,1.307
7149,149,8,14.683,118.0,64,0.018
7150,150,8,13.849,130.0,55,0.007
7151,151,8,22.858,154.0,44,0.467
7152,152,8,25.435,115.0,43,0.576
7153,153,8,26.978,119.0,56,0.331
7154,154,8,17.46835977908302,103.0,50,0.937
7155,155,8,21.534,155.0,37,0.033
7156,156,8,17.579,115.0,55,0.462
7157,157,8,10.66,140.0,52,0.354
7158,158,8,9.939,134.0,49,0.788
7159,159,8,12.56,123.0,65,0.48
7160,160,8,16.398,86.0,43,0.466
7161,161,8,9.557,129.0,48,0.183
7162,162,8,32.5710026,80.0,55,0.674
7163,163,8,19.126,103.0,55,0.419
7164,164,8,15.652,107.0,54,0.418
7165,165,8,24.215,119.0,39,0.633
7166,166,8,17.46835977908302,125.0,57,0.144
7167,167,8,19.248,105.0,52,0.004
7168,168,8,2.752,121.0,57,0.212
7169,169,8,12.6,122.0,45,0.129
7170,170,8,6.173,134.0,44,0.321
7171,171,8,18.039,113.0,50,0.943
7172,172,8,18.172,157.0,64,0.3
7173,173,8,30.5,139.0,54,0.314
7174,174,8,18.741,148.0,52,0.009
7175,175,8,11.423,115.0,57,0.376
7176,176,8,27.545,94.0,69,0.059
7177,177,8,14.146,116.0,42,0.45
7178,178,8,11.21,133.0,35,1.532
7179,179,8,19.114,144.0,55,0.078
7180,180,8,25.15,105.0,44,0.248
7181,181,8,24.841,123.0,46,0.99
7182,182,8,25.449,129.0,50,1.145
7183,183,8,9.185,129.0,55,0.009
7184,184,8,10.765,150.0,45,0.603
7185,185,8,14.601,108.0,49,0.35
7186,186,8,15.945,113.0,54,0.458
7187,187,8,6.17,163.0,57,0.291
7188,188,8,9.146,125.0,55,0.097
7189,189,8,11.08,138.0,51,0.968
7190,190,8,24.792,107.0,49,0.417
7191,191,8,17.46835977908302,135.0,42,0.007
7192,192,8,7.189,166.0,49,0.953
7193,193,8,18.533,132.0,54,1.588
7194,194,8,14.271,138.0,66,0.488
7195,195,8,22.528,123.0,52,0.808
7196,196,8,12.57,145.0,55,0.333
7197,197,8,14.901,135.0,44,1.468
7198,198,8,25.712,112.0,52,0.088
7199,199,8,15.794,147.0,50,0.612
7200,200,8,15.863,150.0,50,0.134
7201,201,8,16.702,123.0,43,0.701
7202,202,8,20.94,124.0,65,0.508
7203,203,8,11.174,112.0,55,1.277
7204,204,8,14.018,102.0,53,0.031
7205,205,8,30.367,101.0,49,0.088
7206,206,8,14.786,145.0,54,0.362
7207,207,8,10.827,97.0,49,1.151
7208,208,8,15.195,111.0,66,0.226
7209,209,8,13.623,141.0,45,1.049
7210,210,8,9.338,120.0,47,0.4
7211,211,8,12.148,143.0,55,0.325
7212,212,8,4.596,155.0,48,1.257
7213,213,8,15.667,101.0,52,0.44
7214,214,8,31.536,118.0,55,0.605
7215,215,8,12.73,134.0,56,1.183
7216,216,8,27.346,134.0,48,0.282
7217,217,8,19.247,125.0,56,0.752
7218,218,8,14.89,146.0,54,0.095
7219,219,8,11.914,107.0,43,0.767
7220,220,8,20.844,131.0,43,0.248
7221,221,8,16.721,118.0,51,0.859
7222,222,8,27.61,111.0,64,0.027
7223,223,8,10.341,108.0,48,1.548
7224,224,8,16.447,120.0,46,1.406
7225,225,8,14.908,132.0,49,0.831
7226,226,8,17.46835977908302,142.0,49,0.069
7227,227,8,9.92,158.0,46,1.063
7228,228,8,25.16,109.0,48,0.244
7229,229,8,14.221,129.0,54,0.26
7230,230,8,20.455,112.0,35,1.683
7231,231,8,26.849,139.0,49,0.412
7232,232,8,20.284,153.0,49,1.933
7233,233,8,17.599,146.0,50,0.034
7234,234,8,18.973,126.0,52,0.09
7235,235,8,15.778,124.0,50,1.833
7236,236,8,13.116,123.0,53,0.669
7237,237,8,14.892,166.0,50,1.051
7238,238,8,22.671,106.0,58,0.3
7239,239,8,8.601,91.0,47,0.048
7240,240,8,5.467,123.0,61,0.157
7241,241,8,18.043,140.0,60,0.563
7242,242,8,16.267,118.0,46,0.086
7243,243,8,19.274,125.0,62,0.054
7244,244,8,13.792,96.0,53,0.278
7245,245,8,12.512,96.0,55,0.156
7246,246,8,13.258,129.0,58,0.349
7247,247,8,20.49,150.0,43,1.193
7248,248,8,9.474,123.0,54,0.326
7249,249,8,21.823,122.0,59,1.263
7250,250,8,13.039,133.0,58,0.224
7251,251,8,11.855,99.0,46,0.013
7252,252,8,18.424,111.0,33,1.899
7253,253,8,4.63,136.0,51,0.636
7254,254,8,19.897,143.0,59,0.353
7255,255,8,15.195,117.0,57,0.097
7256,256,8,8.273,143.0,62,0.485
7257,257,8,17.217,143.0,40,1.091
7258,258,8,26.262,120.0,37,0.415
7259,259,8,24.328,161.0,51,0.909
7260,260,8,5.494,145.0,46,0.398
7261,261,8,10.319,118.0,50,0.564
7262,262,8,24.274,113.0,53,0.068
7263,263,8,17.46835977908302,128.0,41,1.638
7264,264,8,17.46835977908302,95.0,53,1.462
7265,265,8,17.346,88.0,43,0.043
7266,266,8,26.049,139.0,49,0.139
7267,267,8,14.228,145.0,50,0.744
7268,268,8,12.505,116.0,55,0.11
7269,269,8,5.367,128.0,56,0.083
7270,270,8,17.058,89.0,70,0.057
7271,271,8,14.635,112.0,45,0.258
7272,272,8,26.135,128.0,58,1.02
7273,273,8,16.62,114.0,50,0.061
7274,274,8,16.832,130.0,42,0.069
7275,275,8,17.108,90.0,34,0.041
7276,276,8,6.388,134.0,43,0.281
7277,277,8,13.59,111.0,45,0.493
7278,278,8,11.559,135.0,54,0.81
7279,279,8,19.107,105.0,44,0.198
7280,280,8,28.16,102.0,57,0.067
7281,281,8,18.734,125.0,46,0.003
7282,282,8,19.036,153.0,57,0.098
7283,283,8,13.286,120.0,51,0.653
7284,284,8,11.27,130.0,44,0.41
7285,285,8,27.261,145.0,53,0.148
7286,286,8,27.443,123.0,45,0.099
7287,287,8,17.46835977908302,123.0,52,0.19
7288,288,8,0.017,136.0,49,0.126
7289,289,8,9.311,117.0,44,0.062
7290,290,8,20.543,138.0,43,0.028
7291,291,8,10.703,139.0,58,0.674
7292,292,8,16.474,116.0,53,0.745
7293,293,8,26.398,124.0,51,1.336
7294,294,8,15.708,103.0,45,0.275
7295,295,8,16.444,128.0,35,1.165
7296,296,8,25.255,113.0,36,0.17
7297,297,8,16.523,144.0,41,0.152
7298,298,8,7.405,140.0,63,0.254
7299,299,8,24.28,107.0,48,0.587
7300,300,8,21.619,107.0,53,2.714
7301,301,8,22.054,109.0,54,1.457
7302,302,8,12.671,128.0,73,0.66
7303,303,8,12.386,133.0,43,0.199
7304,304,8,31.706,144.0,47,0.687
7305,305,8,22.931,122.0,52,0.437
7306,306,8,15.249,119.0,52,2.021
7307,307,8,24.118,109.0,43,0.296
7308,308,8,28.209,136.0,57,0.575
7309,309,8,9.135,127.0,45,0.388
7310,310,8,14.793,109.0,53,0.926
7311,311,8,23.465,133.0,36,0.096
7312,312,8,13.864,91.0,52,1.266
7313,313,8,20.085,136.0,46,0.076
7314,314,8,14.832,122.0,53,0.129
7315,315,8,22.876,155.0,54,0.509
7316,316,8,15.753,112.0,47,1.132
7317,317,8,26.69,144.0,50,1.588
7318,318,8,14.877,130.0,55,0.376
7319,319,8,9.051,127.0,48,0.643
7320,320,8,22.012,123.0,42,0.038
7321,321,8,16.416,118.0,55,0.662
7322,322,8,10.268,133.0,49,0.195
7323,323,8,7.908,161.0,65,0.326
7324,324,8,27.641,99.0,51,0.043
7325,325,8,32.5710026,120.0,57,0.244
7326,326,8,3.636,112.0,57,0.469
7327,327,8,27.533,105.0,59,0.491
7328,328,8,9.191,121.0,54,1.223
7329,329,8,21.762,138.0,45,0.296
7330,330,8,11.483,135.0,33,0.562
7331,331,8,17.727,121.0,49,1.307
7332,332,8,17.46835977908302,110.0,48,0.188
7333,333,8,10.945,106.0,67,2.533
7334,334,8,25.963,114.0,48,0.311
7335,335,8,8.633,142.0,45,0.597
7336,336,8,10.603,139.0,42,0.177
7337,337,8,32.147,103.0,52,1.237
7338,338,8,17.579,139.0,68,0.428
7339,339,8,11.735,106.0,63,0.365
7340,340,8,17.107,134.0,48,0.01
7341,341,8,5.18,126.0,54,0.754
7342,342,8,18.575,133.0,45,0.774
7343,343,8,19.642,114.0,42,0.089
7344,344,8,15.843,110.0,51,1.186
7345,345,8,18.166,113.0,41,0.39
7346,346,8,15.978,126.0,62,0.862
7347,347,8,28.076,104.0,62,0.429
7348,348,8,29.213,148.0,42,0.854
7349,349,8,16.274,132.0,51,0.352
7350,350,8,11.357,133.0,57,0.798
7351,351,8,11.47,148.0,58,0.354
7352,352,8,23.246,140.0,35,0.007
7353,353,8,15.789,122.0,53,1.23
7354,354,8,18.809,131.0,59,0.05
7355,355,8,7.904,153.0,56,0.034
7356,356,8,25.088,142.0,52,0.14
7357,357,8,14.096,85.0,51,0.605
7358,358,8,17.46835977908302,128.0,57,0.106
7359,359,8,26.654,111.0,56,0.101
7360,360,8,19.439,154.0,44,0.535
7361,361,8,18.717,98.0,50,0.768
7362,362,8,17.41,101.0,50,1.129
7363,363,8,15.761,123.0,51,0.851
7364,364,8,14.578,125.0,51,0.105
7365,365,8,15.34,109.0,52,0.11
7366,366,8,23.012,100.0,51,0.144
7367,367,8,27.244,116.0,55,0.043
7368,368,8,19.275,80.0,49,0.1
7369,369,8,7.04,104.0,47,0.408
7370,370,8,13.984,122.0,50,0.538
7371,371,8,17.858,144.0,44,0.165
7372,372,8,17.502,123.0,40,0.004
7373,373,8,14.481,149.0,43,0.677
7374,374,8,12.494,129.0,48,0.217
7375,375,8,12.485,114.0,46,0.128
7376,376,8,19.06,120.0,52,1.306
7377,377,8,13.437,111.0,47,0.345
7378,378,8,25.366,163.0,37,0.174
7379,379,8,14.438,121.0,43,0.778
7380,380,8,21.712,138.0,48,0.494
7381,381,8,10.148,119.0,38,0.148
7382,382,8,15.649,103.0,50,2.274
7383,383,8,15.174,140.0,52,0.653
7384,384,8,20.014,121.0,46,0.03
7385,385,8,6.643,128.0,43,0.508
7386,386,8,20.588,109.0,39,0.136
7387,387,8,11.282,96.0,36,0.452
7388,388,8,7.999,108.0,39,0.988
7389,389,8,23.908,148.0,49,0.325
7390,390,8,14.748,113.0,49,0.565
7391,391,8,10.13,122.0,60,0.098
7392,392,8,16.893,141.0,40,0.496
7393,393,8,12.457,133.0,47,0.209
7394,394,8,16.569,159.0,46,1.004
7395,395,8,14.624,118.0,42,0.402
7396,396,8,10.721,101.0,47,0.112
7397,397,8,23.71,137.0,45,0.638
7398,398,8,10.928,117.0,36,0.957
7399,399,8,18.463,94.0,57,0.197
7400,400,8,7.754,124.0,51,0.813
7401,401,8,23.273,121.0,43,0.908
7402,402,8,25.579,142.0,55,1.782
7403,403,8,4.98,134.0,58,0.311
7404,404,8,13.809,114.0,67,0.061
7405,405,8,13.984,131.0,55,0.665
7406,406,8,12.163,116.0,40,0.576
7407,407,8,30.558,93.0,40,0.202
7408,408,8,30.208,118.0,56,0.186
7409,409,8,10.094,102.0,47,0.023
7410,410,8,23.838,132.0,37,0.515
7411,411,8,17.327,110.0,58,0.199
7412,412,8,17.751,81.0,52,0.232
7413,413,8,23.302,125.0,53,0.063
7414,414,8,20.695,113.0,42,0.758
7415,415,8,20.737,107.0,55,1.777
7416,416,8,9.933,136.0,52,0.053
7417,417,8,13.498,132.0,53,0.333
7418,418,8,12.817,146.0,43,0.33
7419,419,8,32.5710026,109.0,45,1.081
7420,420,8,13.705,146.0,57,0.12
7421,421,8,11.941,133.0,56,1.079
7422,422,8,14.621,111.0,56,0.474
7423,423,8,20.076,97.0,46,1.144
7424,424,8,13.049,95.0,55,0.377
7425,425,8,8.139,110.0,37,0.337
7426,426,8,17.46835977908302,156.0,49,0.713
7427,427,8,5.768,140.0,55,0.082
7428,428,8,15.987,103.0,53,0.002
7429,429,8,14.331,132.0,43,0.282
7430,430,8,24.584,126.0,43,1.738
7431,431,8,8.921,104.0,46,0.02
7432,432,8,17.062,133.0,45,0.597
7433,433,8,21.511,124.0,59,0.44
7434,434,8,23.499,116.0,54,0.275
7435,435,8,19.916,83.0,45,0.693
7436,436,8,16.591,151.0,52,0.605
7437,437,8,21.673,140.0,51,0.285
7438,438,8,8.98,160.0,47,0.042
7439,439,8,16.541,130.0,56,2.264
7440,440,8,14.624,126.0,45,0.055
7441,441,8,10.766,144.0,47,0.536
7442,442,8,13.819,98.0,50,0.297
7443,443,8,25.427,151.0,40,0.108
7444,444,8,13.083,137.0,43,0.382
7445,445,8,21.47,140.0,60,0.443
7446,446,8,26.996,133.0,46,0.473
7447,447,8,13.124,154.0,38,0.08
7448,448,8,10.054,139.0,70,0.267
7449,449,8,8.417,80.0,59,0.11
7450,450,8,19.343,97.0,50,0.011
7451,451,8,28.826,111.0,67,0.149
7452,452,8,20.202,115.0,54,0.197
7453,453,8,26.285,132.0,41,0.437
7454,454,8,24.89,116.0,50,0.238
7455,455,8,17.887,121.0,64,0.266
7456,456,8,16.483,112.0,49,0.103
7457,457,8,6.232,105.0,50,0.052
7458,458,8,14.709,86.0,53,0.013
7459,459,8,10.074,136.0,50,0.408
7460,460,8,1.812,113.0,56,0.092
7461,461,8,13.814,113.0,50,1.879
7462,462,8,27.337,113.0,51,0.083
7463,463,8,4.167,117.0,41,0.273
7464,464,8,7.275,123.0,46,0.273
7465,465,8,9.973,94.0,53,0.019
7466,466,8,12.617,103.0,40,0.722
7467,467,8,7.785,141.0,55,0.491
7468,468,8,9.355,104.0,45,0.386
7469,469,8,20.728,102.0,48,0.158
7470,470,8,21.206,133.0,48,0.207
7471,471,8,16.448,137.0,70,0.025
7472,472,8,20.873,121.0,56,0.597
7473,473,8,10.22,146.0,58,0.422
7474,474,8,6.976,140.0,37,0.336
7475,475,8,14.832,117.0,44,0.047
7476,476,8,4.992,133.0,46,0.674
7477,477,8,10.861,123.0,40,0.345
7478,478,8,26.533,166.0,45,0.52
7479,479,8,14.55,123.0,50,0.201
7480,480,8,7.181,124.0,54,0.01
7481,481,8,16.068,84.0,45,0.625
7482,482,8,14.454,148.0,55,0.723
7483,483,8,25.231,119.0,53,0.304
7484,484,8,23.691,119.0,68,0.021
7485,485,8,14.093,147.0,50,2.056
7486,486,8,28.222,115.0,49,0.13
7487,487,8,18.033,138.0,54,2.501
7488,488,8,20.861,126.0,70,0.456
7489,489,8,11.088,123.0,57,0.788
7490,490,8,5.342,144.0,43,0.179
7491,491,8,15.375,132.0,59,0.306
7492,492,8,20.384,128.0,48,0.486
7493,493,8,15.287,115.0,55,0.016
7494,494,8,24.514,109.0,48,0.82
7495,495,8,3.436,155.0,51,0.702
7496,496,8,17.387,134.0,52,0.02
7497,497,8,30.798,130.0,64,0.014
7498,498,8,7.299,118.0,43,0.243
7499,499,8,13.405,151.0,50,0.271
7500,500,8,12.697,137.0,40,1.117
7501,501,8,17.165,94.0,54,0.008
7502,502,8,18.455,115.0,45,0.046
7503,503,8,19.422,106.0,52,0.129
7504,504,8,19.449,128.0,51,0.244
7505,505,8,11.35,118.0,46,0.348
7506,506,8,24.912,123.0,59,0.28
7507,507,8,23.422,125.0,51,0.924
7508,508,8,22.169,143.0,53,0.502
7509,509,8,28.128,105.0,39,0.167
7510,510,8,30.464,120.0,42,0.079
7511,511,8,28.353,101.0,49,1.549
7512,512,8,11.728,151.0,50,0.376
7513,513,8,12.062,150.0,62,0.931
7514,514,8,8.228,131.0,50,0.106
7515,515,8,23.903,87.0,48,1.167
7516,516,8,21.458,118.0,51,0.271
7517,517,8,20.557,110.0,49,0.783
7518,518,8,23.354,106.0,51,0.03
7519,519,8,13.014,147.0,36,1.441
7520,520,8,17.855,132.0,44,1.093
7521,521,8,25.836,129.0,61,0.283
7522,522,8,7.71,121.0,46,0.217
7523,523,8,24.157,110.0,50,0.15
7524,524,8,32.005,114.0,40,0.352
7525,525,8,14.083,124.0,55,1.464
7526,526,8,14.18,124.0,43,0.218
7527,527,8,12.061,120.0,37,0.061
7528,528,8,26.731,155.0,48,0.162
7529,529,8,12.754,126.0,45,0.337
7530,530,8,10.436,118.0,47,0.129
7531,531,8,8.128,127.0,51,0.546
7532,532,8,17.46835977908302,144.0,41,0.484
7533,533,8,11.855,134.0,61,0.122
7534,534,8,14.554,94.0,50,0.093
7535,535,8,30.257,132.0,51,0.272
7536,536,8,17.748,103.0,44,0.644
7537,537,8,25.215,131.0,35,0.046
7538,538,8,29.666,120.0,50,0.348
7539,539,8,15.09,157.0,38,0.268
7540,540,8,14.916,149.0,61,1.775
7541,541,8,14.224,123.0,52,1.237
7542,542,8,18.03,129.0,51,0.329
7543,543,8,12.173,126.0,60,0.228
7544,544,8,14.429,142.0,54,0.655
7545,545,8,14.908,97.0,50,0.209
7546,546,8,8.889,159.0,43,0.158
7547,547,8,14.019,165.0,60,0.339
7548,548,8,14.933,132.0,48,0.214
7549,549,8,9.278,140.0,63,0.871
7550,550,8,17.307,134.0,52,0.485
7551,551,8,10.493,137.0,47,0.05
7552,552,8,17.46835977908302,128.0,48,0.223
7553,553,8,18.655,123.0,53,0.948
7554,554,8,20.717,132.0,53,0.596
7555,555,8,13.538,109.0,53,0.362
7556,556,8,12.049,149.0,54,0.577
7557,557,8,21.956,128.0,62,0.452
7558,558,8,17.46835977908302,125.0,40,1.527
7559,559,8,14.514,126.0,67,1.504
7560,560,8,12.997,129.0,37,0.56
7561,561,8,22.878,143.0,41,0.209
7562,562,8,17.46835977908302,117.0,62,0.035
7563,563,8,8.977,134.0,62,0.03
7564,564,8,15.882,119.0,47,0.931
7565,565,8,17.46835977908302,135.0,46,0.604
7566,566,8,15.816,97.0,53,0.226
7567,567,8,14.111,138.0,48,0.353
7568,568,8,28.153,113.0,45,0.69
7569,569,8,16.38,141.0,53,0.409
7570,570,8,17.46835977908302,109.0,41,0.197
7571,571,8,13.021,102.0,43,0.484
7572,572,8,9.46,147.0,57,0.195
7573,573,8,14.577,105.0,40,0.325
7574,574,8,19.0,95.0,49,0.109
7575,575,8,12.255,145.0,42,0.207
7576,576,8,10.34,140.0,39,0.131
7577,577,8,20.54,100.0,52,0.5
7578,578,8,28.355,93.0,50,0.467
7579,579,8,19.554,90.0,59,1.1
7580,580,8,19.038,118.0,35,0.977
7581,581,8,12.848,109.0,49,0.512
7582,582,8,26.48,109.0,52,1.613
7583,583,8,17.46835977908302,129.0,51,0.06
7584,584,8,28.669,117.0,49,0.62
7585,585,8,27.568,139.0,59,1.235
7586,586,8,10.754,99.0,45,0.303
7587,587,8,13.003,136.0,58,0.901
7588,588,8,16.214,138.0,58,0.172
7589,589,8,19.297,108.0,52,0.297
7590,590,8,23.632,132.0,44,0.465
7591,591,8,22.324,114.0,51,1.336
7592,592,8,17.46835977908302,153.0,50,1.293
7593,593,8,11.224,110.0,53,0.868
7594,594,8,19.099,91.0,62,0.064
7595,595,8,9.564,125.0,42,0.913
7596,596,8,11.443,139.0,38,1.951
7597,597,8,19.268,115.0,45,0.344
7598,598,8,8.526,131.0,51,0.447
7599,599,8,25.472,104.0,59,0.349
7600,600,8,25.581,111.0,59,0.393
7601,601,8,9.006,142.0,48,0.193
7602,602,8,29.61,117.0,56,1.809
7603,603,8,17.46835977908302,133.0,53,0.106
7604,604,8,16.866,110.0,46,0.405
7605,605,8,14.461,160.0,48,0.475
7606,606,8,17.46835977908302,121.0,38,0.317
7607,607,8,22.729,115.0,35,0.101
7608,608,8,10.772,112.0,35,0.725
7609,609,8,17.912,90.0,44,0.92
7610,610,8,25.43,129.0,54,0.093
7611,611,8,22.991,147.0,60,0.932
7612,612,8,17.46835977908302,115.0,46,0.365
7613,613,8,17.46835977908302,130.0,53,0.091
7614,614,8,10.702,165.0,42,0.407
7615,615,8,12.017,131.0,53,0.255
7616,616,8,18.874,138.0,55,0.112
7617,617,8,13.092,100.0,55,0.117
7618,618,8,14.53,131.0,54,0.683
7619,619,8,12.344,99.0,42,0.86
7620,620,8,16.745,110.0,47,0.515
7621,621,8,11.409,149.0,59,0.4
7622,622,8,21.023,113.0,50,1.5
7623,623,8,2.631,146.0,43,0.048
7624,624,8,3.262,152.0,62,0.031
7625,625,8,11.021,155.0,53,0.626
7626,626,8,24.844,130.0,48,0.031
7627,627,8,24.004,131.0,55,0.288
7628,628,8,15.275,140.0,41,0.048
7629,629,8,14.957,140.0,57,0.406
7630,630,8,25.455,145.0,49,0.071
7631,631,8,13.563,107.0,56,0.187
7632,632,8,14.256,151.0,56,0.896
7633,633,8,10.733,113.0,63,0.003
7634,634,8,12.458,101.0,53,0.115
7635,635,8,10.268,118.0,45,0.433
7636,636,8,12.539,125.0,46,0.849
7637,637,8,27.178,109.0,54,0.556
7638,638,8,17.429,131.0,54,0.741
7639,639,8,16.041,101.0,57,1.137
7640,640,8,20.169,99.0,54,0.189
7641,641,8,30.546,147.0,39,0.053
7642,642,8,13.247,117.0,52,0.338
7643,643,8,13.597,116.0,48,0.268
7644,644,8,8.906,148.0,52,0.434
7645,645,8,15.464,135.0,54,0.207
7646,646,8,23.028,128.0,53,0.306
7647,647,8,10.524,121.0,47,0.058
7648,648,8,10.149,120.0,52,2.284
7649,649,8,13.583,143.0,55,0.495
7650,650,8,17.071,158.0,56,0.577
7651,651,8,16.743,108.0,50,3.061
7652,652,8,16.135,112.0,51,0.223
7653,653,8,12.114,122.0,50,0.862
7654,654,8,27.828,142.0,40,0.274
7655,655,8,5.806,147.0,36,1.103
7656,656,8,17.853,109.0,54,0.038
7657,657,8,23.562,122.0,40,0.182
7658,658,8,8.344,124.0,59,0.129
7659,659,8,19.123,131.0,50,0.114
7660,660,8,14.383,120.0,62,0.229
7661,661,8,18.625,104.0,53,0.363
7662,662,8,29.938,117.0,57,0.085
7663,663,8,7.94,128.0,65,0.917
7664,664,8,32.5710026,121.0,55,0.364
7665,665,8,5.761,115.0,42,0.373
7666,666,8,21.506,133.0,45,0.118
7667,667,8,17.46835977908302,142.0,44,0.602
7668,668,8,8.211,115.0,53,0.064
7669,669,8,23.134,92.0,63,0.805
7670,670,8,20.447,111.0,69,0.372
7671,671,8,16.295,101.0,55,0.044
7672,672,8,31.792,99.0,45,0.12
7673,673,8,13.985,119.0,44,0.325
7674,674,8,10.752,134.0,60,0.208
7675,675,8,4.051,138.0,48,0.478
7676,676,8,10.788,97.0,46,0.185
7677,677,8,13.268,142.0,53,0.753
7678,678,8,14.99,107.0,47,0.517
7679,679,8,17.085,128.0,46,0.372
7680,680,8,8.461,115.0,54,0.798
7681,681,8,14.971,103.0,42,0.096
7682,682,8,14.961,126.0,52,0.381
7683,683,8,16.628,116.0,58,0.753
7684,684,8,12.023,107.0,54,0.26
7685,685,8,18.854,145.0,54,0.148
7686,686,8,13.58,147.0,42,0.168
7687,687,8,15.896,102.0,42,0.338
7688,688,8,23.185,130.0,54,0.379
7689,689,8,14.744,133.0,48,0.195
7690,690,8,15.554,128.0,55,0.953
7691,691,8,7.365,140.0,70,0.105
7692,692,8,27.283,100.0,62,0.074
7693,693,8,25.778,122.0,51,0.808
7694,694,8,19.827,128.0,44,0.36
7695,695,8,18.083,134.0,42,0.609
7696,696,8,19.439,102.0,43,0.569
7697,697,8,17.61,115.0,50,0.006
7698,698,8,28.357,103.0,44,0.183
7699,699,8,17.787,110.0,60,0.244
7700,700,8,8.089,128.0,48,0.475
7701,701,8,15.756,122.0,57,0.729
7702,702,8,18.614,141.0,44,0.045
7703,703,8,30.625,125.0,53,0.911
7704,704,8,14.255,118.0,46,0.588
7705,705,8,17.744,135.0,46,0.111
7706,706,8,12.646,131.0,39,0.444
7707,707,8,6.615,146.0,60,0.12
7708,708,8,15.272,164.0,51,0.907
7709,709,8,12.694,107.0,68,0.553
7710,710,8,11.279,134.0,58,0.192
7711,711,8,14.807,141.0,45,0.013
7712,712,8,29.122,99.0,56,2.317
7713,713,8,0.832,131.0,39,0.126
7714,714,8,20.42,124.0,51,0.723
7715,715,8,18.152,115.0,57,0.008
7716,716,8,16.192,129.0,48,0.419
7717,717,8,8.706,113.0,41,0.472
7718,718,8,10.748,138.0,51,0.392
7719,719,8,14.634,104.0,57,0.028
7720,720,8,11.235,109.0,45,1.208
7721,721,8,18.866,137.0,51,0.04
7722,722,8,20.3,126.0,56,0.273
7723,723,8,17.46835977908302,135.0,46,0.172
7724,724,8,17.449,112.0,49,0.567
7725,725,8,20.709,115.0,54,0.014
7726,726,8,24.302,153.0,51,0.39
7727,727,8,13.857,102.0,58,0.235
7728,728,8,28.715,101.0,58,1.286
7729,729,8,24.596,89.0,63,0.088
7730,730,8,10.041,131.0,41,1.005
7731,731,8,16.373,110.0,54,0.43
7732,732,8,24.963,125.0,45,0.315
7733,733,8,14.498,122.0,49,0.178
7734,734,8,16.932,94.0,43,0.075
7735,735,8,6.928,123.0,50,0.829
7736,736,8,16.288,109.0,52,0.458
7737,737,8,25.565,106.0,56,0.558
7738,738,8,16.537,144.0,46,0.177
7739,739,8,12.565,109.0,54,0.121
7740,740,8,15.729,117.0,52,0.289
7741,741,8,19.52,151.0,46,0.134
7742,742,8,25.258,137.0,54,0.581
7743,743,8,9.063,152.0,57,1.395
7744,744,8,16.045,123.0,39,0.446
7745,745,8,8.643,135.0,51,0.698
7746,746,8,23.133,111.0,58,0.019
7747,747,8,13.565,115.0,47,3.69
7748,748,8,16.474,108.0,53,0.521
7749,749,8,19.571,131.0,49,0.331
7750,750,8,10.81,124.0,56,0.344
7751,751,8,9.819,154.0,51,1.306
7752,752,8,17.46835977908302,113.0,40,0.04
7753,753,8,5.544,136.0,41,0.062
7754,754,8,13.745,96.0,47,1.084
7755,755,8,13.117,147.0,52,0.561
7756,756,8,5.136,144.0,53,0.422
7757,757,8,16.061,93.0,46,0.13
7758,758,8,22.156,134.0,56,0.069
7759,759,8,27.588,130.0,51,0.277
7760,760,8,24.673,107.0,45,0.113
7761,761,8,16.323,117.0,44,0.857
7762,762,8,7.725,128.0,57,0.044
7763,763,8,25.693,124.0,37,1.073
7764,764,8,26.478,97.0,57,0.495
7765,765,8,18.441,88.0,50,1.101
7766,766,8,16.779,125.0,52,0.282
7767,767,8,12.954,99.0,48,0.482
7768,768,8,6.476,121.0,62,0.886
7769,769,8,16.352,113.0,41,1.128
7770,770,8,19.278,113.0,54,1.054
7771,771,8,17.944,115.0,56,0.147
7772,772,8,13.646,151.0,51,2.539
7773,773,8,3.667,131.0,49,0.15
7774,774,8,16.194,142.0,57,0.022
7775,775,8,23.361,125.0,58,0.191
7776,776,8,20.025,127.0,38,0.453
7777,777,8,19.976,108.0,59,0.791
7778,778,8,24.917,124.0,67,1.031
7779,779,8,10.391,132.0,49,0.832
7780,780,8,20.375,110.0,51,0.998
7781,781,8,15.192,153.0,44,0.065
7782,782,8,9.275,126.0,50,0.681
7783,783,8,30.684,116.0,41,0.084
7784,784,8,7.174,133.0,65,0.094
7785,785,8,10.325,138.0,45,0.262
7786,786,8,8.438,129.0,53,0.307
7787,787,8,24.792,152.0,49,0.023
7788,788,8,24.739,130.0,66,0.963
7789,789,8,12.695,163.0,57,0.408
7790,790,8,17.96,130.0,66,0.033
7791,791,8,17.385,100.0,53,0.615
7792,792,8,25.497,118.0,59,0.45
7793,793,8,17.46835977908302,144.0,57,0.221
7794,794,8,4.04,124.0,47,0.389
7795,795,8,18.829,105.0,39,0.111
7796,796,8,23.446,122.0,55,0.362
7797,797,8,8.021,112.0,44,0.526
7798,798,8,14.956,135.0,51,0.665
7799,799,8,32.5710026,93.0,46,0.371
7800,800,8,8.11,127.0,49,0.429
7801,801,8,15.467,166.0,59,0.328
7802,802,8,21.893,119.0,49,0.251
7803,803,8,12.236,137.0,43,0.212
7804,804,8,17.087,100.0,45,0.522
7805,805,8,10.229,120.0,58,0.21
7806,806,8,18.036,127.0,49,0.14
7807,807,8,21.032,139.0,43,0.688
7808,808,8,28.452,105.0,42,0.017
7809,809,8,12.779,128.0,47,0.474
7810,810,8,16.82,98.0,50,0.067
7811,811,8,17.444,103.0,43,0.416
7812,812,8,13.009,112.0,51,0.761
7813,813,8,18.79,110.0,36,0.762
7814,814,8,16.723,121.0,55,0.342
7815,815,8,16.609,137.0,54,0.112
7816,816,8,8.365,126.0,59,0.063
7817,817,8,22.742,132.0,45,0.456
7818,818,8,18.836,138.0,47,1.079
7819,819,8,13.127,140.0,40,0.327
7820,820,8,22.156,107.0,52,0.074
7821,821,8,3.018,149.0,48,0.626
7822,822,8,15.99,102.0,54,0.557
7823,823,8,12.081,141.0,48,1.497
7824,824,8,22.634,142.0,57,2.151
7825,825,8,14.673,118.0,51,0.066
7826,826,8,24.826,138.0,48,0.291
7827,827,8,16.463,105.0,66,0.721
7828,828,8,16.227,119.0,58,0.476
7829,829,8,25.034,122.0,45,0.442
7830,830,8,22.163,166.0,52,0.045
7831,831,8,23.435,99.0,53,0.138
7832,832,8,13.14,136.0,43,0.179
7833,833,8,19.321,124.0,50,0.213
7834,834,8,8.07,139.0,50,0.864
7835,835,8,25.895,111.0,60,0.254
7836,836,8,32.5710026,118.0,53,0.36
7837,837,8,16.143,122.0,55,0.843
7838,838,8,8.638,129.0,56,0.241
7839,839,8,17.46835977908302,116.0,40,0.244
7840,840,8,27.133,145.0,54,0.141
7841,841,8,16.896,139.0,51,0.015
7842,842,8,9.289,109.0,46,0.529
7843,843,8,26.0,130.0,49,0.851
7844,844,8,21.883,109.0,61,0.064
7845,845,8,31.143,111.0,44,0.336
7846,846,8,14.137,119.0,44,0.435
7847,847,8,18.17,105.0,45,0.238
7848,848,8,14.631,137.0,41,0.068
7849,849,8,17.46835977908302,85.0,55,0.565
7850,850,8,11.37,151.0,48,0.041
7851,851,8,17.953,142.0,43,0.061
7852,852,8,26.678,144.0,61,0.123
7853,853,8,17.46835977908302,146.0,51,0.53
7854,854,8,14.667,87.0,55,0.892
7855,855,8,31.152,129.0,47,0.432
7856,856,8,13.631,132.0,51,1.148
7857,857,8,9.19,146.0,55,2.965
7858,858,8,26.751,105.0,43,0.075
7859,859,8,15.202,119.0,49,0.062
7860,860,8,3.298,126.0,59,0.232
7861,861,8,12.681,109.0,60,0.882
7862,862,8,11.65,88.0,57,0.957
7863,863,8,10.497,142.0,45,0.003
7864,864,8,10.712,131.0,50,0.169
7865,865,8,19.525,136.0,52,0.14
7866,866,8,16.531,111.0,43,0.099
7867,867,8,18.8,119.0,58,0.346
7868,868,8,16.54,166.0,48,1.788
7869,869,8,9.91,129.0,41,0.023
7870,870,8,17.46835977908302,116.0,37,0.31
7871,871,8,5.606,151.0,55,0.079
7872,872,8,18.338,148.0,43,0.44
7873,873,8,10.306,163.0,58,0.286
7874,874,8,19.443,130.0,57,0.232
7875,875,8,12.551,125.0,56,0.101
7876,876,8,8.714,158.0,65,0.576
7877,877,8,8.734,158.0,48,0.111
7878,878,8,28.467,110.0,46,0.593
7879,879,8,11.548,124.0,43,0.164
7880,880,8,21.197,149.0,45,0.615
7881,881,8,17.767,109.0,55,0.067
7882,882,8,26.094,110.0,45,0.259
7883,883,8,4.507,136.0,52,0.457
7884,884,8,19.478,150.0,46,0.007
7885,885,8,23.161,140.0,52,0.05
7886,886,8,19.76,111.0,49,0.816
7887,887,8,8.159,154.0,51,0.086
7888,888,8,13.079,98.0,65,0.121
7889,889,8,15.368,105.0,41,0.007
7890,890,8,27.677,128.0,40,0.297
7891,891,8,12.349,145.0,59,0.09
7892,892,8,18.463,113.0,50,1.26
7893,893,8,16.412,104.0,52,0.018
7894,894,8,29.121,103.0,44,1.984
7895,895,8,12.728,154.0,42,0.158
7896,896,8,12.64,110.0,50,0.21
7897,897,8,22.113,105.0,52,1.963
7898,898,8,12.784,103.0,38,0.099
7899,899,8,19.61,109.0,43,0.027
7900,900,8,19.145,143.0,57,1.069
7901,901,8,14.778,116.0,48,0.248
7902,902,8,24.391,104.0,51,0.487
7903,903,8,22.351,118.0,53,0.806
7904,904,8,5.531,142.0,56,0.11
7905,905,8,10.085,143.0,47,0.062
7906,906,8,28.987,151.0,53,0.006
7907,907,8,18.863,101.0,45,1.157
7908,908,8,20.117,115.0,52,0.178
7909,909,8,9.189,149.0,64,1.123
7910,910,8,26.034,128.0,56,2.011
7911,911,8,24.182,102.0,59,0.031
7912,912,8,22.391,107.0,49,0.044
7913,913,8,8.819,138.0,54,0.114
7914,914,8,25.151,140.0,53,1.795
7915,915,8,21.518,132.0,46,0.111
7916,916,8,18.928,157.0,55,0.803
7917,917,8,10.423,115.0,59,0.928
7918,918,8,16.312,113.0,52,0.167
7919,919,8,18.181,122.0,55,0.127
7920,920,8,15.6,94.0,53,0.433
7921,921,8,9.221,153.0,49,0.364
7922,922,8,17.87,146.0,53,0.606
7923,923,8,11.014,136.0,39,1.44
7924,924,8,13.313,142.0,49,0.011
7925,925,8,10.643,109.0,43,1.742
7926,926,8,9.835,138.0,54,0.763
7927,927,8,13.163,138.0,57,1.054
7928,928,8,9.121,138.0,46,0.234
7929,929,8,22.305,155.0,50,0.257
7930,930,8,27.959,123.0,45,0.348
7931,931,8,15.195,129.0,58,0.304
7932,932,8,21.279,118.0,67,0.012
7933,933,8,7.349,115.0,46,0.363
7934,934,8,14.616,157.0,47,0.038
7935,935,8,18.012,110.0,42,0.215
7936,936,8,27.967,110.0,73,0.521
7937,937,8,23.69,132.0,64,0.369
7938,938,8,6.669,159.0,54,0.336
7939,939,8,18.557,134.0,56,0.691
7940,940,8,11.204,153.0,48,0.619
7941,941,8,18.084,104.0,51,0.408
7942,942,8,15.917,134.0,43,0.452
7943,943,8,26.57,145.0,50,0.036
7944,944,8,10.29,106.0,59,0.25
7945,945,8,27.19,116.0,62,0.414
7946,946,8,17.46835977908302,107.0,57,0.3
7947,947,8,17.981,145.0,50,0.942
7948,948,8,30.687,137.0,63,0.408
7949,949,8,21.171,151.0,51,0.422
7950,950,8,14.248,149.0,43,0.509
7951,951,8,4.833,133.0,49,0.132
7952,952,8,13.213,104.0,54,1.391
7953,953,8,13.02,119.0,67,0.936
7954,954,8,15.725,112.0,63,1.12
7955,955,8,14.361,158.0,48,0.293
7956,956,8,12.869,82.0,42,0.857
7957,957,8,15.066,131.0,55,0.166
7958,958,8,11.846,109.0,48,0.156
7959,959,8,25.871,108.0,52,0.377
7960,960,8,18.064,135.0,57,0.825
7961,961,8,12.532,131.0,66,0.115
7962,962,8,27.272,96.0,43,0.056
7963,963,8,21.216,99.0,48,0.405
7964,964,8,26.491,153.0,52,0.64
7965,965,8,13.146,115.0,39,0.884
7966,966,8,10.153,126.0,52,0.714
7967,967,8,16.633,121.0,47,0.563
7968,968,8,17.974,139.0,56,0.03
7969,969,8,20.174,115.0,58,0.232
7970,970,8,14.543,138.0,50,0.744
7971,971,8,15.624,158.0,51,0.372
7972,972,8,26.333,125.0,50,0.351
7973,973,8,11.6,123.0,40,0.042
7974,974,8,17.802,120.0,48,1.371
7975,975,8,16.32,114.0,53,0.358
7976,976,8,26.702,114.0,38,0.459
7977,977,8,8.684,126.0,54,2.321
7978,978,8,14.922,138.0,60,0.577
7979,979,8,11.226,151.0,60,0.61
7980,980,8,12.016,143.0,51,0.422
7981,981,8,8.914,130.0,47,0.962
7982,982,8,16.27,144.0,50,0.108
7983,983,8,24.361,142.0,41,0.556
7984,984,8,17.624,140.0,59,0.977
7985,985,8,25.907,113.0,45,0.311
7986,986,8,16.505,106.0,50,0.503
7987,987,8,16.693,125.0,44,0.73
7988,988,8,16.329,143.0,60,0.666
7989,989,8,12.818,166.0,51,0.324
7990,990,8,32.5710026,166.0,50,0.047
7991,991,8,12.82,118.0,48,1.578
7992,992,8,20.382,130.0,45,0.763
7993,993,8,10.11,134.0,43,0.281
7994,994,8,14.107,160.0,61,1.403
7995,995,8,13.415,157.0,48,0.812
7996,996,8,12.526,140.0,52,0.188
7997,997,8,18.44,93.0,45,0.457
7998,998,8,20.78,112.0,46,0.004
7999,999,8,7.656,152.0,55,0.082
8000,1000,8,11.391,121.0,49,0.615
8001,1,9,14.546,142.0,46,0.432
8002,2,9,3.941,132.0,43,0.093
8003,3,9,10.922,161.0,62,0.827
8004,4,9,19.61,88.0,43,0.073
8005,5,9,19.615,109.0,43,1.224
8006,6,9,9.589,118.0,54,1.127
8007,7,9,24.85,127.0,45,0.036
8008,8,9,25.713,86.0,44,1.211
8009,9,9,5.323,146.0,46,0.794
8010,10,9,9.043,138.0,47,0.496
8011,11,9,11.103,108.0,50,0.271
8012,12,9,32.045,110.0,49,0.459
8013,13,9,17.46835977908302,137.0,54,0.706
8014,14,9,24.112,125.0,66,0.392
8015,15,9,18.511,137.0,47,0.416
8016,16,9,26.778,102.0,55,1.111
8017,17,9,17.46835977908302,122.0,56,1.304
8018,18,9,25.261,148.0,35,0.792
8019,19,9,5.946,139.0,62,1.335
8020,20,9,17.46835977908302,100.0,55,0.341
8021,21,9,15.134,112.0,45,0.797
8022,22,9,13.447,135.0,35,0.408
8023,23,9,25.717,130.0,60,1.049
8024,24,9,14.883,110.0,44,0.654
8025,25,9,26.435,137.0,53,0.367
8026,26,9,12.278,121.0,58,1.759
8027,27,9,17.46835977908302,117.0,54,0.535
8028,28,9,18.529,127.0,39,0.683
8029,29,9,18.353,109.0,54,0.705
8030,30,9,20.326,117.0,48,0.204
8031,31,9,19.156,130.0,45,0.178
8032,32,9,3.004,139.0,38,0.307
8033,33,9,16.765,123.0,42,0.012
8034,34,9,0.105,155.0,44,0.176
8035,35,9,17.126,134.0,50,0.059
8036,36,9,29.619,129.0,59,0.471
8037,37,9,10.524,124.0,35,0.068
8038,38,9,24.077,105.0,51,1.069
8039,39,9,9.918,118.0,44,0.211
8040,40,9,13.191,125.0,55,0.425
8041,41,9,24.825,148.0,53,0.76
8042,42,9,18.231,115.0,52,2.507
8043,43,9,18.384,98.0,62,0.27
8044,44,9,9.607,140.0,54,0.312
8045,45,9,16.582,100.0,46,0.29
8046,46,9,25.91,125.0,40,1.583
8047,47,9,20.202,158.0,43,0.425
8048,48,9,12.774,113.0,51,0.047
8049,49,9,7.377,124.0,63,0.531
8050,50,9,6.498,150.0,58,0.843
8051,51,9,10.034,153.0,68,0.373
8052,52,9,16.833,138.0,52,0.811
8053,53,9,12.83,142.0,58,0.771
8054,54,9,17.84,126.0,50,0.854
8055,55,9,13.92,119.0,44,0.247
8056,56,9,24.024,114.0,58,0.026
8057,57,9,13.422,115.0,52,0.912
8058,58,9,8.315,142.0,41,0.169
8059,59,9,4.301,134.0,50,0.067
8060,60,9,12.855,115.0,46,1.258
8061,61,9,25.713,129.0,44,0.074
8062,62,9,27.518,123.0,49,0.806
8063,63,9,26.59,121.0,52,0.019
8064,64,9,11.718,117.0,35,0.162
8065,65,9,15.952,110.0,50,0.116
8066,66,9,23.937,101.0,44,1.125
8067,67,9,13.811,159.0,50,0.051
8068,68,9,18.537,101.0,53,0.145
8069,69,9,17.46835977908302,123.0,52,0.438
8070,70,9,17.011,95.0,43,1.76
8071,71,9,16.287,127.0,53,0.297
8072,72,9,24.884,120.0,50,1.084
8073,73,9,15.618,130.0,50,0.093
8074,74,9,19.119,129.0,54,0.22
8075,75,9,24.901,148.0,40,0.013
8076,76,9,14.181,128.0,48,0.646
8077,77,9,12.348,137.0,50,1.17
8078,78,9,16.596,124.0,48,0.061
8079,79,9,12.857,131.0,32,0.152
8080,80,9,12.529,118.0,50,0.149
8081,81,9,11.798,139.0,42,0.185
8082,82,9,8.794,101.0,50,0.286
8083,83,9,17.46835977908302,98.0,51,0.076
8084,84,9,23.855,111.0,47,0.228
8085,85,9,6.588,125.0,61,0.066
8086,86,9,19.094,134.0,58,0.525
8087,87,9,17.199,139.0,49,0.792
8088,88,9,22.26,129.0,49,1.157
8089,89,9,23.285,135.0,51,1.014
8090,90,9,17.46835977908302,148.0,44,0.115
8091,91,9,21.525,118.0,46,0.135
8092,92,9,18.208,108.0,50,0.815
8093,93,9,15.363,126.0,45,1.149
8094,94,9,15.68,102.0,50,0.116
8095,95,9,16.017,140.0,54,0.109
8096,96,9,17.46835977908302,137.0,49,0.014
8097,97,9,17.46835977908302,134.0,58,1.272
8098,98,9,18.762,128.0,43,0.084
8099,99,9,24.077,103.0,64,0.178
8100,100,9,32.5710026,117.0,44,0.347
8101,101,9,13.459,110.0,50,0.359
8102,102,9,10.536,136.0,50,0.046
8103,103,9,15.986,125.0,48,0.083
8104,104,9,19.46,166.0,65,0.194
8105,105,9,23.67,136.0,53,0.67
8106,106,9,6.235,114.0,53,1.295
8107,107,9,17.46835977908302,155.0,53,0.189
8108,108,9,15.224,103.0,52,0.228
8109,109,9,23.851,119.0,47,0.243
8110,110,9,11.44,147.0,58,0.816
8111,111,9,17.664,117.0,53,0.654
8112,112,9,6.464,106.0,59,0.039
8113,113,9,13.361,152.0,47,0.385
8114,114,9,14.559,128.0,55,0.175
8115,115,9,19.203,123.0,55,0.863
8116,116,9,21.22,91.0,41,0.136
8117,117,9,10.268,107.0,49,0.384
8118,118,9,12.361,94.0,39,0.205
8119,119,9,15.925,114.0,41,0.039
8120,120,9,6.736,117.0,52,0.162
8121,121,9,6.183,113.0,45,0.389
8122,122,9,6.279,134.0,57,0.125
8123,123,9,26.238,112.0,44,0.207
8124,124,9,25.916,121.0,61,1.134
8125,125,9,25.384,114.0,45,0.333
8126,126,9,15.468,125.0,43,0.067
8127,127,9,32.5710026,134.0,45,0.787
8128,128,9,30.853,107.0,46,0.105
8129,129,9,8.312,128.0,53,0.228
8130,130,9,11.459,152.0,62,0.097
8131,131,9,9.895,104.0,65,0.346
8132,132,9,29.007,109.0,51,0.112
8133,133,9,17.547,116.0,54,0.141
8134,134,9,18.853,124.0,41,0.193
8135,135,9,23.045,142.0,54,1.035
8136,136,9,16.846,146.0,54,0.293
8137,137,9,17.065,138.0,42,0.358
8138,138,9,16.606,119.0,51,2.325
8139,139,9,23.843,124.0,45,1.342
8140,140,9,24.372,111.0,41,0.13
8141,141,9,8.206,118.0,60,0.038
8142,142,9,19.029,130.0,48,0.154
8143,143,9,19.388,157.0,47,0.048
8144,144,9,17.478,109.0,43,0.374
8145,145,9,25.637,140.0,43,0.01
8146,146,9,25.191,132.0,51,0.179
8147,147,9,20.387,121.0,47,0.12
8148,148,9,25.406,139.0,53,0.039
8149,149,9,18.016,119.0,46,0.049
8150,150,9,8.101,117.0,43,0.447
8151,151,9,5.675,139.0,37,0.819
8152,152,9,28.17,104.0,52,0.691
8153,153,9,28.194,131.0,45,0.447
8154,154,9,29.317,119.0,54,1.891
8155,155,9,27.862,131.0,46,0.028
8156,156,9,18.774,114.0,56,0.824
8157,157,9,4.786,121.0,48,0.316
8158,158,9,14.536,120.0,47,0.723
8159,159,9,16.243,128.0,48,0.505
8160,160,9,17.495,94.0,48,1.038
8161,161,9,10.606,140.0,58,0.346
8162,162,9,18.858,114.0,44,1.222
8163,163,9,18.47,110.0,49,0.726
8164,164,9,18.496,129.0,55,0.569
8165,165,9,22.742,124.0,55,0.243
8166,166,9,12.681,118.0,50,0.053
8167,167,9,27.787,84.0,35,0.23
8168,168,9,15.554,129.0,52,0.392
8169,169,9,14.628,135.0,53,0.8
8170,170,9,10.803,148.0,60,0.003
8171,171,9,16.542,112.0,47,0.253
8172,172,9,14.365,121.0,46,0.038
8173,173,9,29.88,143.0,54,0.088
8174,174,9,21.628,137.0,44,1.221
8175,175,9,17.84,149.0,42,0.091
8176,176,9,28.873,122.0,41,0.228
8177,177,9,15.368,99.0,47,0.597
8178,178,9,4.308,136.0,49,0.12
8179,179,9,18.561,135.0,40,0.385
8180,180,9,26.643,109.0,58,0.401
8181,181,9,19.183,134.0,51,0.151
8182,182,9,24.039,146.0,51,0.028
8183,183,9,10.278,121.0,35,0.325
8184,184,9,14.189,102.0,54,0.269
8185,185,9,11.451,96.0,53,0.183
8186,186,9,14.249,114.0,50,0.567
8187,187,9,10.461,136.0,49,0.033
8188,188,9,11.944,110.0,53,0.218
8189,189,9,9.904,148.0,39,2.504
8190,190,9,14.429,101.0,44,1.224
8191,191,9,16.69,137.0,51,0.125
8192,192,9,13.562,139.0,34,1.041
8193,193,9,13.438,109.0,49,0.316
8194,194,9,14.802,138.0,48,0.279
8195,195,9,9.612,136.0,61,0.208
8196,196,9,9.459,119.0,50,0.243
8197,197,9,10.86,95.0,43,0.026
8198,198,9,30.531,97.0,46,1.977
8199,199,9,20.199,131.0,45,1.46
8200,200,9,11.579,131.0,47,0.673
8201,201,9,16.033,115.0,40,0.023
8202,202,9,22.382,147.0,57,0.237
8203,203,9,13.501,137.0,59,0.053
8204,204,9,6.179,113.0,43,0.53
8205,205,9,32.5710026,96.0,54,0.809
8206,206,9,14.609,148.0,49,0.095
8207,207,9,17.46835977908302,113.0,65,0.011
8208,208,9,20.111,120.0,61,0.424
8209,209,9,6.146,136.0,50,0.067
8210,210,9,16.306,139.0,44,0.012
8211,211,9,2.938,122.0,56,1.83
8212,212,9,7.251,155.0,53,0.111
8213,213,9,15.535,103.0,61,0.089
8214,214,9,26.456,117.0,59,1.022
8215,215,9,13.586,128.0,49,0.305
8216,216,9,24.238,135.0,41,1.32
8217,217,9,15.191,103.0,52,0.133
8218,218,9,19.879,106.0,57,0.403
8219,219,9,11.997,133.0,62,0.878
8220,220,9,18.742,103.0,45,0.296
8221,221,9,6.705,142.0,36,0.819
8222,222,9,13.606,113.0,45,0.589
8223,223,9,17.823,120.0,49,0.61
8224,224,9,19.972,110.0,51,0.516
8225,225,9,17.651,152.0,44,0.669
8226,226,9,8.96,142.0,47,1.783
8227,227,9,8.971,140.0,47,0.248
8228,228,9,30.965,109.0,46,0.571
8229,229,9,0.0,97.0,45,2.651
8230,230,9,27.876,105.0,49,1.283
8231,231,9,17.46835977908302,95.0,47,0.013
8232,232,9,5.248,159.0,34,1.727
8233,233,9,19.929,152.0,45,0.029
8234,234,9,9.296,117.0,55,0.174
8235,235,9,8.719,158.0,59,0.582
8236,236,9,10.328,131.0,47,0.111
8237,237,9,15.183,158.0,42,0.746
8238,238,9,29.843,111.0,48,0.082
8239,239,9,13.216,101.0,54,1.365
8240,240,9,7.636,148.0,49,1.286
8241,241,9,14.075,117.0,53,0.073
8242,242,9,12.013,111.0,58,1.355
8243,243,9,23.729,136.0,68,1.422
8244,244,9,18.981,99.0,62,0.359
8245,245,9,12.117,112.0,49,0.015
8246,246,9,17.369,107.0,57,1.111
8247,247,9,15.659,162.0,53,0.122
8248,248,9,14.929,143.0,44,0.403
8249,249,9,27.274,101.0,49,0.342
8250,250,9,13.719,144.0,56,0.668
8251,251,9,17.338,113.0,56,0.287
8252,252,9,24.487,118.0,61,0.405
8253,253,9,8.989,146.0,50,0.937
8254,254,9,17.763,120.0,36,0.985
8255,255,9,19.744,130.0,55,0.285
8256,256,9,9.632,165.0,43,0.078
8257,257,9,11.362,123.0,44,0.21
8258,258,9,32.5710026,97.0,50,1.347
8259,259,9,23.605,136.0,49,0.319
8260,260,9,18.683,127.0,53,0.668
8261,261,9,11.215,119.0,48,0.25
8262,262,9,25.061,120.0,46,0.206
8263,263,9,4.568,127.0,49,1.104
8264,264,9,30.231,86.0,54,0.159
8265,265,9,22.495,96.0,46,1.024
8266,266,9,25.725,148.0,48,0.199
8267,267,9,12.636,145.0,54,1.018
8268,268,9,17.365,107.0,59,1.345
8269,269,9,5.288,138.0,49,0.105
8270,270,9,14.495,108.0,45,0.44
8271,271,9,19.571,137.0,33,0.09
8272,272,9,23.839,133.0,52,1.406
8273,273,9,7.278,90.0,49,1.217
8274,274,9,16.991,116.0,49,0.716
8275,275,9,15.217,108.0,44,0.56
8276,276,9,10.963,132.0,37,0.602
8277,277,9,18.013,103.0,46,0.202
8278,278,9,13.838,161.0,46,0.402
8279,279,9,16.646,111.0,60,0.358
8280,280,9,32.5710026,103.0,64,0.209
8281,281,9,12.309,134.0,46,1.716
8282,282,9,19.418,163.0,52,0.234
8283,283,9,17.608,115.0,53,0.995
8284,284,9,9.49,93.0,42,0.26
8285,285,9,26.592,135.0,48,0.047
8286,286,9,24.52,113.0,48,1.004
8287,287,9,16.674,127.0,50,0.174
8288,288,9,17.46835977908302,162.0,52,0.614
8289,289,9,5.614,110.0,48,0.069
8290,290,9,20.315,146.0,55,0.158
8291,291,9,6.944,132.0,53,0.468
8292,292,9,14.723,95.0,53,0.599
8293,293,9,32.203,107.0,50,0.255
8294,294,9,25.277,121.0,60,0.575
8295,295,9,14.454,117.0,44,0.043
8296,296,9,23.527,133.0,48,0.77
8297,297,9,16.866,135.0,45,1.047
8298,298,9,16.209,132.0,68,0.11
8299,299,9,15.933,121.0,57,0.083
8300,300,9,28.06,122.0,43,0.056
8301,301,9,23.465,109.0,52,0.389
8302,302,9,10.979,125.0,57,0.276
8303,303,9,14.42,125.0,56,1.527
8304,304,9,25.091,156.0,52,2.088
8305,305,9,29.077,108.0,47,0.016
8306,306,9,20.69,129.0,47,0.21
8307,307,9,16.935,123.0,46,0.229
8308,308,9,26.638,114.0,58,0.604
8309,309,9,16.856,134.0,54,1.405
8310,310,9,13.319,106.0,44,0.026
8311,311,9,18.433,131.0,44,1.14
8312,312,9,22.297,98.0,45,0.487
8313,313,9,12.989,152.0,53,0.028
8314,314,9,13.671,129.0,49,0.235
8315,315,9,12.071,138.0,52,0.049
8316,316,9,12.765,106.0,52,0.451
8317,317,9,32.5710026,111.0,53,0.159
8318,318,9,11.564,124.0,48,0.232
8319,319,9,14.898,108.0,70,0.17
8320,320,9,14.69,135.0,65,0.004
8321,321,9,17.901,140.0,56,0.09
8322,322,9,20.266,131.0,42,0.075
8323,323,9,6.96,139.0,42,0.573
8324,324,9,23.825,107.0,46,1.879
8325,325,9,24.175,101.0,43,0.139
8326,326,9,7.18,118.0,45,0.234
8327,327,9,25.622,119.0,45,0.435
8328,328,9,11.225,118.0,45,0.548
8329,329,9,17.62,116.0,53,0.614
8330,330,9,9.382,166.0,43,0.654
8331,331,9,7.872,132.0,55,0.047
8332,332,9,29.801,88.0,62,0.942
8333,333,9,19.44,106.0,59,0.029
8334,334,9,29.437,117.0,59,0.263
8335,335,9,11.734,140.0,43,0.026
8336,336,9,10.662,139.0,45,0.169
8337,337,9,29.741,110.0,55,0.185
8338,338,9,13.508,151.0,55,0.295
8339,339,9,16.286,111.0,55,0.737
8340,340,9,11.766,137.0,50,0.439
8341,341,9,4.531,119.0,50,0.292
8342,342,9,28.841,126.0,46,0.927
8343,343,9,10.505,108.0,46,0.406
8344,344,9,15.866,102.0,49,0.071
8345,345,9,8.279,125.0,61,0.861
8346,346,9,19.59,151.0,56,0.861
8347,347,9,24.349,111.0,53,0.561
8348,348,9,17.46835977908302,120.0,58,0.316
8349,349,9,15.556,134.0,56,0.191
8350,350,9,14.472,117.0,40,0.519
8351,351,9,17.583,142.0,47,0.561
8352,352,9,19.581,135.0,58,0.313
8353,353,9,14.796,109.0,52,0.151
8354,354,9,8.879,126.0,53,0.896
8355,355,9,17.46835977908302,142.0,48,1.47
8356,356,9,19.222,133.0,66,0.424
8357,357,9,23.589,99.0,45,0.599
8358,358,9,23.214,133.0,58,0.01
8359,359,9,25.095,113.0,44,0.418
8360,360,9,32.503,140.0,63,0.191
8361,361,9,16.466,101.0,48,0.289
8362,362,9,14.714,122.0,51,0.288
8363,363,9,15.577,129.0,51,0.856
8364,364,9,13.075,137.0,46,0.601
8365,365,9,17.276,122.0,43,0.566
8366,366,9,22.339,109.0,38,1.003
8367,367,9,17.574,119.0,48,0.327
8368,368,9,17.46835977908302,96.0,54,1.122
8369,369,9,11.108,127.0,50,0.02
8370,370,9,28.242,137.0,53,0.313
8371,371,9,16.786,138.0,50,0.047
8372,372,9,11.022,109.0,56,0.416
8373,373,9,14.378,134.0,36,0.039
8374,374,9,8.133,141.0,49,0.256
8375,375,9,22.102,108.0,46,0.356
8376,376,9,8.493,139.0,51,0.204
8377,377,9,5.077,105.0,43,0.196
8378,378,9,19.788,139.0,58,0.152
8379,379,9,5.182,133.0,53,0.385
8380,380,9,22.945,131.0,52,1.775
8381,381,9,16.746,113.0,52,0.765
8382,382,9,17.287,132.0,49,0.157
8383,383,9,17.46835977908302,123.0,42,0.367
8384,384,9,27.012,115.0,47,1.206
8385,385,9,7.06,147.0,55,0.02
8386,386,9,19.432,119.0,55,0.208
8387,387,9,26.995,89.0,63,2.226
8388,388,9,14.925,104.0,54,0.716
8389,389,9,26.279,141.0,43,1.756
8390,390,9,15.033,114.0,38,0.188
8391,391,9,8.644,149.0,45,0.199
8392,392,9,8.563,139.0,48,1.093
8393,393,9,17.503,141.0,61,0.152
8394,394,9,16.386,146.0,50,0.175
8395,395,9,13.426,154.0,73,0.659
8396,396,9,8.661,112.0,51,0.39
8397,397,9,17.46835977908302,136.0,57,0.592
8398,398,9,22.625,122.0,53,0.108
8399,399,9,19.585,112.0,56,0.292
8400,400,9,15.42,123.0,58,0.071
8401,401,9,26.53,121.0,60,0.626
8402,402,9,24.276,119.0,63,0.59
8403,403,9,9.826,148.0,62,0.171
8404,404,9,17.46835977908302,128.0,45,0.299
8405,405,9,9.193,139.0,37,0.875
8406,406,9,10.703,102.0,54,0.796
8407,407,9,30.012,101.0,54,0.432
8408,408,9,17.46835977908302,111.0,49,0.236
8409,409,9,19.421,109.0,40,0.134
8410,410,9,29.367,128.0,55,0.841
8411,411,9,17.005,110.0,41,1.698
8412,412,9,25.634,112.0,42,0.544
8413,413,9,18.702,117.0,51,0.452
8414,414,9,22.832,102.0,57,0.724
8415,415,9,26.051,99.0,63,0.007
8416,416,9,17.46835977908302,120.0,53,0.109
8417,417,9,13.358,158.0,57,0.298
8418,418,9,2.723,133.0,43,0.152
8419,419,9,32.5710026,99.0,48,0.041
8420,420,9,7.199,138.0,45,2.088
8421,421,9,10.223,141.0,50,0.26
8422,422,9,15.642,113.0,33,1.088
8423,423,9,21.787,107.0,43,0.008
8424,424,9,16.301,113.0,49,0.17
8425,425,9,16.489,119.0,56,0.032
8426,426,9,21.041,127.0,51,0.006
8427,427,9,13.873,142.0,45,0.197
8428,428,9,14.371,108.0,59,0.032
8429,429,9,16.799,136.0,58,1.271
8430,430,9,31.938,126.0,53,0.784
8431,431,9,15.195,82.0,47,0.272
8432,432,9,9.354,113.0,49,0.039
8433,433,9,28.961,114.0,48,0.5
8434,434,9,27.846,112.0,46,2.837
8435,435,9,17.901,125.0,45,0.053
8436,436,9,26.819,111.0,51,0.105
8437,437,9,7.873,130.0,46,0.137
8438,438,9,17.46835977908302,145.0,50,0.171
8439,439,9,19.32,108.0,60,0.244
8440,440,9,9.969,132.0,48,0.729
8441,441,9,9.981,141.0,37,0.381
8442,442,9,12.713,111.0,75,1.282
8443,443,9,21.552,154.0,50,0.43
8444,444,9,11.391,112.0,46,0.208
8445,445,9,17.53,158.0,42,0.053
8446,446,9,22.064,140.0,52,0.144
8447,447,9,13.111,160.0,56,0.774
8448,448,9,15.245,139.0,49,0.472
8449,449,9,14.256,93.0,51,0.466
8450,450,9,17.46835977908302,104.0,53,0.315
8451,451,9,26.16,109.0,46,1.129
8452,452,9,18.25,127.0,47,0.5
8453,453,9,28.702,102.0,38,0.218
8454,454,9,28.753,102.0,42,0.149
8455,455,9,13.553,120.0,45,0.699
8456,456,9,9.287,148.0,59,0.243
8457,457,9,8.607,136.0,44,1.079
8458,458,9,8.007,104.0,47,0.6
8459,459,9,5.686,153.0,57,0.267
8460,460,9,14.158,128.0,43,0.149
8461,461,9,15.394,129.0,54,0.052
8462,462,9,14.425,146.0,57,0.043
8463,463,9,20.817,110.0,54,0.271
8464,464,9,16.702,131.0,59,0.588
8465,465,9,17.46835977908302,104.0,63,0.673
8466,466,9,15.476,106.0,43,0.807
8467,467,9,11.344,164.0,57,1.061
8468,468,9,14.342,122.0,59,0.229
8469,469,9,8.698,133.0,62,1.06
8470,470,9,14.858,117.0,52,0.201
8471,471,9,19.155,115.0,38,0.332
8472,472,9,13.643,99.0,55,0.183
8473,473,9,6.884,116.0,52,2.566
8474,474,9,11.204,126.0,39,0.09
8475,475,9,17.082,126.0,51,0.143
8476,476,9,12.185,148.0,66,0.057
8477,477,9,17.46835977908302,151.0,56,0.302
8478,478,9,17.46835977908302,134.0,42,0.915
8479,479,9,11.235,119.0,52,0.197
8480,480,9,7.725,131.0,50,0.306
8481,481,9,14.479,105.0,65,0.47
8482,482,9,15.075,108.0,58,0.289
8483,483,9,30.034,100.0,48,0.117
8484,484,9,17.46835977908302,106.0,52,0.371
8485,485,9,8.386,140.0,47,0.202
8486,486,9,19.953,114.0,46,0.212
8487,487,9,17.46835977908302,128.0,57,0.312
8488,488,9,7.808,101.0,43,0.047
8489,489,9,14.844,125.0,54,0.306
8490,490,9,10.131,137.0,51,0.327
8491,491,9,14.272,138.0,61,0.674
8492,492,9,19.186,132.0,55,0.554
8493,493,9,13.918,112.0,43,0.111
8494,494,9,28.771,107.0,49,0.375
8495,495,9,11.291,158.0,61,1.306
8496,496,9,5.574,133.0,46,1.728
8497,497,9,27.52,118.0,47,0.404
8498,498,9,10.769,110.0,49,0.516
8499,499,9,11.608,142.0,60,0.54
8500,500,9,13.523,109.0,48,1.181
8501,501,9,11.247,98.0,53,0.362
8502,502,9,9.619,124.0,46,0.094
8503,503,9,13.856,116.0,53,1.128
8504,504,9,17.46835977908302,116.0,40,1.262
8505,505,9,19.204,111.0,38,0.139
8506,506,9,26.15,92.0,50,0.141
8507,507,9,19.647,131.0,45,0.365
8508,508,9,19.588,137.0,51,0.198
8509,509,9,29.352,116.0,56,0.305
8510,510,9,27.196,120.0,47,0.685
8511,511,9,32.5710026,121.0,40,0.152
8512,512,9,16.918,140.0,55,1.085
8513,513,9,9.824,158.0,45,0.079
8514,514,9,4.48,139.0,55,0.286
8515,515,9,18.525,108.0,44,0.096
8516,516,9,23.963,118.0,59,0.343
8517,517,9,26.813,112.0,38,0.184
8518,518,9,19.04,95.0,58,0.214
8519,519,9,10.169,149.0,49,0.181
8520,520,9,14.022,133.0,55,0.376
8521,521,9,26.455,128.0,42,0.586
8522,522,9,8.421,129.0,44,0.974
8523,523,9,20.472,93.0,51,0.187
8524,524,9,29.447,115.0,43,0.665
8525,525,9,8.504,142.0,52,0.032
8526,526,9,2.346,142.0,45,0.286
8527,527,9,14.893,122.0,50,0.059
8528,528,9,18.093,144.0,51,0.076
8529,529,9,22.491,123.0,45,0.151
8530,530,9,9.073,106.0,68,0.332
8531,531,9,17.46835977908302,135.0,59,0.274
8532,532,9,8.873,166.0,58,0.372
8533,533,9,17.46835977908302,152.0,53,2.145
8534,534,9,17.46835977908302,108.0,37,0.409
8535,535,9,21.724,130.0,41,0.67
8536,536,9,11.124,133.0,55,0.383
8537,537,9,23.803,133.0,48,0.301
8538,538,9,32.077,118.0,45,0.669
8539,539,9,7.299,149.0,58,0.875
8540,540,9,9.679,164.0,54,0.334
8541,541,9,23.446,93.0,53,1.462
8542,542,9,23.344,121.0,54,0.107
8543,543,9,5.364,134.0,54,1.268
8544,544,9,24.318,130.0,66,0.939
8545,545,9,22.339,94.0,54,0.53
8546,546,9,10.974,129.0,34,1.036
8547,547,9,16.826,138.0,42,0.036
8548,548,9,13.654,133.0,47,0.004
8549,549,9,9.468,132.0,55,0.603
8550,550,9,13.552,121.0,58,0.058
8551,551,9,15.472,104.0,50,0.097
8552,552,9,13.982,114.0,50,0.736
8553,553,9,18.876,148.0,50,0.583
8554,554,9,15.583,144.0,51,0.539
8555,555,9,17.46835977908302,115.0,38,0.557
8556,556,9,16.286,166.0,49,0.162
8557,557,9,17.46835977908302,142.0,64,0.012
8558,558,9,17.362,100.0,51,0.051
8559,559,9,14.571,114.0,45,0.581
8560,560,9,9.537,165.0,51,0.171
8561,561,9,30.42,138.0,47,0.682
8562,562,9,29.557,110.0,41,1.048
8563,563,9,14.637,166.0,43,0.726
8564,564,9,8.988,114.0,45,0.306
8565,565,9,11.878,107.0,56,0.37
8566,566,9,17.896,129.0,51,0.535
8567,567,9,12.651,149.0,66,0.215
8568,568,9,23.949,102.0,57,0.232
8569,569,9,18.008,140.0,53,0.321
8570,570,9,23.049,109.0,57,0.682
8571,571,9,14.258,113.0,51,1.896
8572,572,9,11.486,137.0,56,0.094
8573,573,9,13.113,100.0,51,0.374
8574,574,9,14.806,143.0,63,0.778
8575,575,9,2.619,133.0,42,0.119
8576,576,9,15.608,150.0,56,1.118
8577,577,9,18.267,124.0,51,1.308
8578,578,9,31.357,109.0,48,0.457
8579,579,9,21.807,87.0,46,0.649
8580,580,9,16.251,142.0,59,0.473
8581,581,9,13.515,113.0,43,0.228
8582,582,9,23.489,104.0,38,0.197
8583,583,9,8.594,122.0,46,0.061
8584,584,9,21.506,128.0,38,0.797
8585,585,9,21.114,135.0,38,0.627
8586,586,9,13.035,109.0,45,0.203
8587,587,9,14.632,141.0,46,0.571
8588,588,9,17.46835977908302,118.0,54,0.776
8589,589,9,11.656,123.0,64,0.152
8590,590,9,19.779,139.0,45,0.076
8591,591,9,23.733,166.0,57,0.045
8592,592,9,18.06,136.0,49,0.017
8593,593,9,15.533,109.0,49,0.133
8594,594,9,13.169,95.0,54,0.832
8595,595,9,13.066,133.0,54,0.035
8596,596,9,21.621,116.0,50,0.627
8597,597,9,22.343,112.0,54,0.603
8598,598,9,7.61,118.0,52,0.248
8599,599,9,20.021,98.0,56,0.59
8600,600,9,24.015,108.0,49,0.807
8601,601,9,5.276,141.0,47,1.219
8602,602,9,22.038,131.0,44,0.053
8603,603,9,17.663,130.0,37,0.22
8604,604,9,17.16,98.0,48,0.232
8605,605,9,2.769,153.0,51,0.696
8606,606,9,12.446,111.0,59,0.109
8607,607,9,17.905,125.0,48,0.037
8608,608,9,13.787,86.0,60,1.016
8609,609,9,17.673,106.0,47,0.078
8610,610,9,27.357,129.0,49,1.401
8611,611,9,21.148,102.0,56,0.37
8612,612,9,20.221,116.0,53,0.376
8613,613,9,23.882,119.0,54,0.395
8614,614,9,8.264,139.0,46,0.955
8615,615,9,13.872,134.0,46,0.187
8616,616,9,12.841,162.0,46,1.239
8617,617,9,11.008,102.0,65,1.207
8618,618,9,14.315,121.0,44,0.374
8619,619,9,21.408,98.0,52,0.373
8620,620,9,14.817,102.0,41,0.315
8621,621,9,19.035,119.0,47,1.003
8622,622,9,17.735,121.0,55,0.001
8623,623,9,14.518,156.0,60,0.697
8624,624,9,11.987,150.0,51,1.452
8625,625,9,7.672,152.0,66,0.618
8626,626,9,27.435,136.0,53,0.457
8627,627,9,24.048,125.0,42,0.333
8628,628,9,11.675,121.0,46,0.117
8629,629,9,11.579,148.0,58,0.018
8630,630,9,18.656,133.0,52,0.196
8631,631,9,4.564,119.0,48,1.715
8632,632,9,5.048,133.0,35,1.052
8633,633,9,18.154,114.0,39,0.003
8634,634,9,16.6,129.0,56,0.234
8635,635,9,11.789,117.0,49,0.021
8636,636,9,17.46835977908302,116.0,44,0.283
8637,637,9,28.673,123.0,46,0.249
8638,638,9,19.473,131.0,51,0.437
8639,639,9,12.981,108.0,48,0.145
8640,640,9,20.09,103.0,47,0.502
8641,641,9,27.405,136.0,48,1.185
8642,642,9,9.39,136.0,47,0.205
8643,643,9,11.583,116.0,52,0.045
8644,644,9,19.843,154.0,52,0.077
8645,645,9,23.293,130.0,44,0.107
8646,646,9,26.068,115.0,52,0.01
8647,647,9,17.987,122.0,49,0.488
8648,648,9,13.261,126.0,53,0.551
8649,649,9,11.211,148.0,50,0.083
8650,650,9,16.669,139.0,52,0.338
8651,651,9,7.212,121.0,46,0.168
8652,652,9,13.512,118.0,51,0.699
8653,653,9,12.377,112.0,51,0.442
8654,654,9,28.808,149.0,44,1.007
8655,655,9,12.286,131.0,49,0.068
8656,656,9,12.996,98.0,51,0.194
8657,657,9,31.078,118.0,55,0.247
8658,658,9,11.48,120.0,55,0.171
8659,659,9,13.131,112.0,47,0.403
8660,660,9,20.675,146.0,51,0.066
8661,661,9,16.493,118.0,51,0.759
8662,662,9,19.752,118.0,40,0.317
8663,663,9,12.757,143.0,40,2.985
8664,664,9,22.526,114.0,46,0.739
8665,665,9,11.594,112.0,49,0.074
8666,666,9,21.477,85.0,40,1.703
8667,667,9,17.236,132.0,48,0.499
8668,668,9,11.997,118.0,39,0.05
8669,669,9,17.46835977908302,89.0,51,0.78
8670,670,9,24.414,86.0,43,0.063
8671,671,9,17.46835977908302,97.0,49,0.158
8672,672,9,23.874,122.0,47,0.421
8673,673,9,12.801,112.0,60,0.386
8674,674,9,14.812,151.0,53,0.06
8675,675,9,14.726,115.0,57,0.079
8676,676,9,15.269,117.0,52,0.107
8677,677,9,23.506,140.0,44,0.063
8678,678,9,15.315,104.0,51,0.141
8679,679,9,21.865,103.0,39,0.347
8680,680,9,23.273,93.0,58,0.518
8681,681,9,21.691,93.0,54,1.33
8682,682,9,16.426,120.0,43,0.161
8683,683,9,12.185,114.0,40,0.23
8684,684,9,16.904,84.0,60,0.715
8685,685,9,16.582,152.0,46,0.271
8686,686,9,18.805,146.0,52,0.895
8687,687,9,10.652,103.0,47,1.0
8688,688,9,22.665,106.0,47,0.629
8689,689,9,10.845,125.0,49,0.48
8690,690,9,14.362,150.0,55,0.706
8691,691,9,20.628,122.0,56,0.14
8692,692,9,19.229,120.0,42,0.31
8693,693,9,20.857,111.0,45,0.963
8694,694,9,17.46835977908302,124.0,40,0.132
8695,695,9,8.636,121.0,51,0.15
8696,696,9,23.498,110.0,47,0.13
8697,697,9,11.27,87.0,45,0.045
8698,698,9,30.046,109.0,47,0.135
8699,699,9,20.332,97.0,48,0.111
8700,700,9,9.308,123.0,51,1.214
8701,701,9,14.633,139.0,56,0.334
8702,702,9,9.242,138.0,42,0.79
8703,703,9,22.6,114.0,50,0.457
8704,704,9,13.738,127.0,51,0.17
8705,705,9,19.801,126.0,61,0.211
8706,706,9,12.469,155.0,55,0.048
8707,707,9,12.809,121.0,47,0.356
8708,708,9,10.307,133.0,53,0.446
8709,709,9,12.853,82.0,60,0.514
8710,710,9,11.729,156.0,51,1.45
8711,711,9,10.195,138.0,55,0.057
8712,712,9,27.857,109.0,57,0.88
8713,713,9,14.148,138.0,48,0.572
8714,714,9,22.064,113.0,62,0.243
8715,715,9,16.976,121.0,49,0.06
8716,716,9,18.505,122.0,56,1.24
8717,717,9,11.198,127.0,55,0.123
8718,718,9,17.661,162.0,46,0.207
8719,719,9,15.929,112.0,63,0.155
8720,720,9,15.656,111.0,47,0.24
8721,721,9,32.388,145.0,56,0.244
8722,722,9,16.478,112.0,46,0.596
8723,723,9,17.449,117.0,56,0.406
8724,724,9,15.209,108.0,55,0.767
8725,725,9,10.119,125.0,42,0.642
8726,726,9,20.108,155.0,43,0.25
8727,727,9,14.457,95.0,46,0.821
8728,728,9,27.271,105.0,49,1.859
8729,729,9,27.765,111.0,52,0.38
8730,730,9,17.21,150.0,54,0.296
8731,731,9,17.46835977908302,110.0,51,0.444
8732,732,9,20.174,93.0,41,0.438
8733,733,9,17.001,117.0,55,0.512
8734,734,9,18.749,109.0,50,0.516
8735,735,9,15.377,109.0,43,0.962
8736,736,9,14.064,100.0,57,0.535
8737,737,9,22.196,117.0,56,0.01
8738,738,9,18.884,129.0,46,0.458
8739,739,9,18.33,113.0,55,0.11
8740,740,9,18.033,128.0,54,0.778
8741,741,9,20.243,118.0,43,0.741
8742,742,9,24.109,122.0,40,0.179
8743,743,9,6.613,138.0,44,0.013
8744,744,9,11.598,128.0,50,0.134
8745,745,9,14.603,125.0,57,0.149
8746,746,9,21.81,81.0,51,2.219
8747,747,9,12.08,91.0,42,0.411
8748,748,9,19.343,116.0,52,0.587
8749,749,9,12.239,140.0,65,0.145
8750,750,9,19.239,108.0,43,0.072
8751,751,9,8.448,153.0,57,0.147
8752,752,9,14.912,105.0,45,0.444
8753,753,9,7.463,121.0,43,0.153
8754,754,9,8.017,87.0,45,0.004
8755,755,9,9.453,139.0,65,0.389
8756,756,9,14.033,150.0,47,0.217
8757,757,9,15.725,91.0,49,0.613
8758,758,9,20.235,121.0,59,0.133
8759,759,9,31.187,111.0,57,0.404
8760,760,9,17.46835977908302,114.0,49,0.536
8761,761,9,20.607,128.0,46,0.974
8762,762,9,10.926,127.0,53,0.109
8763,763,9,17.46835977908302,145.0,55,1.323
8764,764,9,32.5710026,122.0,63,1.025
8765,765,9,19.138,98.0,51,0.013
8766,766,9,20.595,125.0,41,1.124
8767,767,9,17.46835977908302,104.0,47,1.313
8768,768,9,11.798,139.0,56,0.446
8769,769,9,6.547,126.0,45,0.499
8770,770,9,10.713,102.0,66,0.117
8771,771,9,17.46835977908302,106.0,50,0.189
8772,772,9,15.735,98.0,51,0.204
8773,773,9,16.586,119.0,59,0.028
8774,774,9,18.213,143.0,45,1.235
8775,775,9,16.672,144.0,49,1.429
8776,776,9,20.644,136.0,41,0.802
8777,777,9,23.019,106.0,52,1.047
8778,778,9,26.302,126.0,50,0.359
8779,779,9,11.97,141.0,47,0.239
8780,780,9,22.528,85.0,52,0.286
8781,781,9,6.933,123.0,70,0.783
8782,782,9,10.079,142.0,52,0.939
8783,783,9,22.101,102.0,49,0.239
8784,784,9,6.602,150.0,46,0.091
8785,785,9,12.914,132.0,43,0.662
8786,786,9,15.982,130.0,41,0.066
8787,787,9,31.452,151.0,46,2.213
8788,788,9,23.956,124.0,42,0.801
8789,789,9,9.496,139.0,47,0.208
8790,790,9,16.431,136.0,44,2.623
8791,791,9,15.46,108.0,51,0.534
8792,792,9,24.367,125.0,48,0.076
8793,793,9,12.123,137.0,59,0.568
8794,794,9,7.556,122.0,51,0.089
8795,795,9,21.366,106.0,54,0.063
8796,796,9,23.925,149.0,56,1.33
8797,797,9,14.209,107.0,41,1.172
8798,798,9,10.566,154.0,52,1.185
8799,799,9,32.5710026,98.0,51,0.096
8800,800,9,9.558,138.0,50,0.355
8801,801,9,4.274,154.0,54,0.252
8802,802,9,15.201,120.0,43,0.391
8803,803,9,9.179,133.0,48,0.368
8804,804,9,8.701,107.0,48,0.168
8805,805,9,12.531,104.0,46,0.404
8806,806,9,19.885,107.0,35,0.355
8807,807,9,10.885,147.0,47,0.928
8808,808,9,21.001,116.0,52,0.639
8809,809,9,14.539,158.0,40,1.216
8810,810,9,19.19,86.0,58,0.916
8811,811,9,12.132,128.0,57,0.604
8812,812,9,17.272,135.0,44,0.621
8813,813,9,17.118,100.0,44,0.642
8814,814,9,6.684,142.0,45,1.216
8815,815,9,20.966,132.0,57,0.24
8816,816,9,10.944,133.0,40,1.699
8817,817,9,17.934,133.0,49,0.154
8818,818,9,17.076,124.0,50,0.009
8819,819,9,6.213,145.0,52,0.225
8820,820,9,26.284,109.0,35,0.024
8821,821,9,6.001,160.0,55,0.375
8822,822,9,17.184,129.0,62,0.68
8823,823,9,10.526,141.0,51,0.039
8824,824,9,24.202,135.0,68,0.18
8825,825,9,23.194,104.0,44,0.849
8826,826,9,21.139,158.0,47,1.204
8827,827,9,19.878,118.0,44,0.011
8828,828,9,13.066,99.0,37,0.988
8829,829,9,30.696,130.0,48,0.522
8830,830,9,25.615,153.0,43,0.588
8831,831,9,21.506,96.0,63,0.702
8832,832,9,15.213,92.0,67,0.155
8833,833,9,22.904,149.0,53,0.456
8834,834,9,11.449,111.0,62,0.481
8835,835,9,27.411,123.0,42,0.394
8836,836,9,27.125,123.0,42,0.109
8837,837,9,18.652,149.0,47,0.79
8838,838,9,8.765,117.0,32,0.242
8839,839,9,7.942,125.0,43,0.244
8840,840,9,23.58,114.0,51,0.912
8841,841,9,21.231,138.0,50,0.285
8842,842,9,13.049,115.0,50,0.063
8843,843,9,24.381,130.0,47,0.153
8844,844,9,13.24,113.0,39,1.447
8845,845,9,25.281,90.0,50,0.888
8846,846,9,8.889,124.0,49,0.619
8847,847,9,8.713,123.0,56,0.913
8848,848,9,10.467,159.0,50,0.197
8849,849,9,10.854,124.0,57,0.14
8850,850,9,13.638,133.0,53,0.34
8851,851,9,17.46835977908302,145.0,32,0.327
8852,852,9,11.559,133.0,44,0.217
8853,853,9,14.604,135.0,42,0.002
8854,854,9,16.494,122.0,37,0.487
8855,855,9,26.208,138.0,53,3.005
8856,856,9,13.536,131.0,39,0.177
8857,857,9,15.165,156.0,49,1.234
8858,858,9,19.73,101.0,45,0.395
8859,859,9,9.186,104.0,47,0.112
8860,860,9,11.84,125.0,56,0.278
8861,861,9,17.249,103.0,61,0.151
8862,862,9,12.32,90.0,54,0.551
8863,863,9,11.373,118.0,61,0.164
8864,864,9,13.24,138.0,45,1.738
8865,865,9,17.574,126.0,47,0.289
8866,866,9,11.478,147.0,48,0.069
8867,867,9,12.594,103.0,48,0.331
8868,868,9,13.354,126.0,36,1.99
8869,869,9,8.044,120.0,57,0.115
8870,870,9,19.668,110.0,46,1.05
8871,871,9,14.476,139.0,51,0.689
8872,872,9,17.369,151.0,50,0.05
8873,873,9,17.46835977908302,146.0,54,0.188
8874,874,9,13.872,133.0,49,0.052
8875,875,9,14.871,138.0,61,1.506
8876,876,9,18.476,145.0,55,0.008
8877,877,9,9.97,150.0,47,0.519
8878,878,9,27.592,122.0,47,0.816
8879,879,9,17.008,166.0,52,0.466
8880,880,9,18.951,142.0,49,0.055
8881,881,9,13.674,76.0,45,0.072
8882,882,9,31.647,100.0,43,0.236
8883,883,9,4.686,132.0,42,0.531
8884,884,9,13.078,124.0,49,0.075
8885,885,9,25.666,137.0,46,0.327
8886,886,9,17.78,113.0,41,0.186
8887,887,9,13.566,143.0,51,0.163
8888,888,9,9.902,111.0,46,2.415
8889,889,9,10.947,94.0,42,1.378
8890,890,9,21.702,120.0,57,0.08
8891,891,9,7.393,154.0,47,0.533
8892,892,9,18.541,102.0,49,0.046
8893,893,9,18.536,105.0,48,0.129
8894,894,9,26.556,115.0,51,0.529
8895,895,9,16.08,144.0,54,0.75
8896,896,9,21.164,114.0,43,0.475
8897,897,9,25.35,119.0,59,0.194
8898,898,9,12.079,93.0,45,0.196
8899,899,9,21.539,114.0,62,0.627
8900,900,9,15.431,119.0,55,0.292
8901,901,9,8.25,126.0,39,0.012
8902,902,9,21.97,124.0,42,1.109
8903,903,9,32.5710026,115.0,46,0.247
8904,904,9,11.02,130.0,57,0.774
8905,905,9,10.996,141.0,46,0.665
8906,906,9,26.629,158.0,34,2.187
8907,907,9,10.057,120.0,57,0.032
8908,908,9,23.066,106.0,50,0.143
8909,909,9,16.119,157.0,46,0.288
8910,910,9,20.049,161.0,37,0.319
8911,911,9,14.334,116.0,55,0.176
8912,912,9,19.054,106.0,56,0.046
8913,913,9,9.028,127.0,42,0.654
8914,914,9,19.733,136.0,44,0.486
8915,915,9,21.379,143.0,50,0.586
8916,916,9,17.46835977908302,138.0,46,0.08
8917,917,9,16.679,142.0,50,0.836
8918,918,9,14.399,135.0,44,0.306
8919,919,9,14.937,115.0,32,0.387
8920,920,9,13.083,136.0,55,0.195
8921,921,9,12.664,153.0,42,0.206
8922,922,9,28.26,138.0,40,0.055
8923,923,9,12.339,122.0,62,0.086
8924,924,9,9.163,145.0,41,0.214
8925,925,9,16.436,117.0,38,0.645
8926,926,9,11.826,145.0,52,0.347
8927,927,9,20.339,101.0,46,0.073
8928,928,9,10.496,137.0,53,0.148
8929,929,9,27.105,148.0,49,0.138
8930,930,9,22.806,131.0,56,0.817
8931,931,9,13.763,121.0,47,1.768
8932,932,9,14.039,112.0,50,0.112
8933,933,9,14.479,99.0,51,0.007
8934,934,9,14.332,143.0,47,0.416
8935,935,9,17.547,119.0,38,0.658
8936,936,9,32.377,117.0,52,0.021
8937,937,9,32.293,137.0,49,1.326
8938,938,9,10.92,132.0,43,1.299
8939,939,9,16.693,139.0,51,0.186
8940,940,9,11.617,152.0,51,0.494
8941,941,9,16.282,99.0,54,0.297
8942,942,9,15.431,116.0,34,0.598
8943,943,9,16.561,123.0,50,0.175
8944,944,9,16.223,107.0,47,0.168
8945,945,9,20.259,130.0,49,0.006
8946,946,9,15.527,116.0,56,0.461
8947,947,9,20.539,146.0,51,0.207
8948,948,9,22.835,119.0,51,0.21
8949,949,9,17.46835977908302,147.0,67,0.681
8950,950,9,14.435,127.0,65,0.257
8951,951,9,9.664,101.0,47,0.955
8952,952,9,19.049,110.0,47,0.221
8953,953,9,13.968,112.0,42,0.051
8954,954,9,23.031,113.0,45,0.297
8955,955,9,7.196,156.0,53,0.223
8956,956,9,6.942,99.0,59,0.835
8957,957,9,17.46835977908302,144.0,49,0.126
8958,958,9,9.277,113.0,50,1.632
8959,959,9,22.03,94.0,72,0.413
8960,960,9,11.439,122.0,54,0.095
8961,961,9,8.027,151.0,49,0.082
8962,962,9,18.301,112.0,42,0.003
8963,963,9,20.29,116.0,54,0.055
8964,964,9,25.016,106.0,39,0.145
8965,965,9,14.952,98.0,47,2.021
8966,966,9,0.372,152.0,41,0.301
8967,967,9,10.611,138.0,49,0.061
8968,968,9,18.341,123.0,47,0.467
8969,969,9,27.652,101.0,36,0.547
8970,970,9,15.551,113.0,45,0.231
8971,971,9,16.419,137.0,47,0.301
8972,972,9,22.123,127.0,59,0.158
8973,973,9,16.252,128.0,56,1.113
8974,974,9,17.027,126.0,42,0.133
8975,975,9,11.32,137.0,47,0.25
8976,976,9,31.498,120.0,52,0.17
8977,977,9,0.0,145.0,58,0.013
8978,978,9,15.718,131.0,59,1.344
8979,979,9,6.472,114.0,47,0.23
8980,980,9,12.464,137.0,48,0.116
8981,981,9,17.618,135.0,69,0.28
8982,982,9,13.743,148.0,58,0.399
8983,983,9,32.5710026,135.0,56,0.145
8984,984,9,12.182,147.0,58,0.579
8985,985,9,31.577,115.0,59,0.776
8986,986,9,8.031,105.0,53,0.652
8987,987,9,13.56,139.0,46,0.546
8988,988,9,6.138,142.0,55,0.106
8989,989,9,11.843,141.0,47,0.396
8990,990,9,22.404,159.0,53,0.171
8991,991,9,12.015,134.0,47,0.196
8992,992,9,25.564,113.0,43,0.343
8993,993,9,14.446,152.0,43,0.21
8994,994,9,11.7,133.0,57,0.425
8995,995,9,12.347,117.0,51,1.568
8996,996,9,16.665,129.0,44,0.078
8997,997,9,22.664,99.0,45,0.33
8998,998,9,23.141,132.0,59,0.359
8999,999,9,5.893,126.0,48,0.276
9000,1000,9,15.608,143.0,60,1.061
9001,1,10,18.605,108.0,48,0.243
9002,2,10,5.291,125.0,52,0.009
9003,3,10,9.191,125.0,56,0.071
9004,4,10,17.194,98.0,56,0.337
9005,5,10,17.204,112.0,47,0.366
9006,6,10,17.638,118.0,40,0.018
9007,7,10,25.471,136.0,60,0.755
9008,8,10,20.982,104.0,49,0.246
9009,9,10,13.258,146.0,40,0.639
9010,10,10,15.716,137.0,50,1.403
9011,11,10,7.831,109.0,53,0.208
9012,12,10,32.5710026,112.0,64,1.975
9013,13,10,30.964,127.0,37,0.286
9014,14,10,26.524,126.0,55,0.613
9015,15,10,15.076,153.0,44,0.218
9016,16,10,28.559,109.0,44,0.122
9017,17,10,12.324,101.0,47,0.768
9018,18,10,18.487,151.0,54,1.383
9019,19,10,19.946,137.0,45,2.574
9020,20,10,21.37,129.0,44,0.061
9021,21,10,17.484,107.0,47,0.179
9022,22,10,12.697,116.0,48,0.199
9023,23,10,27.295,132.0,50,0.576
9024,24,10,19.934,116.0,46,0.62
9025,25,10,22.747,148.0,61,1.175
9026,26,10,12.458,116.0,50,0.614
9027,27,10,22.601,127.0,52,0.09
9028,28,10,20.299,124.0,48,0.628
9029,29,10,17.074,104.0,42,0.711
9030,30,10,10.27,136.0,48,0.014
9031,31,10,19.644,126.0,39,0.561
9032,32,10,11.123,132.0,55,0.251
9033,33,10,15.974,99.0,50,0.785
9034,34,10,18.026,156.0,56,0.036
9035,35,10,17.259,121.0,57,0.495
9036,36,10,25.306,147.0,54,0.388
9037,37,10,17.59,117.0,53,0.059
9038,38,10,17.46835977908302,94.0,43,0.109
9039,39,10,5.714,104.0,46,0.156
9040,40,10,20.007,107.0,50,0.147
9041,41,10,17.923,133.0,53,0.299
9042,42,10,7.757,117.0,52,0.137
9043,43,10,18.738,100.0,49,0.434
9044,44,10,8.232,157.0,44,0.266
9045,45,10,18.013,119.0,48,0.092
9046,46,10,21.732,146.0,38,0.644
9047,47,10,11.407,133.0,52,0.651
9048,48,10,17.69,120.0,50,0.038
9049,49,10,4.777,144.0,61,0.758
9050,50,10,10.987,144.0,40,0.449
9051,51,10,4.293,126.0,45,0.062
9052,52,10,24.365,156.0,51,0.789
9053,53,10,13.168,148.0,43,1.146
9054,54,10,16.692,112.0,27,0.127
9055,55,10,18.111,117.0,53,0.098
9056,56,10,19.767,112.0,54,0.045
9057,57,10,11.021,109.0,44,0.646
9058,58,10,4.561,130.0,61,1.714
9059,59,10,21.838,156.0,62,0.475
9060,60,10,10.883,105.0,37,0.126
9061,61,10,25.548,132.0,36,0.025
9062,62,10,26.262,96.0,37,0.141
9063,63,10,28.483,131.0,45,0.568
9064,64,10,22.68,108.0,44,0.141
9065,65,10,11.134,112.0,40,0.151
9066,66,10,28.436,122.0,52,0.843
9067,67,10,17.46835977908302,148.0,38,0.653
9068,68,10,20.086,103.0,51,0.387
9069,69,10,16.337,131.0,57,0.207
9070,70,10,13.721,118.0,54,0.997
9071,71,10,22.857,116.0,46,0.178
9072,72,10,18.44,112.0,51,1.595
9073,73,10,20.443,124.0,59,0.367
9074,74,10,10.946,101.0,44,1.195
9075,75,10,24.916,125.0,50,0.491
9076,76,10,17.711,116.0,47,0.118
9077,77,10,10.372,114.0,53,0.512
9078,78,10,19.956,112.0,47,0.036
9079,79,10,10.926,118.0,56,0.311
9080,80,10,17.449,123.0,53,2.011
9081,81,10,14.36,133.0,67,1.003
9082,82,10,9.112,121.0,50,0.073
9083,83,10,13.814,126.0,55,1.609
9084,84,10,18.256,134.0,45,0.18
9085,85,10,20.16,102.0,46,2.431
9086,86,10,17.601,138.0,46,0.747
9087,87,10,10.961,117.0,48,0.085
9088,88,10,13.562,127.0,48,0.326
9089,89,10,24.155,154.0,52,0.481
9090,90,10,6.526,132.0,50,0.888
9091,91,10,18.21,128.0,57,0.221
9092,92,10,8.507,123.0,50,0.082
9093,93,10,14.545,108.0,44,0.268
9094,94,10,14.501,112.0,58,0.077
9095,95,10,15.777,143.0,43,0.363
9096,96,10,17.46835977908302,145.0,62,0.331
9097,97,10,15.708,139.0,47,0.116
9098,98,10,16.717,154.0,60,0.916
9099,99,10,26.016,120.0,51,0.01
9100,100,10,31.185,101.0,41,0.419
9101,101,10,12.505,140.0,51,0.373
9102,102,10,17.46835977908302,135.0,62,0.345
9103,103,10,14.166,121.0,39,0.09
9104,104,10,22.186,166.0,52,0.031
9105,105,10,23.63,126.0,54,0.24
9106,106,10,12.739,120.0,46,0.175
9107,107,10,10.872,155.0,53,0.614
9108,108,10,17.793,103.0,46,0.97
9109,109,10,29.766,124.0,39,0.042
9110,110,10,11.986,124.0,54,0.245
9111,111,10,16.454,113.0,59,0.011
9112,112,10,11.082,108.0,56,0.38
9113,113,10,12.593,147.0,46,0.036
9114,114,10,8.075,152.0,47,0.231
9115,115,10,12.856,105.0,46,0.138
9116,116,10,18.726,123.0,58,1.571
9117,117,10,10.781,121.0,48,0.401
9118,118,10,11.285,114.0,63,0.805
9119,119,10,15.345,139.0,60,2.476
9120,120,10,12.555,141.0,52,0.041
9121,121,10,9.317,163.0,40,0.133
9122,122,10,7.215,133.0,51,0.289
9123,123,10,17.46835977908302,114.0,54,0.466
9124,124,10,20.533,102.0,50,0.323
9125,125,10,16.52,97.0,53,0.336
9126,126,10,12.528,149.0,48,0.082
9127,127,10,25.559,137.0,53,0.142
9128,128,10,26.14,126.0,41,0.099
9129,129,10,10.03,116.0,60,1.293
9130,130,10,6.434,149.0,57,0.476
9131,131,10,7.008,101.0,40,0.316
9132,132,10,31.745,111.0,60,0.02
9133,133,10,9.844,129.0,56,0.922
9134,134,10,10.173,143.0,47,0.321
9135,135,10,15.6,125.0,49,0.214
9136,136,10,18.558,132.0,45,0.04
9137,137,10,16.814,149.0,57,0.295
9138,138,10,14.723,128.0,43,0.576
9139,139,10,18.61,135.0,47,0.112
9140,140,10,17.46835977908302,123.0,50,0.219
9141,141,10,11.953,127.0,51,1.075
9142,142,10,11.404,140.0,47,1.31
9143,143,10,16.343,156.0,45,0.382
9144,144,10,11.927,95.0,53,0.765
9145,145,10,22.951,151.0,40,0.341
9146,146,10,28.771,151.0,41,0.398
9147,147,10,22.119,108.0,59,2.455
9148,148,10,21.493,125.0,39,1.249
9149,149,10,7.128,120.0,52,0.341
9150,150,10,12.618,131.0,47,1.715
9151,151,10,10.283,151.0,52,0.003
9152,152,10,29.836,121.0,61,0.568
9153,153,10,24.986,114.0,39,0.238
9154,154,10,27.391,106.0,53,0.337
9155,155,10,25.104,161.0,48,0.053
9156,156,10,19.579,144.0,46,0.409
9157,157,10,10.889,119.0,52,0.795
9158,158,10,14.621,102.0,48,0.269
9159,159,10,14.069,131.0,49,0.463
9160,160,10,23.992,107.0,53,0.045
9161,161,10,20.273,122.0,42,1.613
9162,162,10,23.569,107.0,56,0.306
9163,163,10,21.66,106.0,45,0.387
9164,164,10,12.041,133.0,54,0.14
9165,165,10,25.323,135.0,50,0.167
9166,166,10,19.933,120.0,48,0.984
9167,167,10,20.835,101.0,42,0.87
9168,168,10,8.832,108.0,58,0.653
9169,169,10,10.638,121.0,53,0.124
9170,170,10,12.471,121.0,52,0.494
9171,171,10,16.137,113.0,50,0.681
9172,172,10,11.01,136.0,37,0.34
9173,173,10,17.46835977908302,135.0,48,0.103
9174,174,10,18.593,123.0,54,0.591
9175,175,10,9.33,118.0,37,0.275
9176,176,10,32.5710026,110.0,49,0.258
9177,177,10,11.763,93.0,53,0.412
9178,178,10,12.519,142.0,42,0.013
9179,179,10,17.46835977908302,145.0,41,1.234
9180,180,10,29.418,116.0,51,0.539
9181,181,10,24.585,114.0,57,1.329
9182,182,10,27.033,142.0,50,0.272
9183,183,10,10.689,121.0,46,2.109
9184,184,10,11.258,119.0,46,0.188
9185,185,10,14.258,102.0,44,0.357
9186,186,10,18.327,121.0,45,0.064
9187,187,10,10.995,154.0,62,0.24
9188,188,10,10.746,118.0,51,0.096
9189,189,10,7.66,148.0,48,0.569
9190,190,10,13.657,99.0,66,0.309
9191,191,10,14.57,114.0,59,0.81
9192,192,10,4.23,146.0,55,0.122
9193,193,10,7.22,135.0,48,0.753
9194,194,10,15.305,166.0,56,1.496
9195,195,10,18.516,152.0,54,2.291
9196,196,10,11.513,115.0,48,0.549
9197,197,10,21.804,113.0,51,0.125
9198,198,10,28.389,116.0,58,0.199
9199,199,10,17.802,118.0,51,1.998
9200,200,10,17.46835977908302,151.0,50,0.679
9201,201,10,19.746,116.0,57,0.183
9202,202,10,19.474,128.0,61,0.022
9203,203,10,7.194,152.0,43,0.151
9204,204,10,14.638,107.0,38,0.061
9205,205,10,32.5710026,85.0,49,0.153
9206,206,10,16.303,152.0,49,2.161
9207,207,10,17.379,114.0,47,0.402
9208,208,10,16.876,113.0,49,0.088
9209,209,10,4.287,139.0,47,0.977
9210,210,10,20.101,141.0,61,0.117
9211,211,10,10.012,134.0,58,0.892
9212,212,10,11.312,145.0,58,1.665
9213,213,10,15.158,87.0,40,0.283
9214,214,10,23.039,113.0,44,0.0
9215,215,10,16.521,150.0,50,0.089
9216,216,10,22.711,156.0,73,0.203
9217,217,10,10.632,99.0,44,2.671
9218,218,10,20.324,130.0,55,0.047
9219,219,10,11.122,97.0,46,0.163
9220,220,10,17.46835977908302,107.0,49,0.029
9221,221,10,8.167,140.0,51,0.164
9222,222,10,24.264,105.0,37,0.0
9223,223,10,15.261,124.0,71,0.056
9224,224,10,17.46835977908302,109.0,49,0.782
9225,225,10,16.853,138.0,53,0.606
9226,226,10,10.358,152.0,64,0.291
9227,227,10,11.284,136.0,49,0.157
9228,228,10,23.608,134.0,47,0.127
9229,229,10,11.182,129.0,56,0.255
9230,230,10,24.697,99.0,52,0.054
9231,231,10,22.333,119.0,52,0.057
9232,232,10,11.251,143.0,71,0.599
9233,233,10,2.783,134.0,44,0.211
9234,234,10,17.896,117.0,51,0.571
9235,235,10,12.588,125.0,51,0.843
9236,236,10,22.705,104.0,50,0.164
9237,237,10,10.368,146.0,51,0.223
9238,238,10,17.46835977908302,116.0,60,0.217
9239,239,10,23.287,106.0,50,0.815
9240,240,10,15.176,146.0,42,0.093
9241,241,10,7.996,155.0,60,0.588
9242,242,10,13.31,117.0,42,0.192
9243,243,10,18.919,105.0,43,0.206
9244,244,10,10.812,110.0,62,0.339
9245,245,10,16.985,110.0,43,0.304
9246,246,10,17.46835977908302,120.0,37,0.264
9247,247,10,16.246,149.0,51,0.262
9248,248,10,16.185,132.0,62,1.002
9249,249,10,29.742,97.0,45,0.221
9250,250,10,19.506,129.0,59,0.819
9251,251,10,14.352,101.0,51,0.039
9252,252,10,24.465,111.0,59,1.189
9253,253,10,8.269,152.0,57,0.098
9254,254,10,22.103,122.0,52,0.843
9255,255,10,20.904,113.0,47,1.052
9256,256,10,6.628,135.0,55,0.56
9257,257,10,4.526,142.0,63,1.015
9258,258,10,27.433,114.0,49,0.183
9259,259,10,24.534,127.0,49,0.088
9260,260,10,11.071,149.0,59,1.128
9261,261,10,17.282,127.0,60,0.683
9262,262,10,22.345,103.0,53,0.875
9263,263,10,12.068,120.0,55,0.693
9264,264,10,24.655,94.0,55,0.124
9265,265,10,26.11,110.0,58,0.435
9266,266,10,28.429,108.0,46,0.789
9267,267,10,7.93,146.0,43,1.017
9268,268,10,14.011,110.0,56,0.309
9269,269,10,10.49,145.0,53,0.084
9270,270,10,8.907,113.0,34,0.426
9271,271,10,19.259,118.0,44,0.288
9272,272,10,23.223,125.0,51,0.354
9273,273,10,25.102,109.0,68,0.581
9274,274,10,12.781,132.0,51,0.329
9275,275,10,19.595,122.0,58,0.266
9276,276,10,11.17,144.0,53,0.176
9277,277,10,20.856,104.0,35,0.046
9278,278,10,8.477,158.0,51,0.648
9279,279,10,11.645,110.0,45,0.759
9280,280,10,32.5710026,92.0,45,0.446
9281,281,10,9.514,148.0,54,0.295
9282,282,10,21.215,146.0,44,0.096
9283,283,10,22.383,109.0,39,0.026
9284,284,10,11.579,97.0,44,0.079
9285,285,10,21.294,133.0,52,0.328
9286,286,10,23.256,133.0,46,1.824
9287,287,10,6.402,116.0,40,0.013
9288,288,10,12.336,153.0,55,0.305
9289,289,10,18.319,122.0,53,0.605
9290,290,10,13.361,112.0,47,1.591
9291,291,10,17.745,147.0,46,1.593
9292,292,10,13.246,99.0,47,0.115
9293,293,10,23.738,132.0,48,0.482
9294,294,10,19.59,99.0,47,0.174
9295,295,10,14.167,136.0,49,0.819
9296,296,10,23.015,138.0,50,0.584
9297,297,10,17.158,121.0,45,0.068
9298,298,10,9.592,127.0,50,0.408
9299,299,10,19.596,118.0,50,0.152
9300,300,10,17.46835977908302,101.0,47,0.604
9301,301,10,30.5,122.0,38,0.054
9302,302,10,10.705,120.0,39,0.222
9303,303,10,11.304,129.0,41,0.408
9304,304,10,22.57,150.0,41,0.487
9305,305,10,26.582,121.0,45,0.256
9306,306,10,10.114,113.0,40,0.096
9307,307,10,11.094,121.0,39,0.123
9308,308,10,24.823,135.0,51,0.134
9309,309,10,12.801,131.0,46,0.084
9310,310,10,17.46835977908302,111.0,59,1.144
9311,311,10,22.094,115.0,39,0.191
9312,312,10,21.859,95.0,45,0.209
9313,313,10,17.009,153.0,43,0.23
9314,314,10,15.14,104.0,65,0.461
9315,315,10,13.046,145.0,55,1.348
9316,316,10,17.772,104.0,49,1.263
9317,317,10,25.772,110.0,58,0.09
9318,318,10,11.378,126.0,56,0.429
9319,319,10,9.021,89.0,43,0.499
9320,320,10,27.041,130.0,54,0.318
9321,321,10,17.485,145.0,55,0.043
9322,322,10,15.336,136.0,47,0.046
9323,323,10,4.814,138.0,46,0.507
9324,324,10,22.363,136.0,41,0.488
9325,325,10,25.942,116.0,44,0.18
9326,326,10,10.215,117.0,50,1.665
9327,327,10,25.522,112.0,43,0.819
9328,328,10,10.691,113.0,47,0.257
9329,329,10,18.476,116.0,56,0.098
9330,330,10,8.851,117.0,58,0.294
9331,331,10,11.536,113.0,53,0.868
9332,332,10,25.801,111.0,38,0.159
9333,333,10,14.24,98.0,48,0.284
9334,334,10,22.293,120.0,43,0.225
9335,335,10,2.984,143.0,63,0.421
9336,336,10,21.611,146.0,54,0.292
9337,337,10,27.546,103.0,58,0.427
9338,338,10,27.513,156.0,43,0.155
9339,339,10,12.617,131.0,51,0.223
9340,340,10,16.766,113.0,55,0.414
9341,341,10,10.331,126.0,38,0.088
9342,342,10,28.622,102.0,61,0.477
9343,343,10,15.179,90.0,47,0.037
9344,344,10,13.49,110.0,38,0.054
9345,345,10,8.183,138.0,51,0.429
9346,346,10,12.319,141.0,45,0.598
9347,347,10,27.941,102.0,51,0.078
9348,348,10,26.475,112.0,52,1.539
9349,349,10,12.88,127.0,66,0.651
9350,350,10,10.502,108.0,46,0.423
9351,351,10,6.288,132.0,47,0.938
9352,352,10,27.821,148.0,64,0.399
9353,353,10,15.033,100.0,52,0.082
9354,354,10,20.292,112.0,60,0.236
9355,355,10,14.588,133.0,50,0.375
9356,356,10,16.234,128.0,55,0.352
9357,357,10,20.131,106.0,46,0.188
9358,358,10,17.46835977908302,108.0,64,0.157
9359,359,10,21.171,109.0,50,0.307
9360,360,10,18.765,153.0,46,0.682
9361,361,10,15.164,108.0,41,0.9
9362,362,10,13.268,101.0,69,0.585
9363,363,10,19.96,116.0,49,0.446
9364,364,10,12.212,143.0,51,0.348
9365,365,10,8.394,133.0,56,0.493
9366,366,10,11.725,109.0,42,0.017
9367,367,10,15.387,109.0,64,0.534
9368,368,10,19.061,95.0,33,0.378
9369,369,10,8.34,130.0,42,1.628
9370,370,10,9.441,128.0,59,0.344
9371,371,10,11.67,126.0,46,0.1
9372,372,10,13.927,112.0,42,1.445
9373,373,10,22.748,125.0,40,0.393
9374,374,10,11.375,145.0,50,0.36
9375,375,10,11.703,108.0,51,0.344
9376,376,10,10.363,132.0,43,0.353
9377,377,10,11.29,122.0,55,0.211
9378,378,10,13.321,136.0,56,0.202
9379,379,10,25.918,134.0,52,0.355
9380,380,10,27.757,138.0,52,0.918
9381,381,10,12.186,123.0,56,1.913
9382,382,10,19.227,112.0,41,0.157
9383,383,10,8.847,119.0,50,0.765
9384,384,10,17.46835977908302,112.0,42,0.412
9385,385,10,0.0,141.0,44,1.613
9386,386,10,15.625,118.0,49,1.107
9387,387,10,15.062,99.0,48,0.625
9388,388,10,16.815,102.0,47,0.114
9389,389,10,23.376,133.0,50,0.239
9390,390,10,5.365,108.0,49,0.414
9391,391,10,10.227,137.0,44,0.057
9392,392,10,14.26,144.0,49,0.173
9393,393,10,20.948,130.0,49,0.173
9394,394,10,10.751,159.0,57,0.633
9395,395,10,9.908,124.0,51,0.746
9396,396,10,13.288,121.0,42,0.739
9397,397,10,14.384,135.0,48,0.01
9398,398,10,14.574,114.0,48,2.563
9399,399,10,5.92,93.0,55,0.781
9400,400,10,20.009,108.0,49,0.395
9401,401,10,22.558,124.0,58,0.574
9402,402,10,17.46835977908302,102.0,51,0.022
9403,403,10,5.454,161.0,52,0.398
9404,404,10,14.621,148.0,49,0.369
9405,405,10,10.2,118.0,55,0.834
9406,406,10,15.289,107.0,55,0.12
9407,407,10,25.489,94.0,55,0.846
9408,408,10,23.64,112.0,40,0.42
9409,409,10,4.267,116.0,54,0.265
9410,410,10,32.5710026,142.0,50,0.295
9411,411,10,16.041,101.0,42,1.008
9412,412,10,16.788,101.0,44,0.666
9413,413,10,14.064,124.0,60,0.029
9414,414,10,24.52,83.0,50,0.315
9415,415,10,23.699,107.0,49,0.402
9416,416,10,9.587,134.0,49,0.769
9417,417,10,15.157,143.0,54,0.299
9418,418,10,14.976,145.0,53,0.289
9419,419,10,25.807,103.0,31,0.652
9420,420,10,9.741,151.0,55,1.04
9421,421,10,10.872,142.0,52,3.096
9422,422,10,15.134,120.0,43,0.89
9423,423,10,20.781,112.0,51,2.683
9424,424,10,9.981,91.0,37,0.265
9425,425,10,14.413,117.0,63,1.104
9426,426,10,13.782,127.0,44,0.383
9427,427,10,12.097,130.0,49,0.395
9428,428,10,12.116,113.0,40,0.024
9429,429,10,15.884,163.0,45,0.057
9430,430,10,25.159,113.0,49,0.097
9431,431,10,14.488,113.0,51,0.305
9432,432,10,11.497,143.0,58,1.481
9433,433,10,17.948,110.0,40,0.137
9434,434,10,26.268,120.0,47,0.764
9435,435,10,16.115,123.0,36,0.471
9436,436,10,15.265,133.0,59,0.021
9437,437,10,11.586,134.0,41,0.564
9438,438,10,15.459,143.0,51,0.088
9439,439,10,7.817,126.0,59,0.767
9440,440,10,8.961,140.0,42,1.032
9441,441,10,12.576,105.0,47,1.527
9442,442,10,19.126,130.0,45,0.676
9443,443,10,24.437,145.0,60,1.406
9444,444,10,19.78,105.0,50,0.073
9445,445,10,11.938,136.0,42,0.023
9446,446,10,25.614,118.0,47,2.641
9447,447,10,13.705,154.0,35,0.505
9448,448,10,12.596,154.0,39,0.583
9449,449,10,13.89,109.0,40,1.376
9450,450,10,15.304,98.0,53,0.256
9451,451,10,27.391,120.0,47,0.185
9452,452,10,14.869,108.0,55,0.109
9453,453,10,27.24,121.0,49,0.707
9454,454,10,21.85,101.0,54,0.028
9455,455,10,21.459,112.0,52,0.985
9456,456,10,13.131,155.0,47,0.719
9457,457,10,15.244,129.0,54,1.262
9458,458,10,15.375,111.0,39,1.788
9459,459,10,11.348,141.0,47,0.16
9460,460,10,14.332,122.0,56,1.19
9461,461,10,20.882,131.0,44,0.282
9462,462,10,16.956,120.0,50,0.672
9463,463,10,16.476,106.0,53,0.086
9464,464,10,17.46835977908302,124.0,58,0.047
9465,465,10,14.203,103.0,42,0.211
9466,466,10,18.726,117.0,63,0.098
9467,467,10,13.933,157.0,47,0.34
9468,468,10,16.228,90.0,37,2.165
9469,469,10,16.346,124.0,46,1.191
9470,470,10,17.771,131.0,47,0.229
9471,471,10,18.741,113.0,68,0.322
9472,472,10,14.523,114.0,63,0.392
9473,473,10,9.56,115.0,50,0.088
9474,474,10,15.505,132.0,46,0.684
9475,475,10,18.686,139.0,55,0.724
9476,476,10,17.46835977908302,145.0,53,0.193
9477,477,10,17.473,113.0,43,1.053
9478,478,10,21.397,137.0,43,0.598
9479,479,10,4.604,115.0,70,1.573
9480,480,10,21.409,131.0,59,0.37
9481,481,10,16.176,116.0,51,0.023
9482,482,10,15.451,125.0,48,0.411
9483,483,10,32.5710026,110.0,46,0.806
9484,484,10,28.003,96.0,43,0.09
9485,485,10,17.46835977908302,117.0,60,0.238
9486,486,10,29.987,103.0,53,0.621
9487,487,10,17.46835977908302,132.0,36,0.931
9488,488,10,11.779,118.0,45,0.424
9489,489,10,24.186,105.0,67,1.614
9490,490,10,7.023,141.0,41,0.647
9491,491,10,13.231,146.0,49,0.145
9492,492,10,20.204,141.0,53,1.469
9493,493,10,5.895,111.0,47,0.156
9494,494,10,27.288,131.0,58,0.862
9495,495,10,11.106,152.0,52,0.445
9496,496,10,15.718,145.0,41,0.209
9497,497,10,27.462,136.0,44,0.521
9498,498,10,15.764,113.0,55,0.107
9499,499,10,14.27,159.0,63,0.362
9500,500,10,17.474,143.0,59,1.286
9501,501,10,12.514,106.0,54,0.169
9502,502,10,8.331,131.0,38,0.26
9503,503,10,9.879,112.0,47,0.133
9504,504,10,19.847,140.0,51,0.293
9505,505,10,11.096,126.0,41,0.063
9506,506,10,23.622,103.0,41,0.273
9507,507,10,28.513,139.0,47,0.306
9508,508,10,13.462,131.0,45,0.74
9509,509,10,32.5710026,104.0,43,0.325
9510,510,10,28.379,108.0,43,0.605
9511,511,10,28.824,113.0,41,1.731
9512,512,10,14.008,144.0,47,1.593
9513,513,10,1.624,160.0,49,0.043
9514,514,10,8.683,137.0,45,0.167
9515,515,10,24.705,93.0,44,0.025
9516,516,10,13.634,104.0,48,0.071
9517,517,10,17.46835977908302,127.0,57,0.631
9518,518,10,23.492,116.0,51,0.772
9519,519,10,8.838,158.0,38,0.274
9520,520,10,14.344,122.0,54,0.867
9521,521,10,21.596,147.0,42,0.287
9522,522,10,10.895,140.0,45,0.093
9523,523,10,17.273,110.0,60,0.357
9524,524,10,28.529,104.0,48,0.164
9525,525,10,12.829,123.0,45,0.099
9526,526,10,18.088,140.0,58,0.072
9527,527,10,15.673,125.0,40,0.29
9528,528,10,22.442,146.0,46,0.058
9529,529,10,22.25,132.0,56,1.507
9530,530,10,11.557,107.0,52,0.505
9531,531,10,13.463,131.0,48,0.822
9532,532,10,9.445,125.0,52,0.513
9533,533,10,12.72,152.0,42,0.251
9534,534,10,17.064,99.0,39,0.111
9535,535,10,30.158,123.0,55,0.355
9536,536,10,9.869,129.0,48,0.137
9537,537,10,26.463,132.0,57,0.398
9538,538,10,25.944,119.0,52,0.506
9539,539,10,8.945,149.0,45,1.088
9540,540,10,12.858,162.0,59,0.16
9541,541,10,10.728,130.0,49,0.754
9542,542,10,17.46835977908302,119.0,47,0.159
9543,543,10,7.823,140.0,45,0.157
9544,544,10,12.139,127.0,32,1.073
9545,545,10,19.838,111.0,57,0.176
9546,546,10,13.115,141.0,54,0.155
9547,547,10,9.006,155.0,54,1.588
9548,548,10,11.229,133.0,54,0.028
9549,549,10,15.116,127.0,48,0.918
9550,550,10,17.46835977908302,111.0,40,0.997
9551,551,10,17.849,102.0,43,0.179
9552,552,10,12.555,140.0,52,0.059
9553,553,10,18.333,122.0,58,0.067
9554,554,10,19.601,121.0,51,0.418
9555,555,10,16.377,104.0,53,0.583
9556,556,10,14.909,166.0,48,0.736
9557,557,10,22.826,140.0,43,0.171
9558,558,10,18.243,116.0,60,0.528
9559,559,10,9.427,147.0,56,0.151
9560,560,10,17.46835977908302,138.0,43,0.826
9561,561,10,21.287,146.0,39,0.9
9562,562,10,24.506,117.0,52,1.636
9563,563,10,9.019,143.0,54,1.559
9564,564,10,15.12,120.0,46,0.577
9565,565,10,13.355,93.0,47,0.04
9566,566,10,17.46835977908302,115.0,39,0.244
9567,567,10,13.284,156.0,46,0.336
9568,568,10,23.764,93.0,50,0.184
9569,569,10,7.831,145.0,53,0.267
9570,570,10,18.445,96.0,42,0.018
9571,571,10,16.395,107.0,62,0.142
9572,572,10,12.418,151.0,46,0.03
9573,573,10,16.535,134.0,56,0.043
9574,574,10,16.499,136.0,57,0.533
9575,575,10,16.277,120.0,45,0.297
9576,576,10,13.494,129.0,45,0.126
9577,577,10,15.669,104.0,49,0.23
9578,578,10,25.569,118.0,52,0.32
9579,579,10,22.73,100.0,41,0.213
9580,580,10,17.46835977908302,152.0,62,1.482
9581,581,10,6.236,111.0,47,1.014
9582,582,10,27.496,151.0,69,0.015
9583,583,10,6.955,118.0,57,1.665
9584,584,10,22.469,122.0,50,0.006
9585,585,10,26.828,148.0,48,0.067
9586,586,10,14.275,94.0,51,0.058
9587,587,10,8.248,126.0,67,1.444
9588,588,10,14.284,150.0,50,0.383
9589,589,10,21.449,117.0,55,0.178
9590,590,10,16.655,144.0,51,0.124
9591,591,10,23.16,142.0,49,0.274
9592,592,10,19.336,145.0,48,0.183
9593,593,10,16.581,109.0,51,0.3
9594,594,10,18.328,84.0,49,0.97
9595,595,10,14.723,131.0,42,0.585
9596,596,10,14.719,151.0,40,0.018
9597,597,10,27.473,108.0,61,0.191
9598,598,10,17.46835977908302,145.0,57,0.946
9599,599,10,25.704,104.0,52,0.156
9600,600,10,26.435,117.0,61,2.07
9601,601,10,6.677,144.0,43,0.131
9602,602,10,24.162,121.0,39,0.184
9603,603,10,10.242,149.0,57,0.092
9604,604,10,16.707,109.0,53,0.013
9605,605,10,17.46835977908302,133.0,50,0.038
9606,606,10,10.255,99.0,52,0.507
9607,607,10,12.509,123.0,51,0.426
9608,608,10,16.469,109.0,50,0.651
9609,609,10,15.463,101.0,54,0.026
9610,610,10,17.46835977908302,132.0,40,0.246
9611,611,10,20.408,130.0,59,0.056
9612,612,10,19.804,106.0,44,0.239
9613,613,10,30.351,126.0,47,0.762
9614,614,10,16.218,138.0,48,0.309
9615,615,10,19.111,135.0,35,0.436
9616,616,10,17.46835977908302,131.0,48,0.083
9617,617,10,11.491,81.0,54,0.48
9618,618,10,16.598,140.0,44,0.402
9619,619,10,19.177,114.0,45,0.897
9620,620,10,7.169,98.0,42,0.009
9621,621,10,18.568,132.0,58,0.802
9622,622,10,15.946,130.0,50,0.541
9623,623,10,15.109,153.0,35,0.145
9624,624,10,5.956,130.0,54,0.035
9625,625,10,16.029,147.0,48,0.486
9626,626,10,20.977,123.0,38,0.032
9627,627,10,22.064,132.0,35,0.248
9628,628,10,17.46835977908302,131.0,41,0.59
9629,629,10,12.327,112.0,50,0.441
9630,630,10,22.509,157.0,50,0.826
9631,631,10,16.94,113.0,70,0.297
9632,632,10,14.518,131.0,41,0.144
9633,633,10,9.875,108.0,63,0.288
9634,634,10,16.04,120.0,49,1.045
9635,635,10,20.864,147.0,41,0.059
9636,636,10,8.627,111.0,40,0.528
9637,637,10,26.326,113.0,58,0.294
9638,638,10,12.863,110.0,55,0.008
9639,639,10,15.756,120.0,51,1.192
9640,640,10,17.868,99.0,61,0.228
9641,641,10,17.46835977908302,139.0,47,0.365
9642,642,10,21.195,105.0,51,0.076
9643,643,10,4.593,110.0,63,0.405
9644,644,10,17.46835977908302,132.0,51,0.442
9645,645,10,16.637,128.0,44,0.207
9646,646,10,31.37,121.0,45,0.145
9647,647,10,12.961,106.0,53,0.497
9648,648,10,10.159,129.0,42,0.369
9649,649,10,3.879,114.0,42,0.011
9650,650,10,14.687,130.0,63,0.289
9651,651,10,10.671,107.0,49,0.612
9652,652,10,13.918,116.0,52,0.047
9653,653,10,13.914,103.0,46,2.004
9654,654,10,27.564,126.0,62,0.516
9655,655,10,9.547,131.0,50,0.103
9656,656,10,10.535,121.0,60,0.025
9657,657,10,26.698,113.0,49,0.518
9658,658,10,17.45,100.0,58,0.652
9659,659,10,12.041,127.0,47,0.79
9660,660,10,17.116,161.0,50,0.05
9661,661,10,8.869,103.0,45,0.094
9662,662,10,28.697,104.0,42,0.127
9663,663,10,9.779,118.0,52,0.225
9664,664,10,23.044,106.0,45,0.134
9665,665,10,24.387,102.0,42,0.208
9666,666,10,20.069,104.0,58,0.224
9667,667,10,21.601,134.0,50,0.126
9668,668,10,11.98,135.0,55,0.077
9669,669,10,19.936,102.0,50,0.862
9670,670,10,22.747,93.0,46,0.005
9671,671,10,13.701,108.0,65,0.276
9672,672,10,30.982,107.0,56,0.473
9673,673,10,17.067,134.0,45,0.004
9674,674,10,14.386,131.0,56,0.247
9675,675,10,16.858,144.0,37,0.194
9676,676,10,17.46835977908302,92.0,63,0.498
9677,677,10,17.605,132.0,66,0.536
9678,678,10,23.236,117.0,37,0.105
9679,679,10,22.926,105.0,45,0.095
9680,680,10,24.221,110.0,47,0.086
9681,681,10,23.731,93.0,38,0.312
9682,682,10,1.872,137.0,35,0.727
9683,683,10,10.345,127.0,45,0.912
9684,684,10,13.732,108.0,49,0.101
9685,685,10,17.262,119.0,47,0.326
9686,686,10,20.42,131.0,45,0.557
9687,687,10,14.384,91.0,49,1.398
9688,688,10,13.42,116.0,48,0.392
9689,689,10,4.605,106.0,47,0.305
9690,690,10,26.402,140.0,52,0.056
9691,691,10,15.849,99.0,53,0.998
9692,692,10,24.821,96.0,45,0.228
9693,693,10,21.608,117.0,54,0.325
9694,694,10,15.361,149.0,34,0.22
9695,695,10,18.857,111.0,52,0.408
9696,696,10,15.86,121.0,47,0.121
9697,697,10,14.264,107.0,42,0.367
9698,698,10,27.444,135.0,49,0.805
9699,699,10,18.168,124.0,59,0.019
9700,700,10,10.765,156.0,51,0.708
9701,701,10,4.441,143.0,49,0.619
9702,702,10,14.178,149.0,53,1.245
9703,703,10,29.317,100.0,57,0.438
9704,704,10,17.46835977908302,125.0,39,0.456
9705,705,10,20.427,152.0,59,0.791
9706,706,10,12.363,136.0,43,0.054
9707,707,10,20.176,155.0,41,0.532
9708,708,10,18.833,148.0,40,0.393
9709,709,10,12.37,130.0,60,0.599
9710,710,10,17.46835977908302,128.0,45,0.264
9711,711,10,7.03,139.0,49,0.828
9712,712,10,15.895,104.0,53,2.166
9713,713,10,0.817,128.0,46,0.717
9714,714,10,21.261,106.0,48,0.939
9715,715,10,3.986,131.0,47,0.67
9716,716,10,16.041,112.0,55,0.533
9717,717,10,17.284,143.0,57,0.087
9718,718,10,17.46835977908302,154.0,55,0.85
9719,719,10,13.272,107.0,56,0.28
9720,720,10,13.838,114.0,58,0.271
9721,721,10,18.586,133.0,53,1.743
9722,722,10,14.83,122.0,53,0.757
9723,723,10,11.941,126.0,51,0.131
9724,724,10,22.002,120.0,50,0.526
9725,725,10,13.809,122.0,45,0.005
9726,726,10,21.249,145.0,49,0.701
9727,727,10,15.843,80.0,40,0.111
9728,728,10,32.5710026,99.0,38,0.459
9729,729,10,32.232,116.0,42,0.1
9730,730,10,12.994,136.0,50,0.707
9731,731,10,17.46835977908302,110.0,49,1.044
9732,732,10,15.609,108.0,41,0.454
9733,733,10,15.644,127.0,53,0.181
9734,734,10,16.294,114.0,60,0.882
9735,735,10,13.813,135.0,51,0.361
9736,736,10,16.708,116.0,65,0.458
9737,737,10,24.118,110.0,30,0.319
9738,738,10,15.979,145.0,50,0.093
9739,739,10,8.955,96.0,43,0.524
9740,740,10,17.46835977908302,130.0,53,1.385
9741,741,10,18.417,125.0,49,0.057
9742,742,10,23.527,132.0,60,0.423
9743,743,10,5.77,129.0,61,0.34
9744,744,10,13.26,99.0,42,0.11
9745,745,10,9.196,119.0,48,0.076
9746,746,10,22.016,105.0,55,0.079
9747,747,10,20.905,99.0,57,0.183
9748,748,10,18.507,93.0,38,0.532
9749,749,10,12.503,121.0,50,0.497
9750,750,10,16.093,96.0,57,0.194
9751,751,10,3.945,142.0,56,1.324
9752,752,10,18.613,120.0,44,0.041
9753,753,10,13.02,126.0,52,0.816
9754,754,10,21.078,111.0,57,1.398
9755,755,10,14.324,124.0,44,0.023
9756,756,10,9.534,138.0,44,1.341
9757,757,10,7.874,98.0,49,0.511
9758,758,10,26.879,119.0,56,0.314
9759,759,10,32.5710026,102.0,47,1.455
9760,760,10,17.969,98.0,38,0.163
9761,761,10,17.081,125.0,47,0.637
9762,762,10,15.654,110.0,41,0.291
9763,763,10,28.692,132.0,40,0.651
9764,764,10,32.315,123.0,42,0.069
9765,765,10,16.407,122.0,50,0.372
9766,766,10,17.46835977908302,142.0,58,1.033
9767,767,10,7.744,95.0,42,0.792
9768,768,10,3.938,127.0,62,0.121
9769,769,10,15.862,137.0,51,0.03
9770,770,10,19.016,115.0,47,0.314
9771,771,10,19.449,116.0,61,0.524
9772,772,10,11.889,130.0,57,1.058
9773,773,10,13.248,120.0,49,0.228
9774,774,10,20.888,144.0,50,1.567
9775,775,10,19.252,146.0,51,0.227
9776,776,10,17.46835977908302,146.0,49,0.852
9777,777,10,17.46835977908302,93.0,51,0.277
9778,778,10,28.379,150.0,43,0.344
9779,779,10,7.294,125.0,43,0.233
9780,780,10,20.844,111.0,55,1.905
9781,781,10,5.928,138.0,58,0.405
9782,782,10,15.589,141.0,45,0.031
9783,783,10,31.07,96.0,58,0.371
9784,784,10,10.653,164.0,50,1.69
9785,785,10,11.333,133.0,54,0.574
9786,786,10,17.485,111.0,50,0.525
9787,787,10,25.248,127.0,59,0.244
9788,788,10,25.436,133.0,49,0.459
9789,789,10,12.448,132.0,60,0.414
9790,790,10,18.362,109.0,45,0.848
9791,791,10,19.171,97.0,55,0.14
9792,792,10,10.722,136.0,47,0.226
9793,793,10,11.63,106.0,53,0.795
9794,794,10,3.84,129.0,49,0.175
9795,795,10,21.424,103.0,46,0.479
9796,796,10,21.023,166.0,52,0.797
9797,797,10,14.931,112.0,66,0.214
9798,798,10,8.548,161.0,55,0.532
9799,799,10,24.509,101.0,40,0.217
9800,800,10,9.838,138.0,57,0.327
9801,801,10,10.742,140.0,49,0.934
9802,802,10,20.346,106.0,55,0.091
9803,803,10,8.191,144.0,57,1.094
9804,804,10,14.318,90.0,69,0.443
9805,805,10,14.907,99.0,60,0.476
9806,806,10,11.472,113.0,54,0.321
9807,807,10,17.485,127.0,50,0.322
9808,808,10,21.357,115.0,53,0.275
9809,809,10,7.943,119.0,42,0.234
9810,810,10,17.46835977908302,99.0,44,0.234
9811,811,10,4.722,92.0,59,0.676
9812,812,10,11.593,116.0,41,1.261
9813,813,10,19.613,107.0,53,0.075
9814,814,10,13.923,116.0,43,0.254
9815,815,10,18.892,110.0,55,0.105
9816,816,10,10.3,136.0,55,1.354
9817,817,10,16.871,102.0,53,0.858
9818,818,10,21.48,149.0,48,1.688
9819,819,10,16.403,152.0,44,0.205
9820,820,10,30.157,101.0,54,0.011
9821,821,10,11.431,149.0,51,0.86
9822,822,10,13.08,115.0,59,0.406
9823,823,10,8.393,127.0,63,1.01
9824,824,10,24.963,139.0,59,0.674
9825,825,10,15.429,103.0,48,0.063
9826,826,10,28.953,160.0,48,0.054
9827,827,10,14.814,111.0,52,0.186
9828,828,10,8.06,124.0,63,0.715
9829,829,10,32.5710026,108.0,51,0.626
9830,830,10,23.293,137.0,51,1.09
9831,831,10,15.534,114.0,42,0.784
9832,832,10,20.315,132.0,38,0.047
9833,833,10,19.803,146.0,48,0.056
9834,834,10,9.033,139.0,38,0.329
9835,835,10,28.136,119.0,62,0.837
9836,836,10,32.5710026,119.0,51,0.183
9837,837,10,19.631,139.0,53,0.148
9838,838,10,15.032,133.0,35,0.026
9839,839,10,18.839,108.0,61,0.375
9840,840,10,24.351,141.0,55,0.351
9841,841,10,17.971,132.0,45,0.831
9842,842,10,14.016,124.0,56,0.119
9843,843,10,30.713,133.0,43,0.102
9844,844,10,13.597,111.0,59,0.507
9845,845,10,26.943,109.0,42,0.067
9846,846,10,12.937,131.0,53,0.113
9847,847,10,15.081,135.0,53,0.676
9848,848,10,17.813,123.0,67,0.643
9849,849,10,17.39,112.0,63,0.258
9850,850,10,23.429,135.0,65,0.437
9851,851,10,19.851,160.0,45,0.498
9852,852,10,16.912,131.0,40,0.024
9853,853,10,15.674,121.0,48,0.499
9854,854,10,21.962,124.0,51,0.255
9855,855,10,21.108,125.0,57,0.062
9856,856,10,15.513,144.0,55,0.861
9857,857,10,15.515,154.0,45,0.313
9858,858,10,23.853,82.0,52,0.0
9859,859,10,17.46835977908302,107.0,70,0.086
9860,860,10,19.816,119.0,54,0.427
9861,861,10,17.46835977908302,111.0,48,0.234
9862,862,10,14.367,103.0,44,0.086
9863,863,10,16.456,115.0,49,0.29
9864,864,10,7.594,136.0,56,1.026
9865,865,10,9.583,150.0,64,0.406
9866,866,10,2.714,137.0,50,0.052
9867,867,10,17.46835977908302,103.0,37,0.154
9868,868,10,11.195,152.0,53,0.305
9869,869,10,12.664,135.0,46,0.149
9870,870,10,17.04,124.0,50,1.729
9871,871,10,16.931,166.0,47,0.207
9872,872,10,12.452,153.0,51,0.424
9873,873,10,10.498,122.0,54,0.064
9874,874,10,6.286,110.0,50,1.021
9875,875,10,3.205,158.0,55,0.34
9876,876,10,10.534,150.0,39,0.455
9877,877,10,7.781,155.0,42,0.385
9878,878,10,32.262,124.0,44,1.021
9879,879,10,17.46835977908302,141.0,47,0.093
9880,880,10,19.79,166.0,51,1.12
9881,881,10,6.831,92.0,57,0.237
9882,882,10,32.5710026,114.0,47,0.652
9883,883,10,9.415,129.0,45,0.096
9884,884,10,5.093,141.0,54,0.444
9885,885,10,31.584,119.0,42,0.203
9886,886,10,17.003,118.0,48,0.44
9887,887,10,7.424,147.0,47,0.14
9888,888,10,12.525,104.0,45,0.745
9889,889,10,12.856,101.0,44,0.034
9890,890,10,28.401,117.0,48,0.172
9891,891,10,10.899,161.0,56,0.28
9892,892,10,11.854,111.0,53,0.185
9893,893,10,5.871,112.0,46,1.171
9894,894,10,23.822,96.0,46,0.021
9895,895,10,16.365,151.0,57,0.399
9896,896,10,10.635,108.0,53,0.421
9897,897,10,27.611,103.0,35,0.894
9898,898,10,14.816,115.0,52,0.051
9899,899,10,22.496,121.0,59,0.327
9900,900,10,18.69,102.0,53,0.331
9901,901,10,15.638,124.0,48,0.904
9902,902,10,17.625,109.0,51,0.295
9903,903,10,32.5710026,111.0,61,0.115
9904,904,10,11.191,111.0,55,0.086
9905,905,10,7.776,145.0,43,0.351
9906,906,10,28.454,148.0,47,1.031
9907,907,10,10.59,127.0,41,0.238
9908,908,10,14.975,120.0,34,0.84
9909,909,10,5.861,166.0,43,0.913
9910,910,10,22.999,130.0,34,0.19
9911,911,10,18.639,94.0,38,0.278
9912,912,10,27.175,127.0,37,0.402
9913,913,10,14.193,166.0,47,1.438
9914,914,10,24.892,118.0,52,0.02
9915,915,10,17.46835977908302,123.0,51,0.692
9916,916,10,18.853,142.0,51,0.611
9917,917,10,14.609,128.0,50,0.505
9918,918,10,9.06,125.0,52,0.177
9919,919,10,16.461,135.0,48,0.761
9920,920,10,4.463,105.0,48,0.072
9921,921,10,10.41,156.0,62,0.918
9922,922,10,17.46835977908302,138.0,47,0.276
9923,923,10,17.353,146.0,32,0.689
9924,924,10,19.893,142.0,42,0.328
9925,925,10,12.485,117.0,42,0.707
9926,926,10,14.516,152.0,53,0.13
9927,927,10,17.697,125.0,43,0.074
9928,928,10,12.781,137.0,50,0.317
9929,929,10,15.873,142.0,48,2.752
9930,930,10,21.586,149.0,47,2.535
9931,931,10,13.208,119.0,48,0.116
9932,932,10,12.17,125.0,49,0.973
9933,933,10,19.244,132.0,44,0.48
9934,934,10,17.086,166.0,47,0.249
9935,935,10,15.54,122.0,43,0.325
9936,936,10,27.738,102.0,61,0.649
9937,937,10,24.641,143.0,43,0.178
9938,938,10,14.092,157.0,53,1.078
9939,939,10,22.935,128.0,45,0.311
9940,940,10,2.103,128.0,48,1.566
9941,941,10,15.402,104.0,39,0.092
9942,942,10,12.123,158.0,56,1.424
9943,943,10,23.012,113.0,57,0.062
9944,944,10,16.996,119.0,65,0.291
9945,945,10,21.599,126.0,50,0.429
9946,946,10,11.686,116.0,54,0.645
9947,947,10,18.398,145.0,33,0.322
9948,948,10,23.012,131.0,55,0.041
9949,949,10,16.618,157.0,46,0.192
9950,950,10,13.522,138.0,51,0.248
9951,951,10,13.422,127.0,43,0.924
9952,952,10,16.135,116.0,40,0.732
9953,953,10,2.605,110.0,40,0.166
9954,954,10,32.5710026,104.0,50,0.34
9955,955,10,17.939,127.0,54,0.191
9956,956,10,6.833,110.0,45,0.012
9957,957,10,14.359,115.0,35,0.282
9958,958,10,7.602,105.0,47,0.849
9959,959,10,18.178,107.0,52,0.308
9960,960,10,16.202,120.0,46,0.354
9961,961,10,19.443,134.0,47,0.013
9962,962,10,18.694,115.0,56,0.774
9963,963,10,24.948,108.0,47,0.281
9964,964,10,21.038,149.0,56,0.474
9965,965,10,8.164,89.0,43,0.575
9966,966,10,17.46835977908302,146.0,50,0.048
9967,967,10,9.37,131.0,49,0.066
9968,968,10,14.942,122.0,43,0.053
9969,969,10,23.458,127.0,39,0.214
9970,970,10,7.699,112.0,54,0.433
9971,971,10,10.768,146.0,70,0.248
9972,972,10,28.969,138.0,50,0.152
9973,973,10,9.851,136.0,51,0.652
9974,974,10,20.76,90.0,49,1.008
9975,975,10,17.46835977908302,114.0,35,0.006
9976,976,10,24.272,126.0,48,1.207
9977,977,10,15.302,150.0,35,0.103
9978,978,10,19.285,139.0,49,0.082
9979,979,10,17.94,129.0,39,0.032
9980,980,10,9.415,159.0,43,0.288
9981,981,10,16.325,125.0,48,0.529
9982,982,10,13.55,126.0,43,0.832
9983,983,10,27.059,130.0,49,0.047
9984,984,10,7.931,142.0,44,0.499
9985,985,10,28.446,128.0,52,0.928
9986,986,10,13.375,110.0,53,0.171
9987,987,10,17.46835977908302,131.0,43,0.289
9988,988,10,11.428,121.0,50,0.498
9989,989,10,9.583,138.0,51,0.277
9990,990,10,28.794,133.0,48,0.98
9991,991,10,13.143,113.0,53,0.081
9992,992,10,23.012,123.0,50,0.438
9993,993,10,4.122,153.0,45,1.274
9994,994,10,7.348,130.0,60,0.078
9995,995,10,4.29,118.0,63,0.333
9996,996,10,16.223,146.0,59,0.583
9997,997,10,23.23,92.0,66,0.219
9998,998,10,21.744,148.0,65,0.599
9999,999,10,20.441,144.0,55,0.093
10000,1000,10,6.095,112.0,45,0.159
10001,1,11,10.303,117.0,49,0.876
10002,2,11,10.524,105.0,53,0.308
10003,3,11,13.834,132.0,44,1.412
10004,4,11,12.194,113.0,46,0.975
10005,5,11,20.053,135.0,69,1.061
10006,6,11,15.476,103.0,58,0.516
10007,7,11,26.149,111.0,60,0.17
10008,8,11,15.684,90.0,46,0.334
10009,9,11,11.713,132.0,48,0.819
10010,10,11,15.202,164.0,61,0.289
10011,11,11,13.362,95.0,51,0.701
10012,12,11,30.334,109.0,47,0.347
10013,13,11,20.444,107.0,43,0.185
10014,14,11,17.46835977908302,138.0,67,0.327
10015,15,11,16.476,138.0,51,0.279
10016,16,11,32.5710026,101.0,51,0.037
10017,17,11,11.987,138.0,46,0.136
10018,18,11,25.52,141.0,45,0.094
10019,19,11,9.585,145.0,52,1.599
10020,20,11,29.357,127.0,56,2.11
10021,21,11,15.829,116.0,54,0.267
10022,22,11,11.292,134.0,62,0.273
10023,23,11,22.321,130.0,36,0.712
10024,24,11,18.268,98.0,49,1.529
10025,25,11,26.75,151.0,41,0.396
10026,26,11,14.489,115.0,49,0.657
10027,27,11,17.46835977908302,127.0,57,2.142
10028,28,11,21.322,141.0,55,0.054
10029,29,11,24.074,110.0,53,0.32
10030,30,11,14.854,113.0,60,0.09
10031,31,11,19.643,122.0,42,0.263
10032,32,11,10.821,136.0,54,0.381
10033,33,11,22.858,113.0,42,0.5
10034,34,11,8.459,150.0,54,0.086
10035,35,11,27.154,166.0,60,0.927
10036,36,11,25.024,122.0,43,1.715
10037,37,11,11.941,118.0,58,1.033
10038,38,11,20.641,105.0,59,0.031
10039,39,11,14.197,118.0,59,0.484
10040,40,11,10.638,102.0,45,0.069
10041,41,11,24.862,134.0,56,0.148
10042,42,11,17.904,138.0,46,0.528
10043,43,11,10.215,122.0,65,1.166
10044,44,11,13.975,141.0,57,0.598
10045,45,11,23.116,122.0,43,0.191
10046,46,11,25.515,117.0,55,0.132
10047,47,11,10.188,128.0,52,0.742
10048,48,11,12.945,141.0,44,0.028
10049,49,11,7.371,145.0,40,0.793
10050,50,11,9.193,156.0,49,0.184
10051,51,11,18.006,146.0,55,1.121
10052,52,11,15.459,158.0,51,0.072
10053,53,11,16.911,122.0,55,0.039
10054,54,11,10.71,91.0,62,0.006
10055,55,11,18.559,133.0,56,0.204
10056,56,11,15.006,100.0,57,0.105
10057,57,11,11.989,129.0,52,0.307
10058,58,11,0.0,138.0,68,0.082
10059,59,11,16.041,127.0,63,0.441
10060,60,11,15.296,104.0,50,0.121
10061,61,11,23.018,121.0,60,0.035
10062,62,11,25.501,112.0,40,0.031
10063,63,11,21.815,115.0,61,0.137
10064,64,11,16.27,92.0,46,0.257
10065,65,11,11.689,113.0,46,0.435
10066,66,11,32.5710026,92.0,40,0.209
10067,67,11,15.807,138.0,55,0.151
10068,68,11,14.981,115.0,50,0.231
10069,69,11,23.127,120.0,55,0.485
10070,70,11,19.987,117.0,52,0.449
10071,71,11,19.323,106.0,67,0.789
10072,72,11,22.274,122.0,49,1.972
10073,73,11,18.263,146.0,47,0.368
10074,74,11,15.045,118.0,58,0.933
10075,75,11,22.155,150.0,57,0.584
10076,76,11,25.508,120.0,46,0.701
10077,77,11,15.376,116.0,47,0.288
10078,78,11,13.947,115.0,48,2.374
10079,79,11,13.997,141.0,68,0.462
10080,80,11,13.627,115.0,46,0.23
10081,81,11,19.203,134.0,41,0.072
10082,82,11,12.642,114.0,48,0.438
10083,83,11,8.346,111.0,52,0.106
10084,84,11,22.807,124.0,43,1.059
10085,85,11,21.324,124.0,49,0.108
10086,86,11,16.055,129.0,45,0.05
10087,87,11,10.426,134.0,54,0.044
10088,88,11,22.919,116.0,52,0.358
10089,89,11,21.496,150.0,52,0.262
10090,90,11,14.526,132.0,53,1.25
10091,91,11,18.695,122.0,49,0.277
10092,92,11,8.949,129.0,47,0.123
10093,93,11,10.177,127.0,43,0.158
10094,94,11,14.769,92.0,71,0.783
10095,95,11,11.315,128.0,39,0.759
10096,96,11,5.516,137.0,50,0.52
10097,97,11,16.342,158.0,46,0.419
10098,98,11,7.398,124.0,55,0.13
10099,99,11,29.32,97.0,49,0.719
10100,100,11,29.972,120.0,64,0.046
10101,101,11,9.77,124.0,50,0.275
10102,102,11,11.504,143.0,50,0.25
10103,103,11,10.851,119.0,44,0.327
10104,104,11,13.482,147.0,51,0.683
10105,105,11,25.38,98.0,49,0.114
10106,106,11,12.51,129.0,50,0.004
10107,107,11,8.032,166.0,47,0.686
10108,108,11,15.109,95.0,44,0.324
10109,109,11,32.5710026,102.0,45,0.111
10110,110,11,17.46835977908302,135.0,60,0.934
10111,111,11,17.46835977908302,106.0,55,0.268
10112,112,11,17.898,89.0,50,0.865
10113,113,11,15.311,131.0,43,1.276
10114,114,11,14.494,149.0,57,0.414
10115,115,11,20.081,109.0,39,1.011
10116,116,11,21.38,93.0,50,0.333
10117,117,11,15.546,114.0,49,0.038
10118,118,11,17.535,133.0,36,0.09
10119,119,11,10.502,123.0,48,0.694
10120,120,11,11.636,149.0,45,0.433
10121,121,11,13.902,148.0,59,0.154
10122,122,11,12.42,140.0,50,0.456
10123,123,11,19.874,116.0,46,0.855
10124,124,11,30.526,105.0,40,0.306
10125,125,11,15.886,106.0,49,0.394
10126,126,11,19.56,152.0,35,0.534
10127,127,11,21.891,109.0,47,0.055
10128,128,11,24.47,112.0,62,0.145
10129,129,11,4.781,155.0,37,1.515
10130,130,11,9.171,137.0,61,0.345
10131,131,11,16.197,92.0,50,0.392
10132,132,11,27.128,139.0,58,0.594
10133,133,11,12.264,135.0,52,0.616
10134,134,11,13.085,129.0,53,0.0
10135,135,11,19.335,122.0,43,0.72
10136,136,11,10.828,155.0,46,0.141
10137,137,11,20.03,161.0,48,0.699
10138,138,11,17.46835977908302,138.0,47,0.553
10139,139,11,17.46835977908302,155.0,51,0.389
10140,140,11,32.5710026,110.0,53,0.682
10141,141,11,11.246,113.0,53,0.56
10142,142,11,19.178,159.0,66,0.507
10143,143,11,9.983,166.0,45,0.347
10144,144,11,7.36,126.0,51,0.53
10145,145,11,21.932,145.0,54,0.101
10146,146,11,20.958,159.0,49,0.19
10147,147,11,20.641,136.0,51,0.054
10148,148,11,23.053,125.0,57,0.68
10149,149,11,19.179,102.0,41,0.112
10150,150,11,9.63,128.0,46,0.244
10151,151,11,9.245,132.0,47,0.307
10152,152,11,29.199,115.0,50,0.721
10153,153,11,32.343,126.0,55,0.153
10154,154,11,26.801,120.0,37,0.147
10155,155,11,24.848,145.0,47,0.931
10156,156,11,21.505,115.0,49,0.557
10157,157,11,13.36,150.0,52,3.984
10158,158,11,5.829,136.0,61,0.489
10159,159,11,8.419,144.0,61,0.781
10160,160,11,22.801,91.0,51,0.035
10161,161,11,9.005,154.0,57,0.831
10162,162,11,22.357,106.0,56,1.36
10163,163,11,18.503,101.0,57,0.396
10164,164,11,14.307,110.0,55,0.099
10165,165,11,26.557,134.0,41,0.473
10166,166,11,17.094,133.0,56,0.009
10167,167,11,12.562,86.0,47,0.63
10168,168,11,13.914,117.0,39,0.481
10169,169,11,7.545,139.0,61,0.099
10170,170,11,12.404,140.0,51,0.674
10171,171,11,20.725,114.0,46,0.56
10172,172,11,13.231,153.0,40,0.879
10173,173,11,17.849,155.0,50,0.202
10174,174,11,28.911,131.0,57,0.726
10175,175,11,13.553,108.0,49,0.608
10176,176,11,23.744,93.0,58,0.077
10177,177,11,19.851,105.0,46,0.154
10178,178,11,11.163,149.0,46,0.025
10179,179,11,14.273,144.0,43,0.2
10180,180,11,31.141,121.0,55,0.095
10181,181,11,17.46835977908302,119.0,51,0.166
10182,182,11,26.226,141.0,62,0.078
10183,183,11,12.971,120.0,39,0.017
10184,184,11,8.657,101.0,54,0.387
10185,185,11,10.598,83.0,53,1.665
10186,186,11,16.703,146.0,45,0.164
10187,187,11,2.152,152.0,49,0.328
10188,188,11,14.659,105.0,44,0.121
10189,189,11,10.93,132.0,27,0.392
10190,190,11,19.512,113.0,46,0.339
10191,191,11,23.178,132.0,48,0.744
10192,192,11,6.418,131.0,50,0.648
10193,193,11,12.882,143.0,49,0.676
10194,194,11,11.726,119.0,49,0.285
10195,195,11,21.273,141.0,53,0.31
10196,196,11,8.75,128.0,54,0.384
10197,197,11,21.409,112.0,51,0.443
10198,198,11,23.314,112.0,54,0.833
10199,199,11,18.23,125.0,42,0.125
10200,200,11,12.375,151.0,52,0.153
10201,201,11,20.877,115.0,56,0.25
10202,202,11,12.879,130.0,61,1.627
10203,203,11,6.234,142.0,47,0.09
10204,204,11,12.619,88.0,57,0.446
10205,205,11,30.642,110.0,49,0.782
10206,206,11,15.282,137.0,56,0.753
10207,207,11,18.3,107.0,47,0.117
10208,208,11,14.894,111.0,52,0.647
10209,209,11,10.294,143.0,57,0.323
10210,210,11,17.868,143.0,43,0.013
10211,211,11,10.128,147.0,52,0.305
10212,212,11,12.701,149.0,67,0.084
10213,213,11,17.46835977908302,117.0,61,0.172
10214,214,11,23.835,125.0,43,0.644
10215,215,11,14.41,135.0,58,0.981
10216,216,11,26.445,148.0,55,1.261
10217,217,11,16.089,82.0,46,0.048
10218,218,11,21.509,133.0,48,0.384
10219,219,11,14.878,114.0,47,0.821
10220,220,11,18.53,91.0,51,0.159
10221,221,11,18.72,120.0,51,0.006
10222,222,11,19.802,128.0,54,0.545
10223,223,11,16.169,125.0,55,0.247
10224,224,11,7.547,130.0,51,0.138
10225,225,11,16.279,144.0,56,0.101
10226,226,11,14.782,137.0,36,0.748
10227,227,11,11.316,143.0,49,0.393
10228,228,11,25.811,126.0,54,0.853
10229,229,11,6.329,135.0,31,0.244
10230,230,11,18.26,106.0,46,0.352
10231,231,11,30.929,116.0,47,0.948
10232,232,11,15.474,138.0,45,0.867
10233,233,11,12.004,141.0,39,0.816
10234,234,11,17.64,114.0,51,1.02
10235,235,11,16.44,118.0,48,1.612
10236,236,11,14.165,102.0,48,0.843
10237,237,11,17.834,129.0,40,1.205
10238,238,11,28.169,94.0,32,0.461
10239,239,11,17.458,100.0,58,0.502
10240,240,11,9.549,147.0,38,0.214
10241,241,11,16.17,144.0,58,0.962
10242,242,11,8.215,98.0,55,1.324
10243,243,11,19.017,120.0,58,0.552
10244,244,11,6.771,110.0,52,0.722
10245,245,11,8.5,102.0,60,0.862
10246,246,11,19.569,111.0,44,0.386
10247,247,11,25.258,158.0,49,2.367
10248,248,11,7.573,127.0,52,0.428
10249,249,11,29.713,106.0,40,0.594
10250,250,11,11.518,138.0,49,1.507
10251,251,11,19.355,112.0,50,0.561
10252,252,11,24.094,120.0,54,0.822
10253,253,11,17.46835977908302,166.0,55,1.039
10254,254,11,25.242,119.0,41,0.7
10255,255,11,17.147,98.0,46,0.014
10256,256,11,12.76,163.0,46,0.265
10257,257,11,10.409,156.0,54,0.23
10258,258,11,28.674,117.0,37,0.077
10259,259,11,25.272,144.0,42,1.234
10260,260,11,15.197,161.0,45,0.221
10261,261,11,14.931,118.0,55,0.474
10262,262,11,29.15,107.0,54,0.012
10263,263,11,15.618,126.0,58,0.217
10264,264,11,20.081,104.0,51,0.251
10265,265,11,18.535,101.0,47,0.089
10266,266,11,25.438,128.0,53,1.268
10267,267,11,9.333,131.0,65,0.223
10268,268,11,18.432,122.0,49,1.158
10269,269,11,17.747,132.0,54,0.213
10270,270,11,14.843,109.0,47,0.908
10271,271,11,13.552,135.0,45,1.083
10272,272,11,25.489,143.0,51,0.485
10273,273,11,6.576,123.0,57,0.042
10274,274,11,9.207,131.0,56,0.668
10275,275,11,11.211,107.0,54,0.58
10276,276,11,14.352,113.0,53,0.747
10277,277,11,18.114,99.0,48,0.175
10278,278,11,9.901,143.0,57,0.125
10279,279,11,18.211,112.0,43,0.233
10280,280,11,26.592,107.0,52,0.988
10281,281,11,20.372,132.0,40,0.011
10282,282,11,15.828,139.0,42,0.395
10283,283,11,19.672,124.0,57,0.721
10284,284,11,11.432,93.0,41,0.179
10285,285,11,20.265,130.0,45,0.189
10286,286,11,29.19,119.0,47,0.262
10287,287,11,14.702,106.0,47,0.271
10288,288,11,13.503,152.0,63,0.135
10289,289,11,17.46835977908302,116.0,48,0.494
10290,290,11,17.927,139.0,46,0.207
10291,291,11,17.463,144.0,48,0.676
10292,292,11,12.833,94.0,48,0.18
10293,293,11,25.181,136.0,61,0.505
10294,294,11,20.751,119.0,52,0.181
10295,295,11,14.822,134.0,58,0.166
10296,296,11,26.753,135.0,60,0.32
10297,297,11,10.931,131.0,45,0.591
10298,298,11,18.114,132.0,48,0.07
10299,299,11,19.448,107.0,37,0.002
10300,300,11,32.5710026,93.0,56,0.211
10301,301,11,23.572,104.0,53,0.948
10302,302,11,10.112,133.0,55,1.373
10303,303,11,15.498,139.0,50,0.691
10304,304,11,21.793,152.0,38,0.095
10305,305,11,28.329,110.0,51,0.078
10306,306,11,16.441,121.0,49,0.484
10307,307,11,23.043,148.0,54,0.261
10308,308,11,23.479,128.0,51,0.384
10309,309,11,9.761,138.0,51,0.203
10310,310,11,16.495,120.0,46,1.31
10311,311,11,13.822,112.0,50,0.823
10312,312,11,22.543,90.0,49,0.736
10313,313,11,14.748,156.0,51,0.791
10314,314,11,11.103,139.0,59,1.911
10315,315,11,4.062,129.0,45,0.531
10316,316,11,15.1,128.0,53,0.1
10317,317,11,30.752,108.0,47,0.277
10318,318,11,7.402,106.0,56,0.026
10319,319,11,15.142,117.0,42,0.432
10320,320,11,27.273,120.0,47,0.4
10321,321,11,14.028,163.0,54,0.501
10322,322,11,14.089,122.0,43,0.043
10323,323,11,13.94,162.0,50,0.215
10324,324,11,17.46835977908302,109.0,51,0.226
10325,325,11,28.868,123.0,42,0.064
10326,326,11,12.758,109.0,42,0.261
10327,327,11,30.621,96.0,59,0.105
10328,328,11,7.104,110.0,41,0.965
10329,329,11,20.24,129.0,66,0.138
10330,330,11,15.521,114.0,42,0.081
10331,331,11,8.863,119.0,60,0.86
10332,332,11,24.567,85.0,57,0.328
10333,333,11,21.218,100.0,52,1.602
10334,334,11,28.383,114.0,47,0.082
10335,335,11,4.929,144.0,53,1.019
10336,336,11,10.095,157.0,51,0.213
10337,337,11,20.512,103.0,52,0.731
10338,338,11,14.812,153.0,58,0.157
10339,339,11,12.806,105.0,53,0.107
10340,340,11,19.343,132.0,44,0.46
10341,341,11,11.626,125.0,52,0.806
10342,342,11,32.5710026,114.0,52,0.596
10343,343,11,15.254,94.0,48,0.11
10344,344,11,11.26,120.0,50,0.168
10345,345,11,14.892,121.0,52,1.252
10346,346,11,17.46835977908302,120.0,62,0.275
10347,347,11,26.855,108.0,54,0.532
10348,348,11,30.112,134.0,56,0.228
10349,349,11,15.813,125.0,48,1.281
10350,350,11,9.959,109.0,50,0.056
10351,351,11,12.27,119.0,42,0.79
10352,352,11,29.399,124.0,59,1.134
10353,353,11,14.585,100.0,39,1.331
10354,354,11,12.886,132.0,44,1.14
10355,355,11,12.411,136.0,51,0.122
10356,356,11,23.247,130.0,45,0.454
10357,357,11,20.082,96.0,44,0.756
10358,358,11,14.338,107.0,51,0.159
10359,359,11,27.526,113.0,39,0.283
10360,360,11,21.042,152.0,54,0.609
10361,361,11,23.074,97.0,53,0.574
10362,362,11,24.867,101.0,56,1.184
10363,363,11,18.485,116.0,53,0.35
10364,364,11,7.744,151.0,43,0.255
10365,365,11,10.472,124.0,50,0.01
10366,366,11,19.876,111.0,65,0.276
10367,367,11,20.207,121.0,54,0.297
10368,368,11,17.46835977908302,107.0,47,0.681
10369,369,11,12.382,118.0,41,0.278
10370,370,11,18.929,145.0,41,0.129
10371,371,11,16.772,111.0,52,0.111
10372,372,11,19.047,116.0,51,0.107
10373,373,11,18.773,135.0,44,1.626
10374,374,11,11.141,141.0,52,1.801
10375,375,11,14.878,121.0,56,0.125
10376,376,11,9.617,125.0,56,1.179
10377,377,11,15.647,108.0,58,0.601
10378,378,11,21.185,146.0,47,0.804
10379,379,11,18.145,152.0,40,1.472
10380,380,11,26.018,149.0,59,0.483
10381,381,11,9.927,111.0,46,0.101
10382,382,11,20.162,109.0,47,1.355
10383,383,11,4.062,147.0,42,0.57
10384,384,11,28.006,135.0,50,0.877
10385,385,11,16.414,151.0,42,0.021
10386,386,11,16.387,113.0,45,0.556
10387,387,11,19.008,93.0,50,0.196
10388,388,11,17.713,95.0,43,0.405
10389,389,11,20.826,142.0,50,0.539
10390,390,11,14.988,127.0,45,0.041
10391,391,11,8.472,137.0,52,0.256
10392,392,11,17.443,154.0,46,0.209
10393,393,11,14.928,139.0,54,0.555
10394,394,11,0.0,137.0,53,0.171
10395,395,11,6.778,157.0,37,0.054
10396,396,11,13.604,103.0,60,0.613
10397,397,11,31.932,120.0,50,1.261
10398,398,11,17.809,124.0,44,0.393
10399,399,11,11.879,112.0,58,0.231
10400,400,11,14.116,140.0,63,0.657
10401,401,11,13.096,134.0,45,0.661
10402,402,11,31.85,106.0,46,0.152
10403,403,11,12.951,138.0,50,0.431
10404,404,11,15.12,127.0,59,0.167
10405,405,11,15.385,128.0,43,0.561
10406,406,11,15.361,103.0,60,0.254
10407,407,11,26.539,107.0,57,0.415
10408,408,11,29.428,100.0,47,0.022
10409,409,11,13.139,115.0,57,0.035
10410,410,11,26.33,112.0,63,1.942
10411,411,11,21.362,99.0,46,0.145
10412,412,11,17.859,117.0,46,0.231
10413,413,11,16.898,118.0,57,0.005
10414,414,11,15.252,97.0,46,0.349
10415,415,11,22.233,100.0,53,0.111
10416,416,11,5.753,126.0,58,2.863
10417,417,11,16.804,127.0,52,0.792
10418,418,11,9.866,127.0,54,0.375
10419,419,11,22.174,137.0,39,1.625
10420,420,11,9.017,134.0,45,0.3
10421,421,11,8.107,117.0,37,0.004
10422,422,11,18.758,130.0,45,0.755
10423,423,11,18.338,92.0,52,0.756
10424,424,11,19.545,120.0,50,0.109
10425,425,11,13.203,102.0,47,0.816
10426,426,11,16.331,124.0,54,0.283
10427,427,11,3.492,156.0,50,0.589
10428,428,11,7.502,142.0,54,0.653
10429,429,11,17.46835977908302,133.0,44,0.312
10430,430,11,26.502,144.0,50,0.533
10431,431,11,24.398,122.0,50,0.511
10432,432,11,5.212,126.0,55,0.369
10433,433,11,25.924,136.0,56,0.607
10434,434,11,17.46835977908302,134.0,51,1.907
10435,435,11,10.475,99.0,63,0.492
10436,436,11,17.46835977908302,140.0,48,0.845
10437,437,11,19.779,123.0,48,0.047
10438,438,11,12.656,147.0,46,0.154
10439,439,11,23.079,116.0,55,0.045
10440,440,11,10.447,122.0,58,0.073
10441,441,11,17.461,144.0,56,0.469
10442,442,11,16.558,115.0,46,0.022
10443,443,11,20.361,145.0,48,0.9
10444,444,11,10.915,109.0,53,1.116
10445,445,11,16.934,141.0,56,0.156
10446,446,11,24.876,157.0,53,0.176
10447,447,11,20.332,159.0,47,0.286
10448,448,11,14.442,135.0,45,0.64
10449,449,11,14.358,114.0,48,2.269
10450,450,11,23.126,103.0,55,0.699
10451,451,11,32.5710026,119.0,49,0.161
10452,452,11,15.487,107.0,62,0.208
10453,453,11,28.003,110.0,55,0.346
10454,454,11,25.958,88.0,53,0.424
10455,455,11,6.302,124.0,49,0.602
10456,456,11,15.91,145.0,53,0.147
10457,457,11,17.46835977908302,104.0,58,0.779
10458,458,11,15.246,103.0,40,0.152
10459,459,11,11.083,124.0,53,0.164
10460,460,11,12.064,115.0,57,0.294
10461,461,11,15.954,118.0,48,0.381
10462,462,11,15.226,138.0,42,2.981
10463,463,11,6.772,110.0,47,0.049
10464,464,11,6.289,137.0,50,1.715
10465,465,11,19.477,96.0,51,1.188
10466,466,11,18.749,123.0,39,0.013
10467,467,11,18.578,148.0,57,0.344
10468,468,11,12.193,94.0,53,0.107
10469,469,11,17.46835977908302,122.0,55,0.657
10470,470,11,16.338,157.0,56,0.47
10471,471,11,8.683,143.0,43,0.583
10472,472,11,14.884,122.0,48,0.283
10473,473,11,14.414,117.0,64,0.024
10474,474,11,16.08,165.0,50,0.639
10475,475,11,17.668,149.0,46,0.113
10476,476,11,6.812,152.0,41,1.569
10477,477,11,15.636,138.0,50,0.307
10478,478,11,23.156,151.0,57,0.448
10479,479,11,17.46835977908302,120.0,40,0.517
10480,480,11,7.632,137.0,56,0.104
10481,481,11,11.766,120.0,45,0.624
10482,482,11,16.295,134.0,53,0.325
10483,483,11,29.136,97.0,58,0.006
10484,484,11,30.91,126.0,54,1.016
10485,485,11,17.46835977908302,162.0,63,0.469
10486,486,11,31.913,124.0,46,0.061
10487,487,11,12.455,133.0,54,1.506
10488,488,11,20.725,121.0,38,0.596
10489,489,11,17.948,124.0,37,0.012
10490,490,11,1.565,164.0,42,2.803
10491,491,11,21.754,135.0,59,0.037
10492,492,11,18.362,132.0,72,0.337
10493,493,11,9.921,124.0,43,0.133
10494,494,11,32.5710026,100.0,58,0.075
10495,495,11,10.234,130.0,52,0.299
10496,496,11,10.016,129.0,51,0.401
10497,497,11,21.202,135.0,46,0.665
10498,498,11,17.46835977908302,140.0,46,0.345
10499,499,11,4.308,134.0,43,0.325
10500,500,11,9.883,134.0,60,0.709
10501,501,11,13.913,111.0,64,0.262
10502,502,11,14.593,129.0,48,0.531
10503,503,11,6.435,115.0,56,0.992
10504,504,11,14.198,124.0,50,0.132
10505,505,11,7.378,125.0,53,0.643
10506,506,11,17.46835977908302,121.0,43,0.278
10507,507,11,26.986,144.0,41,0.036
10508,508,11,3.603,118.0,48,1.061
10509,509,11,26.837,93.0,34,0.139
10510,510,11,32.5710026,103.0,41,0.038
10511,511,11,29.633,110.0,50,0.021
10512,512,11,14.293,135.0,42,0.022
10513,513,11,11.857,142.0,45,0.359
10514,514,11,14.062,142.0,39,0.323
10515,515,11,32.5710026,118.0,54,0.45
10516,516,11,17.342,117.0,42,0.296
10517,517,11,31.058,119.0,46,0.724
10518,518,11,17.642,102.0,59,1.166
10519,519,11,8.336,145.0,47,0.294
10520,520,11,12.061,141.0,52,0.146
10521,521,11,24.554,147.0,55,0.665
10522,522,11,14.549,130.0,56,0.054
10523,523,11,17.46835977908302,117.0,47,0.926
10524,524,11,25.304,96.0,45,0.025
10525,525,11,7.079,134.0,47,0.048
10526,526,11,13.62,144.0,53,0.429
10527,527,11,18.128,117.0,53,0.163
10528,528,11,24.488,157.0,50,0.387
10529,529,11,19.329,126.0,55,1.116
10530,530,11,18.501,130.0,42,0.109
10531,531,11,15.932,142.0,48,0.389
10532,532,11,14.459,143.0,54,0.012
10533,533,11,10.538,135.0,68,0.07
10534,534,11,9.561,103.0,61,1.153
10535,535,11,23.023,114.0,42,1.833
10536,536,11,12.561,117.0,46,0.005
10537,537,11,21.774,142.0,46,0.007
10538,538,11,28.773,124.0,52,0.155
10539,539,11,15.776,145.0,44,0.958
10540,540,11,11.765,139.0,53,1.676
10541,541,11,19.161,135.0,47,0.257
10542,542,11,20.4,126.0,48,1.716
10543,543,11,11.729,130.0,54,0.339
10544,544,11,16.127,134.0,49,0.752
10545,545,11,16.637,108.0,49,0.384
10546,546,11,8.031,159.0,57,0.307
10547,547,11,9.48,140.0,51,0.428
10548,548,11,19.248,124.0,57,0.197
10549,549,11,12.731,152.0,55,0.71
10550,550,11,25.757,103.0,52,0.128
10551,551,11,9.576,121.0,51,0.247
10552,552,11,12.979,145.0,50,0.184
10553,553,11,16.994,140.0,49,0.045
10554,554,11,18.937,132.0,47,0.469
10555,555,11,17.273,102.0,59,0.596
10556,556,11,16.143,166.0,41,0.548
10557,557,11,26.039,132.0,41,0.028
10558,558,11,16.985,118.0,58,0.099
10559,559,11,23.185,128.0,39,0.641
10560,560,11,13.507,148.0,41,0.124
10561,561,11,12.197,133.0,61,0.064
10562,562,11,24.165,102.0,44,0.209
10563,563,11,20.141,148.0,39,0.132
10564,564,11,8.892,117.0,56,0.072
10565,565,11,15.803,118.0,55,0.009
10566,566,11,14.983,122.0,51,1.482
10567,567,11,13.083,129.0,39,1.254
10568,568,11,31.451,103.0,51,0.277
10569,569,11,9.24,150.0,49,0.068
10570,570,11,24.648,89.0,55,0.5
10571,571,11,17.866,116.0,54,0.502
10572,572,11,11.549,149.0,62,1.945
10573,573,11,13.707,117.0,49,0.239
10574,574,11,16.641,129.0,54,0.037
10575,575,11,9.008,135.0,44,0.529
10576,576,11,7.608,152.0,48,0.936
10577,577,11,20.371,123.0,45,1.05
10578,578,11,28.0,89.0,47,0.387
10579,579,11,21.142,98.0,48,1.099
10580,580,11,20.402,146.0,47,0.276
10581,581,11,13.061,138.0,50,0.469
10582,582,11,31.779,107.0,45,0.106
10583,583,11,6.854,125.0,50,0.716
10584,584,11,32.5710026,145.0,53,0.908
10585,585,11,24.83,159.0,40,0.028
10586,586,11,10.993,108.0,56,0.25
10587,587,11,11.051,152.0,49,0.572
10588,588,11,22.367,137.0,78,0.288
10589,589,11,15.086,127.0,49,0.055
10590,590,11,16.733,137.0,65,0.331
10591,591,11,19.027,136.0,53,0.844
10592,592,11,16.865,134.0,53,0.246
10593,593,11,18.486,112.0,45,1.115
10594,594,11,21.014,97.0,36,0.074
10595,595,11,10.826,123.0,50,0.772
10596,596,11,14.099,143.0,57,0.031
10597,597,11,27.54,114.0,39,0.137
10598,598,11,13.498,132.0,49,0.012
10599,599,11,31.456,94.0,60,0.632
10600,600,11,21.654,113.0,41,1.358
10601,601,11,9.225,165.0,41,0.417
10602,602,11,17.46835977908302,124.0,65,0.006
10603,603,11,18.669,129.0,60,0.675
10604,604,11,14.488,108.0,39,0.219
10605,605,11,13.663,138.0,53,0.425
10606,606,11,4.929,120.0,52,1.568
10607,607,11,21.529,105.0,45,1.352
10608,608,11,24.407,107.0,50,0.064
10609,609,11,14.777,112.0,50,0.306
10610,610,11,25.267,149.0,46,0.477
10611,611,11,16.301,104.0,61,0.213
10612,612,11,15.429,98.0,39,1.0
10613,613,11,22.9,141.0,52,0.554
10614,614,11,13.889,147.0,52,0.338
10615,615,11,13.724,133.0,57,0.258
10616,616,11,12.725,166.0,50,0.387
10617,617,11,11.821,101.0,45,0.239
10618,618,11,9.869,134.0,49,0.808
10619,619,11,19.082,142.0,58,0.321
10620,620,11,14.017,89.0,45,0.141
10621,621,11,17.46835977908302,133.0,67,0.355
10622,622,11,14.509,102.0,41,0.445
10623,623,11,21.608,147.0,49,1.835
10624,624,11,11.719,153.0,45,0.392
10625,625,11,8.719,159.0,52,1.147
10626,626,11,21.38,100.0,43,1.09
10627,627,11,23.476,138.0,52,0.335
10628,628,11,17.46835977908302,107.0,54,0.587
10629,629,11,17.262,105.0,61,0.287
10630,630,11,12.796,134.0,32,0.136
10631,631,11,11.636,129.0,56,1.267
10632,632,11,3.431,152.0,44,0.647
10633,633,11,7.604,85.0,53,0.113
10634,634,11,15.181,94.0,47,0.115
10635,635,11,17.46835977908302,117.0,48,0.017
10636,636,11,11.542,119.0,56,0.337
10637,637,11,24.303,118.0,48,0.575
10638,638,11,14.545,135.0,61,0.235
10639,639,11,15.178,109.0,44,0.813
10640,640,11,18.986,105.0,39,0.041
10641,641,11,32.5710026,152.0,47,0.438
10642,642,11,8.804,131.0,59,0.716
10643,643,11,9.072,104.0,75,0.314
10644,644,11,21.468,137.0,54,0.071
10645,645,11,17.405,133.0,54,1.149
10646,646,11,29.493,137.0,50,0.159
10647,647,11,9.099,117.0,52,0.882
10648,648,11,7.605,133.0,50,0.463
10649,649,11,14.948,137.0,53,0.158
10650,650,11,10.908,142.0,54,0.315
10651,651,11,18.534,120.0,50,1.326
10652,652,11,17.974,107.0,45,0.675
10653,653,11,11.735,109.0,47,1.593
10654,654,11,31.032,119.0,50,1.31
10655,655,11,13.467,130.0,52,0.422
10656,656,11,13.144,105.0,53,0.198
10657,657,11,27.006,106.0,44,0.003
10658,658,11,9.798,106.0,40,0.089
10659,659,11,11.61,121.0,60,0.086
10660,660,11,18.721,148.0,46,0.42
10661,661,11,14.811,109.0,59,0.539
10662,662,11,31.95,121.0,44,0.096
10663,663,11,13.477,131.0,53,0.536
10664,664,11,22.811,97.0,45,2.147
10665,665,11,9.172,107.0,52,0.057
10666,666,11,16.379,108.0,39,0.342
10667,667,11,15.041,116.0,40,0.436
10668,668,11,12.897,127.0,44,0.124
10669,669,11,19.445,98.0,46,0.044
10670,670,11,22.312,103.0,47,1.274
10671,671,11,19.855,117.0,54,1.091
10672,672,11,28.716,104.0,56,3.169
10673,673,11,10.635,127.0,51,0.499
10674,674,11,10.507,126.0,45,0.102
10675,675,11,19.442,140.0,42,0.253
10676,676,11,14.314,91.0,59,0.164
10677,677,11,19.989,133.0,52,0.017
10678,678,11,16.368,116.0,51,0.058
10679,679,11,26.15,105.0,54,0.317
10680,680,11,26.405,109.0,36,0.269
10681,681,11,16.25,105.0,49,0.108
10682,682,11,14.092,106.0,49,0.049
10683,683,11,6.18,154.0,51,0.151
10684,684,11,11.657,90.0,45,0.422
10685,685,11,12.597,131.0,53,0.616
10686,686,11,21.523,139.0,49,0.237
10687,687,11,13.726,104.0,60,0.262
10688,688,11,17.46835977908302,127.0,44,0.079
10689,689,11,13.295,125.0,45,0.363
10690,690,11,9.539,166.0,42,0.045
10691,691,11,21.538,118.0,65,0.73
10692,692,11,15.47,100.0,44,0.017
10693,693,11,17.387,111.0,50,0.464
10694,694,11,15.324,144.0,33,1.113
10695,695,11,16.871,126.0,61,0.812
10696,696,11,18.118,97.0,61,0.656
10697,697,11,20.398,99.0,50,0.508
10698,698,11,26.433,125.0,40,0.545
10699,699,11,14.299,119.0,59,0.884
10700,700,11,10.544,145.0,46,0.942
10701,701,11,12.079,135.0,46,1.117
10702,702,11,14.037,131.0,64,2.312
10703,703,11,26.332,122.0,46,0.405
10704,704,11,12.004,104.0,57,0.607
10705,705,11,13.631,130.0,45,0.876
10706,706,11,13.271,141.0,54,0.085
10707,707,11,14.342,166.0,47,0.197
10708,708,11,12.813,148.0,47,0.08
10709,709,11,9.443,122.0,50,0.127
10710,710,11,20.21,123.0,47,1.064
10711,711,11,4.647,154.0,38,0.567
10712,712,11,29.915,107.0,38,0.061
10713,713,11,11.384,145.0,59,0.15
10714,714,11,17.46835977908302,106.0,48,0.565
10715,715,11,10.178,125.0,43,0.196
10716,716,11,18.648,113.0,62,0.526
10717,717,11,10.655,152.0,52,0.327
10718,718,11,17.46835977908302,149.0,40,0.253
10719,719,11,17.46835977908302,102.0,32,0.238
10720,720,11,13.523,95.0,45,1.309
10721,721,11,24.778,139.0,49,0.039
10722,722,11,17.46835977908302,107.0,34,0.056
10723,723,11,16.694,129.0,31,0.118
10724,724,11,24.431,106.0,35,0.005
10725,725,11,14.888,94.0,42,2.072
10726,726,11,28.914,144.0,44,0.303
10727,727,11,12.221,109.0,53,0.857
10728,728,11,17.46835977908302,104.0,57,0.197
10729,729,11,25.193,112.0,55,1.24
10730,730,11,8.671,127.0,50,0.218
10731,731,11,19.631,116.0,41,0.165
10732,732,11,16.786,145.0,62,1.145
10733,733,11,12.871,135.0,49,0.355
10734,734,11,7.161,113.0,50,0.527
10735,735,11,12.861,127.0,51,0.429
10736,736,11,10.16,91.0,48,0.686
10737,737,11,26.249,122.0,39,0.687
10738,738,11,23.403,152.0,42,1.17
10739,739,11,2.878,105.0,40,0.736
10740,740,11,17.46835977908302,120.0,37,0.505
10741,741,11,14.456,121.0,45,0.419
10742,742,11,30.026,140.0,39,0.686
10743,743,11,17.46835977908302,140.0,38,1.411
10744,744,11,18.796,126.0,57,0.061
10745,745,11,19.351,115.0,59,0.334
10746,746,11,15.042,118.0,62,0.469
10747,747,11,10.642,105.0,43,0.427
10748,748,11,17.076,118.0,54,0.452
10749,749,11,16.662,148.0,39,0.74
10750,750,11,21.284,112.0,41,1.172
10751,751,11,8.702,140.0,59,0.949
10752,752,11,17.672,134.0,52,0.476
10753,753,11,7.285,134.0,34,0.995
10754,754,11,17.46835977908302,102.0,56,0.157
10755,755,11,21.765,136.0,57,0.502
10756,756,11,4.099,123.0,61,0.154
10757,757,11,21.23,99.0,42,0.113
10758,758,11,18.706,141.0,46,0.182
10759,759,11,29.644,112.0,41,0.117
10760,760,11,10.738,103.0,46,0.779
10761,761,11,19.431,135.0,65,1.789
10762,762,11,17.46835977908302,123.0,52,0.23
10763,763,11,27.393,112.0,60,0.275
10764,764,11,26.489,110.0,63,0.277
10765,765,11,18.759,94.0,50,0.088
10766,766,11,18.075,113.0,44,0.002
10767,767,11,6.862,119.0,54,0.921
10768,768,11,13.904,141.0,57,0.221
10769,769,11,11.802,139.0,46,0.139
10770,770,11,7.827,102.0,45,0.08
10771,771,11,22.15,122.0,45,2.128
10772,772,11,9.755,148.0,47,0.037
10773,773,11,11.636,135.0,53,0.02
10774,774,11,17.46835977908302,125.0,46,0.088
10775,775,11,15.392,148.0,60,0.105
10776,776,11,16.694,127.0,56,0.132
10777,777,11,21.715,93.0,46,0.202
10778,778,11,23.992,135.0,56,0.329
10779,779,11,15.678,129.0,46,1.46
10780,780,11,23.284,124.0,53,1.601
10781,781,11,8.737,116.0,55,3.125
10782,782,11,9.041,123.0,37,0.136
10783,783,11,30.182,98.0,53,0.167
10784,784,11,17.106,138.0,42,0.109
10785,785,11,16.462,131.0,47,0.11
10786,786,11,9.291,114.0,41,0.108
10787,787,11,22.985,129.0,48,0.202
10788,788,11,21.136,119.0,53,0.604
10789,789,11,16.986,123.0,55,0.611
10790,790,11,18.421,121.0,40,0.404
10791,791,11,10.485,108.0,57,0.026
10792,792,11,15.408,135.0,62,0.177
10793,793,11,8.313,111.0,38,0.551
10794,794,11,10.334,144.0,42,1.329
10795,795,11,22.087,114.0,52,0.032
10796,796,11,21.107,135.0,49,0.019
10797,797,11,14.732,97.0,40,0.732
10798,798,11,12.875,118.0,62,1.444
10799,799,11,20.143,109.0,36,0.271
10800,800,11,17.46835977908302,133.0,54,1.925
10801,801,11,8.498,139.0,45,0.815
10802,802,11,14.036,133.0,53,0.243
10803,803,11,17.46835977908302,154.0,52,1.645
10804,804,11,12.377,110.0,47,0.064
10805,805,11,16.154,120.0,51,0.085
10806,806,11,15.434,106.0,43,0.185
10807,807,11,19.412,150.0,48,0.18
10808,808,11,24.431,120.0,53,1.154
10809,809,11,10.675,121.0,43,0.737
10810,810,11,28.025,137.0,56,1.065
10811,811,11,17.46835977908302,118.0,52,0.135
10812,812,11,15.625,107.0,48,0.065
10813,813,11,23.38,110.0,49,0.599
10814,814,11,14.843,101.0,54,0.091
10815,815,11,21.342,118.0,40,0.097
10816,816,11,11.187,122.0,51,0.07
10817,817,11,20.323,128.0,51,0.474
10818,818,11,25.763,135.0,48,0.603
10819,819,11,4.582,161.0,52,0.372
10820,820,11,26.209,109.0,48,0.017
10821,821,11,4.182,153.0,50,0.317
10822,822,11,15.891,119.0,55,0.319
10823,823,11,11.676,149.0,47,0.331
10824,824,11,28.975,132.0,47,0.023
10825,825,11,14.744,89.0,52,0.254
10826,826,11,23.867,153.0,47,0.481
10827,827,11,18.867,117.0,47,0.127
10828,828,11,21.11,122.0,43,1.577
10829,829,11,26.562,103.0,45,0.697
10830,830,11,21.66,135.0,51,0.94
10831,831,11,19.127,91.0,51,1.375
10832,832,11,23.857,117.0,55,0.124
10833,833,11,28.575,127.0,37,0.2
10834,834,11,14.42,136.0,57,0.012
10835,835,11,23.995,133.0,41,0.699
10836,836,11,24.719,135.0,49,1.079
10837,837,11,21.501,133.0,50,0.218
10838,838,11,10.449,104.0,53,0.33
10839,839,11,11.269,112.0,40,0.098
10840,840,11,18.775,120.0,52,0.167
10841,841,11,17.6,146.0,56,0.053
10842,842,11,21.364,152.0,40,0.223
10843,843,11,17.111,113.0,64,0.042
10844,844,11,24.786,136.0,49,0.531
10845,845,11,26.481,102.0,45,0.396
10846,846,11,14.226,110.0,56,0.082
10847,847,11,17.63,102.0,55,0.186
10848,848,11,12.976,152.0,55,0.17
10849,849,11,17.46835977908302,111.0,59,0.325
10850,850,11,7.482,160.0,38,0.031
10851,851,11,14.208,121.0,55,0.094
10852,852,11,12.865,147.0,51,0.039
10853,853,11,17.09,128.0,42,0.046
10854,854,11,15.395,106.0,49,1.029
10855,855,11,30.112,125.0,65,0.495
10856,856,11,11.105,139.0,39,0.325
10857,857,11,22.341,130.0,51,0.397
10858,858,11,20.116,108.0,59,0.788
10859,859,11,16.318,101.0,48,0.312
10860,860,11,17.581,102.0,45,0.896
10861,861,11,12.288,106.0,64,1.302
10862,862,11,15.372,112.0,59,0.072
10863,863,11,6.585,121.0,53,1.083
10864,864,11,11.286,127.0,47,0.728
10865,865,11,16.915,139.0,52,0.64
10866,866,11,13.613,137.0,44,0.429
10867,867,11,13.09,104.0,43,0.398
10868,868,11,17.268,119.0,51,1.894
10869,869,11,3.916,138.0,45,0.05
10870,870,11,13.714,106.0,50,0.279
10871,871,11,11.789,126.0,37,0.366
10872,872,11,15.081,151.0,55,1.612
10873,873,11,7.429,129.0,59,0.333
10874,874,11,8.767,121.0,56,0.636
10875,875,11,8.679,141.0,54,0.131
10876,876,11,9.84,138.0,48,0.25
10877,877,11,12.605,139.0,43,1.108
10878,878,11,27.981,98.0,52,0.46
10879,879,11,10.926,133.0,51,0.744
10880,880,11,18.661,153.0,38,1.207
10881,881,11,14.192,99.0,51,0.544
10882,882,11,25.223,119.0,61,0.222
10883,883,11,11.827,145.0,53,0.185
10884,884,11,17.46835977908302,118.0,51,0.1
10885,885,11,17.691,118.0,44,0.096
10886,886,11,17.46835977908302,112.0,43,0.679
10887,887,11,11.06,128.0,59,0.45
10888,888,11,22.235,95.0,50,0.146
10889,889,11,16.518,114.0,43,0.002
10890,890,11,17.46835977908302,122.0,45,0.56
10891,891,11,6.275,151.0,52,0.047
10892,892,11,8.107,122.0,55,0.213
10893,893,11,18.941,103.0,50,0.264
10894,894,11,28.332,120.0,51,0.86
10895,895,11,22.672,148.0,51,0.045
10896,896,11,18.041,107.0,49,0.019
10897,897,11,17.46835977908302,116.0,62,1.589
10898,898,11,16.607,108.0,50,0.53
10899,899,11,14.476,104.0,47,0.107
10900,900,11,13.496,129.0,44,0.855
10901,901,11,17.46835977908302,140.0,48,1.004
10902,902,11,16.412,113.0,52,1.002
10903,903,11,27.563,122.0,54,0.573
10904,904,11,12.597,113.0,44,0.209
10905,905,11,11.202,129.0,57,0.325
10906,906,11,14.574,147.0,46,0.904
10907,907,11,17.46835977908302,123.0,52,0.892
10908,908,11,25.438,123.0,48,0.042
10909,909,11,7.146,123.0,49,0.41
10910,910,11,19.25,149.0,47,1.574
10911,911,11,13.405,95.0,47,0.043
10912,912,11,22.978,146.0,45,0.13
10913,913,11,9.597,134.0,52,0.021
10914,914,11,25.516,136.0,46,0.183
10915,915,11,20.112,128.0,68,0.279
10916,916,11,11.711,155.0,65,0.358
10917,917,11,16.216,125.0,42,0.036
10918,918,11,6.383,125.0,36,1.136
10919,919,11,20.498,116.0,54,0.697
10920,920,11,11.469,123.0,49,0.119
10921,921,11,9.097,142.0,48,0.421
10922,922,11,21.056,157.0,58,0.329
10923,923,11,11.204,118.0,52,0.288
10924,924,11,22.216,154.0,49,0.324
10925,925,11,16.617,113.0,52,0.126
10926,926,11,8.838,146.0,50,0.188
10927,927,11,13.828,110.0,53,0.157
10928,928,11,10.206,134.0,61,1.03
10929,929,11,27.623,166.0,54,0.432
10930,930,11,18.206,126.0,49,0.109
10931,931,11,10.074,136.0,49,0.665
10932,932,11,17.46835977908302,119.0,52,0.698
10933,933,11,12.327,128.0,56,0.311
10934,934,11,17.194,143.0,57,0.209
10935,935,11,13.837,125.0,45,0.662
10936,936,11,27.545,98.0,65,0.872
10937,937,11,18.954,132.0,45,0.439
10938,938,11,13.209,165.0,58,1.859
10939,939,11,19.743,142.0,57,0.156
10940,940,11,9.477,149.0,47,0.096
10941,941,11,15.834,98.0,57,0.008
10942,942,11,15.127,143.0,66,0.535
10943,943,11,22.952,127.0,53,0.19
10944,944,11,15.345,114.0,43,0.09
10945,945,11,21.942,137.0,56,0.473
10946,946,11,8.992,110.0,53,0.533
10947,947,11,17.642,143.0,56,0.107
10948,948,11,19.14,134.0,49,0.175
10949,949,11,9.894,166.0,33,0.353
10950,950,11,17.082,131.0,48,0.45
10951,951,11,17.742,142.0,30,0.363
10952,952,11,18.186,130.0,53,1.045
10953,953,11,14.89,100.0,58,0.324
10954,954,11,18.378,119.0,42,0.122
10955,955,11,0.481,132.0,53,0.592
10956,956,11,14.274,89.0,55,0.427
10957,957,11,22.331,144.0,45,0.199
10958,958,11,17.46835977908302,132.0,52,0.518
10959,959,11,30.151,124.0,48,0.861
10960,960,11,17.46835977908302,115.0,61,0.474
10961,961,11,9.899,139.0,48,0.764
10962,962,11,17.143,96.0,43,0.7
10963,963,11,11.964,127.0,45,0.056
10964,964,11,25.445,149.0,53,0.111
10965,965,11,11.343,117.0,59,0.442
10966,966,11,13.787,156.0,63,1.144
10967,967,11,11.601,135.0,52,0.663
10968,968,11,12.04,107.0,50,0.225
10969,969,11,10.651,115.0,37,1.527
10970,970,11,13.468,131.0,48,0.812
10971,971,11,18.227,134.0,50,0.362
10972,972,11,17.46835977908302,133.0,48,0.506
10973,973,11,7.871,142.0,69,0.049
10974,974,11,17.46835977908302,130.0,48,0.052
10975,975,11,13.912,144.0,44,0.888
10976,976,11,21.797,118.0,50,0.32
10977,977,11,8.696,153.0,50,0.445
10978,978,11,11.253,149.0,38,0.212
10979,979,11,7.959,127.0,50,1.617
10980,980,11,8.669,119.0,56,0.449
10981,981,11,8.377,129.0,57,0.044
10982,982,11,17.46835977908302,131.0,44,0.547
10983,983,11,27.944,108.0,47,0.061
10984,984,11,13.716,139.0,62,0.45
10985,985,11,28.95,132.0,47,1.258
10986,986,11,13.33,104.0,53,0.735
10987,987,11,10.658,117.0,51,0.309
10988,988,11,6.51,132.0,50,0.135
10989,989,11,13.108,161.0,42,0.332
10990,990,11,27.589,133.0,49,0.313
10991,991,11,17.818,116.0,61,1.294
10992,992,11,27.676,127.0,57,0.424
10993,993,11,8.381,148.0,44,0.014
10994,994,11,6.582,151.0,43,1.071
10995,995,11,6.234,147.0,52,0.151
10996,996,11,8.753,123.0,50,0.707
10997,997,11,23.904,96.0,40,0.147
10998,998,11,25.548,127.0,59,0.195
10999,999,11,19.657,153.0,51,0.697
11000,1000,11,11.283,145.0,53,0.734
11001,1,12,16.385,111.0,47,0.182
11002,2,12,10.869,115.0,49,1.202
11003,3,12,5.595,152.0,54,1.445
11004,4,12,8.802,87.0,44,0.574
11005,5,12,11.741,126.0,53,0.025
11006,6,12,10.736,109.0,60,0.698
11007,7,12,22.237,141.0,43,2.18
11008,8,12,17.46835977908302,93.0,51,1.805
11009,9,12,11.712,125.0,54,0.734
11010,10,12,11.877,137.0,41,0.193
11011,11,12,17.84,98.0,48,0.864
11012,12,12,30.698,112.0,55,0.232
11013,13,12,23.787,125.0,49,0.728
11014,14,12,28.781,132.0,48,0.05
11015,15,12,20.71,138.0,52,0.037
11016,16,12,25.565,104.0,42,0.117
11017,17,12,19.08,102.0,58,1.224
11018,18,12,23.378,147.0,61,0.399
11019,19,12,12.523,164.0,45,0.206
11020,20,12,17.175,108.0,55,0.166
11021,21,12,22.527,122.0,38,2.107
11022,22,12,6.434,124.0,42,0.229
11023,23,12,23.364,122.0,42,0.202
11024,24,12,28.379,114.0,61,0.508
11025,25,12,22.987,123.0,50,0.088
11026,26,12,14.385,124.0,46,0.397
11027,27,12,19.871,123.0,45,0.65
11028,28,12,19.331,116.0,52,0.068
11029,29,12,12.795,100.0,46,0.001
11030,30,12,19.97,138.0,58,0.453
11031,31,12,17.422,136.0,55,0.133
11032,32,12,3.809,141.0,72,0.034
11033,33,12,14.028,103.0,58,0.144
11034,34,12,10.165,137.0,43,0.313
11035,35,12,25.377,148.0,41,0.315
11036,36,12,27.748,119.0,40,0.085
11037,37,12,13.756,114.0,51,0.146
11038,38,12,20.152,98.0,55,0.242
11039,39,12,13.186,106.0,54,0.289
11040,40,12,15.692,115.0,44,0.299
11041,41,12,20.987,140.0,44,0.276
11042,42,12,12.83,118.0,56,0.05
11043,43,12,18.562,112.0,50,0.91
11044,44,12,12.623,139.0,62,0.078
11045,45,12,15.19,126.0,47,2.159
11046,46,12,21.721,117.0,39,0.579
11047,47,12,16.35,133.0,52,0.012
11048,48,12,12.423,117.0,49,0.739
11049,49,12,5.375,133.0,38,1.321
11050,50,12,6.03,134.0,53,0.517
11051,51,12,4.509,157.0,40,0.122
11052,52,12,9.426,144.0,57,0.561
11053,53,12,18.041,134.0,52,0.464
11054,54,12,12.117,98.0,33,0.668
11055,55,12,12.034,142.0,44,0.695
11056,56,12,24.179,95.0,51,0.358
11057,57,12,11.626,125.0,48,0.98
11058,58,12,10.14,152.0,47,0.15
11059,59,12,18.9,147.0,49,0.994
11060,60,12,8.647,112.0,38,0.214
11061,61,12,20.863,133.0,50,1.572
11062,62,12,27.733,98.0,60,0.494
11063,63,12,11.216,144.0,62,0.94
11064,64,12,21.712,128.0,58,0.298
11065,65,12,15.379,90.0,46,0.142
11066,66,12,27.401,93.0,51,0.123
11067,67,12,11.98,139.0,56,0.608
11068,68,12,17.372,108.0,44,0.262
11069,69,12,18.268,132.0,51,0.785
11070,70,12,17.459,104.0,40,0.321
11071,71,12,22.379,110.0,53,0.786
11072,72,12,32.5710026,122.0,51,0.244
11073,73,12,13.439,140.0,54,0.292
11074,74,12,9.138,74.0,49,2.02
11075,75,12,19.307,120.0,53,0.078
11076,76,12,18.284,144.0,52,0.013
11077,77,12,5.448,136.0,59,0.485
11078,78,12,13.089,118.0,38,0.308
11079,79,12,14.456,121.0,57,0.915
11080,80,12,11.444,118.0,53,1.776
11081,81,12,16.833,124.0,43,0.795
11082,82,12,19.677,113.0,42,0.316
11083,83,12,17.393,90.0,41,0.388
11084,84,12,19.479,124.0,47,1.245
11085,85,12,9.884,113.0,58,0.047
11086,86,12,16.895,125.0,59,0.358
11087,87,12,7.419,142.0,44,0.035
11088,88,12,17.261,134.0,57,0.655
11089,89,12,19.603,139.0,54,0.34
11090,90,12,11.325,137.0,44,0.609
11091,91,12,17.596,119.0,49,0.179
11092,92,12,8.347,124.0,50,0.479
11093,93,12,7.331,133.0,46,0.858
11094,94,12,21.283,85.0,58,0.873
11095,95,12,8.169,138.0,37,0.025
11096,96,12,14.158,134.0,50,0.474
11097,97,12,14.902,127.0,47,0.011
11098,98,12,16.434,125.0,53,0.302
11099,99,12,26.899,118.0,36,0.001
11100,100,12,25.521,123.0,41,0.812
11101,101,12,12.611,119.0,46,0.298
11102,102,12,13.295,126.0,63,1.144
11103,103,12,7.316,123.0,50,0.067
11104,104,12,14.135,135.0,46,0.005
11105,105,12,26.337,129.0,55,2.007
11106,106,12,15.511,133.0,44,0.922
11107,107,12,8.259,155.0,39,0.171
11108,108,12,13.074,96.0,53,0.716
11109,109,12,29.749,115.0,65,0.036
11110,110,12,4.872,151.0,42,0.118
11111,111,12,22.474,126.0,51,0.341
11112,112,12,9.41,123.0,44,0.426
11113,113,12,14.747,148.0,51,0.193
11114,114,12,15.799,141.0,43,1.097
11115,115,12,16.823,103.0,50,0.05
11116,116,12,23.482,109.0,63,0.616
11117,117,12,17.46835977908302,137.0,56,0.136
11118,118,12,9.767,142.0,60,0.134
11119,119,12,14.608,123.0,54,0.162
11120,120,12,15.536,129.0,49,0.19
11121,121,12,6.248,140.0,56,0.076
11122,122,12,4.857,125.0,45,0.345
11123,123,12,20.157,93.0,42,0.032
11124,124,12,32.5710026,133.0,49,0.127
11125,125,12,19.399,111.0,42,0.054
11126,126,12,20.797,142.0,46,0.002
11127,127,12,29.793,130.0,53,0.15
11128,128,12,29.365,104.0,55,0.719
11129,129,12,17.46835977908302,146.0,36,0.38
11130,130,12,8.277,126.0,45,0.893
11131,131,12,14.36,121.0,54,0.714
11132,132,12,21.631,116.0,57,0.235
11133,133,12,17.46835977908302,110.0,47,0.351
11134,134,12,9.649,148.0,39,1.371
11135,135,12,16.821,131.0,48,1.071
11136,136,12,14.259,148.0,50,0.523
11137,137,12,12.446,131.0,45,0.602
11138,138,12,15.329,129.0,62,0.436
11139,139,12,17.972,144.0,46,0.062
11140,140,12,23.181,110.0,52,0.259
11141,141,12,7.871,126.0,45,0.514
11142,142,12,19.865,133.0,67,1.623
11143,143,12,15.253,166.0,57,1.35
11144,144,12,7.079,121.0,46,0.668
11145,145,12,20.887,144.0,44,0.232
11146,146,12,14.55,107.0,45,0.928
11147,147,12,18.585,121.0,51,0.16
11148,148,12,22.547,135.0,48,0.753
11149,149,12,14.236,107.0,45,0.722
11150,150,12,12.712,136.0,44,0.428
11151,151,12,17.46835977908302,127.0,50,0.085
11152,152,12,24.566,117.0,50,1.05
11153,153,12,29.791,140.0,57,0.551
11154,154,12,24.083,114.0,50,0.173
11155,155,12,17.099,142.0,45,0.566
11156,156,12,23.592,139.0,49,0.151
11157,157,12,7.79,127.0,46,0.36
11158,158,12,11.257,111.0,56,0.298
11159,159,12,15.328,127.0,56,0.49
11160,160,12,17.293,115.0,52,0.569
11161,161,12,15.548,139.0,54,0.063
11162,162,12,27.992,109.0,41,0.057
11163,163,12,21.578,122.0,56,0.122
11164,164,12,12.998,135.0,51,0.521
11165,165,12,23.456,125.0,54,0.317
11166,166,12,23.104,138.0,57,0.254
11167,167,12,22.941,112.0,39,0.466
11168,168,12,6.065,130.0,46,0.348
11169,169,12,10.856,113.0,49,0.581
11170,170,12,13.27,152.0,44,0.067
11171,171,12,9.712,102.0,47,0.122
11172,172,12,12.07,119.0,59,0.156
11173,173,12,27.473,142.0,43,0.109
11174,174,12,25.608,129.0,41,0.148
11175,175,12,10.236,140.0,63,0.816
11176,176,12,30.302,97.0,44,0.536
11177,177,12,22.625,110.0,51,0.708
11178,178,12,7.222,145.0,47,0.563
11179,179,12,11.933,140.0,59,0.285
11180,180,12,32.5710026,123.0,40,0.18
11181,181,12,29.668,135.0,46,0.962
11182,182,12,22.715,110.0,55,0.493
11183,183,12,12.207,121.0,46,0.271
11184,184,12,17.46835977908302,111.0,55,0.298
11185,185,12,18.254,85.0,51,0.043
11186,186,12,21.966,122.0,50,2.719
11187,187,12,6.806,137.0,41,0.044
11188,188,12,12.463,138.0,65,1.521
11189,189,12,19.04,139.0,57,0.341
11190,190,12,21.922,104.0,38,0.089
11191,191,12,23.602,125.0,50,0.503
11192,192,12,11.786,147.0,55,0.12
11193,193,12,10.305,114.0,37,1.404
11194,194,12,12.481,132.0,51,0.337
11195,195,12,14.523,136.0,47,0.127
11196,196,12,17.76,115.0,40,0.555
11197,197,12,14.265,115.0,40,0.117
11198,198,12,17.46835977908302,110.0,49,0.949
11199,199,12,13.069,135.0,39,0.417
11200,200,12,17.46835977908302,134.0,45,0.03
11201,201,12,14.055,110.0,51,1.214
11202,202,12,17.46835977908302,126.0,51,0.188
11203,203,12,14.558,161.0,47,0.571
11204,204,12,13.241,110.0,47,0.02
11205,205,12,18.369,87.0,42,0.582
11206,206,12,10.341,153.0,44,0.241
11207,207,12,10.179,93.0,50,0.149
11208,208,12,12.52,141.0,44,0.095
11209,209,12,17.013,119.0,56,1.836
11210,210,12,21.374,118.0,53,0.501
11211,211,12,15.605,149.0,32,0.488
11212,212,12,6.76,140.0,60,0.115
11213,213,12,14.018,90.0,56,0.218
11214,214,12,30.277,111.0,43,0.324
11215,215,12,9.194,126.0,50,0.087
11216,216,12,32.5710026,113.0,41,0.291
11217,217,12,19.364,95.0,42,0.135
11218,218,12,18.863,122.0,44,0.121
11219,219,12,17.46835977908302,94.0,35,0.864
11220,220,12,14.039,98.0,46,0.142
11221,221,12,14.407,133.0,44,0.027
11222,222,12,24.569,120.0,53,0.472
11223,223,12,14.785,107.0,44,0.365
11224,224,12,16.427,103.0,48,0.082
11225,225,12,19.508,131.0,44,0.113
11226,226,12,10.974,161.0,53,0.174
11227,227,12,12.867,137.0,64,0.027
11228,228,12,32.216,121.0,51,0.042
11229,229,12,16.169,97.0,58,0.544
11230,230,12,19.339,121.0,56,0.836
11231,231,12,22.729,135.0,61,0.036
11232,232,12,18.742,164.0,51,0.46
11233,233,12,10.436,137.0,46,0.606
11234,234,12,19.324,103.0,49,0.365
11235,235,12,19.989,116.0,59,0.679
11236,236,12,14.025,108.0,50,0.454
11237,237,12,17.362,131.0,53,0.408
11238,238,12,25.821,127.0,66,0.406
11239,239,12,13.198,97.0,48,0.057
11240,240,12,14.41,122.0,58,0.999
11241,241,12,4.957,122.0,52,0.376
11242,242,12,15.623,113.0,47,0.277
11243,243,12,13.896,128.0,63,0.076
11244,244,12,19.362,126.0,61,0.099
11245,245,12,7.203,100.0,54,0.989
11246,246,12,16.622,119.0,46,0.915
11247,247,12,24.702,154.0,52,0.376
11248,248,12,11.85,116.0,41,1.066
11249,249,12,24.633,100.0,44,0.369
11250,250,12,16.559,142.0,40,1.073
11251,251,12,9.543,85.0,42,0.681
11252,252,12,18.662,126.0,53,0.21
11253,253,12,8.036,147.0,68,1.543
11254,254,12,20.611,129.0,50,0.567
11255,255,12,11.168,104.0,50,0.607
11256,256,12,10.35,139.0,43,0.473
11257,257,12,10.509,137.0,45,0.772
11258,258,12,26.331,116.0,45,0.241
11259,259,12,24.384,143.0,53,0.102
11260,260,12,11.907,125.0,54,0.384
11261,261,12,13.212,121.0,47,1.772
11262,262,12,24.085,111.0,53,0.267
11263,263,12,13.529,110.0,46,0.473
11264,264,12,23.073,79.0,38,0.614
11265,265,12,21.124,114.0,63,0.644
11266,266,12,25.305,124.0,54,0.632
11267,267,12,17.46835977908302,158.0,54,0.286
11268,268,12,14.637,120.0,41,0.021
11269,269,12,18.009,144.0,43,0.275
11270,270,12,13.821,107.0,47,0.107
11271,271,12,13.655,120.0,51,0.123
11272,272,12,22.112,136.0,46,0.663
11273,273,12,22.275,135.0,51,0.246
11274,274,12,21.641,121.0,50,0.97
11275,275,12,21.561,112.0,54,0.597
11276,276,12,19.469,135.0,52,1.126
11277,277,12,16.116,106.0,48,0.757
11278,278,12,5.08,156.0,49,0.358
11279,279,12,30.194,104.0,53,0.266
11280,280,12,26.955,117.0,56,0.226
11281,281,12,8.657,126.0,46,0.221
11282,282,12,17.22,154.0,50,0.626
11283,283,12,9.552,108.0,53,0.726
11284,284,12,15.272,120.0,54,1.082
11285,285,12,21.377,130.0,46,0.15
11286,286,12,29.215,148.0,44,0.012
11287,287,12,10.555,121.0,45,1.536
11288,288,12,6.22,131.0,47,0.383
11289,289,12,9.386,97.0,49,0.747
11290,290,12,18.498,119.0,55,0.381
11291,291,12,17.46835977908302,143.0,56,0.355
11292,292,12,17.675,130.0,52,0.498
11293,293,12,24.495,153.0,46,1.734
11294,294,12,22.128,83.0,44,0.997
11295,295,12,9.068,133.0,27,0.435
11296,296,12,24.916,126.0,54,0.715
11297,297,12,17.0,130.0,49,1.765
11298,298,12,8.766,146.0,46,0.11
11299,299,12,17.099,107.0,59,0.434
11300,300,12,27.988,124.0,45,0.539
11301,301,12,20.083,132.0,48,0.077
11302,302,12,10.312,146.0,47,0.74
11303,303,12,15.807,153.0,47,0.005
11304,304,12,18.248,130.0,49,0.441
11305,305,12,18.612,119.0,44,0.064
11306,306,12,11.757,142.0,54,0.029
11307,307,12,13.545,110.0,48,0.086
11308,308,12,18.484,132.0,51,0.345
11309,309,12,8.802,134.0,56,1.898
11310,310,12,14.413,142.0,52,0.489
11311,311,12,19.611,141.0,54,0.108
11312,312,12,18.886,115.0,44,2.494
11313,313,12,20.214,153.0,50,0.597
11314,314,12,15.542,137.0,47,0.315
11315,315,12,10.435,133.0,46,0.173
11316,316,12,17.46835977908302,109.0,47,0.546
11317,317,12,17.547,131.0,48,0.398
11318,318,12,17.535,118.0,55,0.015
11319,319,12,12.065,104.0,45,1.274
11320,320,12,32.5710026,121.0,56,0.207
11321,321,12,14.307,156.0,50,0.333
11322,322,12,11.539,154.0,45,0.317
11323,323,12,12.62,147.0,50,0.445
11324,324,12,26.577,95.0,51,0.338
11325,325,12,32.5710026,127.0,56,0.288
11326,326,12,13.797,98.0,57,0.261
11327,327,12,27.016,107.0,35,0.065
11328,328,12,11.555,86.0,53,1.332
11329,329,12,24.597,116.0,58,1.346
11330,330,12,13.266,144.0,47,0.472
11331,331,12,9.369,126.0,44,2.287
11332,332,12,31.424,92.0,57,0.081
11333,333,12,17.408,97.0,43,0.049
11334,334,12,24.07,100.0,45,0.532
11335,335,12,8.911,146.0,40,1.072
11336,336,12,6.269,156.0,46,0.892
11337,337,12,31.978,101.0,44,0.774
11338,338,12,13.517,146.0,53,0.525
11339,339,12,8.044,130.0,45,0.365
11340,340,12,22.761,143.0,53,0.291
11341,341,12,12.769,134.0,44,1.25
11342,342,12,17.743,119.0,47,0.238
11343,343,12,17.605,110.0,56,0.24
11344,344,12,11.062,105.0,52,0.188
11345,345,12,9.12,134.0,55,1.126
11346,346,12,18.948,133.0,41,1.521
11347,347,12,29.165,108.0,56,0.015
11348,348,12,22.771,142.0,43,0.057
11349,349,12,7.111,125.0,46,0.076
11350,350,12,20.558,119.0,57,0.017
11351,351,12,17.111,147.0,63,0.457
11352,352,12,22.099,147.0,44,1.437
11353,353,12,13.993,117.0,50,0.862
11354,354,12,15.034,119.0,49,0.68
11355,355,12,9.564,154.0,48,0.72
11356,356,12,24.407,151.0,60,0.778
11357,357,12,22.899,90.0,45,0.011
11358,358,12,11.324,118.0,54,0.181
11359,359,12,27.695,103.0,55,1.352
11360,360,12,29.452,162.0,47,0.609
11361,361,12,18.31,111.0,52,0.394
11362,362,12,15.336,115.0,43,0.124
11363,363,12,21.987,128.0,45,0.388
11364,364,12,6.992,136.0,44,0.294
11365,365,12,8.06,120.0,56,0.05
11366,366,12,11.648,109.0,59,1.878
11367,367,12,20.77,108.0,53,0.132
11368,368,12,9.643,102.0,45,0.458
11369,369,12,6.223,127.0,38,1.006
11370,370,12,16.99,139.0,42,2.302
11371,371,12,7.99,114.0,43,0.231
11372,372,12,17.46835977908302,101.0,39,0.913
11373,373,12,18.196,118.0,53,0.224
11374,374,12,11.283,134.0,44,0.118
11375,375,12,10.307,117.0,54,1.742
11376,376,12,15.271,138.0,46,0.03
11377,377,12,8.184,90.0,57,0.012
11378,378,12,20.12,140.0,62,0.755
11379,379,12,17.46835977908302,134.0,50,0.078
11380,380,12,23.764,153.0,57,0.623
11381,381,12,14.779,111.0,61,0.508
11382,382,12,23.788,100.0,41,0.27
11383,383,12,13.319,113.0,64,0.358
11384,384,12,23.392,104.0,53,0.397
11385,385,12,12.831,146.0,50,0.168
11386,386,12,22.882,134.0,45,0.204
11387,387,12,23.902,113.0,39,0.04
11388,388,12,17.46835977908302,122.0,52,0.213
11389,389,12,24.923,154.0,57,0.017
11390,390,12,14.565,127.0,59,0.873
11391,391,12,14.753,144.0,58,0.775
11392,392,12,14.505,145.0,62,0.066
11393,393,12,16.491,132.0,54,0.748
11394,394,12,10.989,160.0,57,1.404
11395,395,12,5.27,135.0,53,0.599
11396,396,12,11.417,104.0,53,0.248
11397,397,12,28.406,130.0,49,0.281
11398,398,12,26.596,111.0,59,0.338
11399,399,12,14.992,97.0,48,0.799
11400,400,12,12.352,124.0,57,0.037
11401,401,12,23.187,134.0,48,0.965
11402,402,12,17.056,108.0,56,1.231
11403,403,12,16.684,145.0,50,0.366
11404,404,12,13.965,124.0,38,0.353
11405,405,12,5.818,107.0,53,0.046
11406,406,12,15.336,115.0,44,0.925
11407,407,12,27.039,108.0,50,0.504
11408,408,12,32.5710026,86.0,49,0.008
11409,409,12,15.428,113.0,42,0.214
11410,410,12,31.995,123.0,44,0.237
11411,411,12,22.007,106.0,51,0.318
11412,412,12,16.979,104.0,53,0.395
11413,413,12,27.466,128.0,57,0.218
11414,414,12,26.453,105.0,44,0.33
11415,415,12,29.688,112.0,48,0.273
11416,416,12,17.031,107.0,44,0.439
11417,417,12,16.77,134.0,57,0.116
11418,418,12,12.074,127.0,51,0.701
11419,419,12,28.869,106.0,42,0.258
11420,420,12,19.008,146.0,49,0.54
11421,421,12,17.317,129.0,36,0.559
11422,422,12,18.029,129.0,51,0.459
11423,423,12,15.324,102.0,49,1.131
11424,424,12,7.988,128.0,42,0.092
11425,425,12,14.413,111.0,52,0.749
11426,426,12,19.558,126.0,49,0.685
11427,427,12,12.394,137.0,54,0.97
11428,428,12,14.193,131.0,49,0.438
11429,429,12,13.271,137.0,48,0.205
11430,430,12,29.457,113.0,45,0.001
11431,431,12,24.012,91.0,49,0.068
11432,432,12,13.109,138.0,55,0.294
11433,433,12,26.595,115.0,49,0.15
11434,434,12,26.307,131.0,53,0.083
11435,435,12,20.429,106.0,46,0.043
11436,436,12,19.307,142.0,41,0.181
11437,437,12,5.878,131.0,51,1.724
11438,438,12,14.007,135.0,45,0.097
11439,439,12,12.983,128.0,50,1.249
11440,440,12,9.301,143.0,51,0.112
11441,441,12,17.433,128.0,57,0.438
11442,442,12,9.864,112.0,44,1.259
11443,443,12,8.702,127.0,49,0.684
11444,444,12,7.489,140.0,49,0.166
11445,445,12,16.938,142.0,49,0.94
11446,446,12,17.46835977908302,152.0,43,0.249
11447,447,12,10.263,127.0,45,0.37
11448,448,12,2.492,145.0,56,0.084
11449,449,12,12.086,105.0,47,0.036
11450,450,12,21.538,100.0,49,0.586
11451,451,12,26.982,129.0,52,1.324
11452,452,12,9.711,114.0,61,0.17
11453,453,12,23.576,106.0,62,0.059
11454,454,12,19.141,118.0,49,1.351
11455,455,12,10.646,118.0,47,1.409
11456,456,12,15.627,130.0,54,0.407
11457,457,12,12.896,116.0,52,0.332
11458,458,12,13.348,108.0,48,0.162
11459,459,12,19.625,152.0,58,0.185
11460,460,12,13.199,122.0,51,0.022
11461,461,12,15.39,128.0,48,0.299
11462,462,12,20.051,140.0,59,0.45
11463,463,12,16.736,102.0,52,1.143
11464,464,12,13.539,127.0,39,0.062
11465,465,12,30.673,98.0,47,0.114
11466,466,12,15.954,109.0,45,1.035
11467,467,12,20.199,140.0,52,0.903
11468,468,12,18.762,103.0,49,0.845
11469,469,12,8.049,79.0,51,0.28
11470,470,12,19.775,140.0,40,0.231
11471,471,12,13.641,128.0,56,0.317
11472,472,12,14.496,98.0,40,1.219
11473,473,12,17.097,129.0,44,0.012
11474,474,12,11.367,140.0,56,0.99
11475,475,12,7.805,129.0,47,0.508
11476,476,12,14.497,143.0,64,0.351
11477,477,12,12.126,107.0,46,0.001
11478,478,12,22.0,155.0,43,0.768
11479,479,12,18.166,114.0,52,0.051
11480,480,12,7.657,119.0,55,0.006
11481,481,12,16.187,110.0,47,0.609
11482,482,12,9.521,150.0,47,0.264
11483,483,12,18.608,96.0,63,0.231
11484,484,12,24.577,110.0,53,0.434
11485,485,12,8.255,155.0,52,0.366
11486,486,12,21.265,118.0,57,0.053
11487,487,12,11.157,161.0,54,0.5
11488,488,12,19.416,88.0,57,0.416
11489,489,12,16.45,109.0,48,0.992
11490,490,12,9.857,154.0,44,0.262
11491,491,12,18.958,121.0,42,0.414
11492,492,12,11.622,121.0,49,0.368
11493,493,12,18.862,116.0,42,0.117
11494,494,12,24.433,96.0,44,0.17
11495,495,12,8.726,132.0,53,0.068
11496,496,12,7.753,133.0,45,0.216
11497,497,12,20.356,127.0,45,0.457
11498,498,12,17.012,116.0,46,0.43
11499,499,12,7.392,159.0,60,0.337
11500,500,12,13.76,127.0,41,0.924
11501,501,12,16.07,93.0,45,0.089
11502,502,12,17.46835977908302,127.0,44,1.415
11503,503,12,18.23,112.0,63,0.031
11504,504,12,17.827,127.0,47,0.073
11505,505,12,3.53,127.0,53,0.055
11506,506,12,23.523,116.0,57,0.051
11507,507,12,17.46835977908302,146.0,46,0.126
11508,508,12,11.438,151.0,42,0.058
11509,509,12,17.46835977908302,102.0,73,0.538
11510,510,12,31.446,85.0,41,0.104
11511,511,12,32.536,109.0,51,1.639
11512,512,12,11.887,142.0,52,0.44
11513,513,12,10.226,151.0,52,0.164
11514,514,12,10.871,140.0,49,0.068
11515,515,12,21.827,102.0,38,0.001
11516,516,12,18.233,115.0,51,0.757
11517,517,12,26.5,120.0,51,0.277
11518,518,12,19.036,91.0,62,0.272
11519,519,12,18.894,149.0,47,0.418
11520,520,12,15.948,109.0,51,0.142
11521,521,12,25.302,148.0,43,0.573
11522,522,12,11.658,159.0,56,0.222
11523,523,12,17.46835977908302,118.0,47,0.392
11524,524,12,26.399,114.0,55,0.937
11525,525,12,4.204,166.0,52,0.567
11526,526,12,6.259,134.0,50,0.571
11527,527,12,18.994,123.0,57,0.166
11528,528,12,28.495,145.0,69,0.092
11529,529,12,15.987,106.0,43,0.59
11530,530,12,16.61,111.0,59,0.148
11531,531,12,13.301,153.0,47,0.347
11532,532,12,16.219,140.0,43,0.928
11533,533,12,6.611,134.0,42,0.343
11534,534,12,10.006,97.0,46,0.068
11535,535,12,32.153,133.0,59,1.434
11536,536,12,5.893,133.0,63,0.176
11537,537,12,26.059,127.0,46,0.043
11538,538,12,32.5710026,103.0,60,0.026
11539,539,12,17.225,130.0,56,0.838
11540,540,12,21.155,148.0,60,0.185
11541,541,12,19.169,109.0,51,0.574
11542,542,12,21.996,106.0,67,0.072
11543,543,12,12.831,126.0,45,0.257
11544,544,12,7.209,136.0,61,1.618
11545,545,12,13.956,114.0,57,0.494
11546,546,12,9.643,159.0,53,0.054
11547,547,12,3.412,136.0,45,0.173
11548,548,12,19.574,136.0,44,0.014
11549,549,12,21.191,153.0,41,0.326
11550,550,12,13.424,133.0,34,0.206
11551,551,12,14.954,104.0,52,0.223
11552,552,12,7.754,97.0,62,0.135
11553,553,12,17.522,131.0,38,0.345
11554,554,12,17.436,144.0,45,0.029
11555,555,12,12.812,99.0,52,0.168
11556,556,12,16.851,137.0,59,1.553
11557,557,12,21.873,145.0,47,0.057
11558,558,12,18.918,115.0,39,0.279
11559,559,12,18.576,137.0,56,0.822
11560,560,12,21.021,129.0,58,0.096
11561,561,12,17.46835977908302,136.0,59,0.124
11562,562,12,24.128,126.0,51,0.956
11563,563,12,10.012,158.0,58,0.957
11564,564,12,17.46835977908302,113.0,52,0.65
11565,565,12,10.157,118.0,42,1.498
11566,566,12,15.231,117.0,42,0.378
11567,567,12,17.46835977908302,156.0,48,0.482
11568,568,12,18.793,108.0,51,0.375
11569,569,12,10.515,142.0,50,0.215
11570,570,12,17.701,108.0,48,0.823
11571,571,12,15.862,133.0,46,0.632
11572,572,12,6.695,164.0,64,0.651
11573,573,12,12.196,93.0,62,0.552
11574,574,12,17.342,126.0,44,0.606
11575,575,12,9.375,138.0,46,0.302
11576,576,12,8.062,138.0,41,0.847
11577,577,12,15.328,116.0,54,0.213
11578,578,12,18.037,95.0,44,0.085
11579,579,12,15.407,103.0,47,1.068
11580,580,12,18.704,155.0,42,0.031
11581,581,12,6.903,121.0,48,0.471
11582,582,12,21.997,95.0,46,0.079
11583,583,12,12.145,122.0,44,0.177
11584,584,12,28.187,115.0,43,0.186
11585,585,12,19.769,127.0,60,0.116
11586,586,12,11.061,120.0,50,0.398
11587,587,12,16.827,148.0,47,1.062
11588,588,12,16.584,113.0,31,0.276
11589,589,12,20.308,102.0,54,2.248
11590,590,12,11.971,135.0,53,1.197
11591,591,12,17.46835977908302,152.0,43,0.337
11592,592,12,19.233,160.0,45,0.079
11593,593,12,17.46835977908302,109.0,58,0.114
11594,594,12,22.124,98.0,53,0.057
11595,595,12,14.968,143.0,52,0.575
11596,596,12,19.062,148.0,43,0.853
11597,597,12,25.457,112.0,35,0.169
11598,598,12,6.865,150.0,43,2.05
11599,599,12,25.104,85.0,46,0.45
11600,600,12,24.06,136.0,42,0.404
11601,601,12,2.062,138.0,38,0.025
11602,602,12,27.313,114.0,53,0.811
11603,603,12,20.109,123.0,46,0.586
11604,604,12,17.46835977908302,81.0,51,0.413
11605,605,12,7.781,143.0,42,0.045
11606,606,12,14.592,85.0,58,0.072
11607,607,12,11.946,112.0,46,0.351
11608,608,12,7.047,118.0,56,0.371
11609,609,12,21.176,102.0,39,0.493
11610,610,12,15.89,125.0,59,0.797
11611,611,12,20.796,144.0,52,0.224
11612,612,12,24.691,124.0,39,0.098
11613,613,12,24.674,128.0,42,0.196
11614,614,12,9.892,159.0,55,0.033
11615,615,12,12.014,115.0,42,0.822
11616,616,12,7.465,146.0,59,0.276
11617,617,12,11.689,119.0,59,0.374
11618,618,12,17.873,136.0,41,0.452
11619,619,12,17.46835977908302,99.0,47,0.459
11620,620,12,14.042,111.0,46,0.302
11621,621,12,16.646,151.0,44,0.012
11622,622,12,15.862,114.0,51,1.117
11623,623,12,10.035,155.0,56,0.43
11624,624,12,17.46835977908302,166.0,41,0.091
11625,625,12,6.92,142.0,47,0.43
11626,626,12,32.5710026,135.0,49,0.125
11627,627,12,23.669,166.0,54,0.008
11628,628,12,13.702,136.0,46,0.591
11629,629,12,17.778,143.0,43,0.012
11630,630,12,17.081,144.0,45,0.452
11631,631,12,7.716,113.0,51,0.385
11632,632,12,7.616,136.0,55,1.054
11633,633,12,7.038,127.0,53,0.682
11634,634,12,13.672,95.0,50,0.548
11635,635,12,9.25,114.0,56,0.361
11636,636,12,11.909,122.0,48,0.389
11637,637,12,31.643,109.0,43,0.144
11638,638,12,19.908,122.0,53,1.205
11639,639,12,7.442,87.0,54,0.485
11640,640,12,17.46835977908302,89.0,54,0.326
11641,641,12,25.25,139.0,49,0.252
11642,642,12,12.08,113.0,39,0.529
11643,643,12,8.397,110.0,54,0.124
11644,644,12,13.856,166.0,63,0.857
11645,645,12,17.294,137.0,52,0.14
11646,646,12,24.673,132.0,52,0.209
11647,647,12,18.289,112.0,52,0.302
11648,648,12,15.869,141.0,46,0.428
11649,649,12,10.663,159.0,50,0.424
11650,650,12,20.688,142.0,51,0.478
11651,651,12,16.125,121.0,49,0.47
11652,652,12,14.761,103.0,40,1.444
11653,653,12,3.839,112.0,52,0.055
11654,654,12,18.777,156.0,51,0.295
11655,655,12,9.324,164.0,47,1.376
11656,656,12,15.564,131.0,56,0.075
11657,657,12,20.947,135.0,65,1.543
11658,658,12,21.627,141.0,71,0.001
11659,659,12,22.507,129.0,37,0.116
11660,660,12,17.189,151.0,49,1.333
11661,661,12,15.674,113.0,61,0.121
11662,662,12,28.758,108.0,45,0.035
11663,663,12,13.21,126.0,42,0.435
11664,664,12,27.61,106.0,45,0.208
11665,665,12,12.459,111.0,43,0.419
11666,666,12,23.08,91.0,46,0.43
11667,667,12,20.658,125.0,57,0.876
11668,668,12,6.411,132.0,54,0.25
11669,669,12,14.275,116.0,51,0.853
11670,670,12,21.515,104.0,49,0.789
11671,671,12,8.576,95.0,46,0.17
11672,672,12,29.374,98.0,54,0.441
11673,673,12,11.327,122.0,68,0.196
11674,674,12,23.67,148.0,57,0.275
11675,675,12,19.626,142.0,43,1.72
11676,676,12,14.874,97.0,53,0.334
11677,677,12,18.405,124.0,49,1.064
11678,678,12,19.054,122.0,52,0.319
11679,679,12,13.173,111.0,61,0.868
11680,680,12,19.408,129.0,39,3.162
11681,681,12,17.46835977908302,102.0,46,0.071
11682,682,12,11.303,123.0,47,0.132
11683,683,12,12.836,129.0,51,0.914
11684,684,12,9.788,99.0,40,1.137
11685,685,12,15.569,138.0,47,1.271
11686,686,12,29.677,124.0,47,0.341
11687,687,12,12.428,110.0,51,0.282
11688,688,12,14.431,106.0,52,0.155
11689,689,12,16.894,136.0,52,0.141
11690,690,12,16.346,144.0,56,0.68
11691,691,12,17.247,126.0,51,0.132
11692,692,12,21.673,98.0,64,0.414
11693,693,12,18.483,133.0,41,0.576
11694,694,12,13.756,164.0,43,0.347
11695,695,12,7.968,125.0,34,0.674
11696,696,12,26.424,106.0,56,0.078
11697,697,12,16.267,100.0,48,0.133
11698,698,12,17.46835977908302,129.0,48,0.295
11699,699,12,16.893,110.0,59,0.94
11700,700,12,16.18,151.0,52,0.389
11701,701,12,8.935,132.0,49,0.653
11702,702,12,4.614,126.0,53,0.074
11703,703,12,27.369,128.0,53,0.117
11704,704,12,16.467,122.0,54,1.557
11705,705,12,20.725,126.0,53,0.166
11706,706,12,12.89,124.0,48,0.654
11707,707,12,12.864,152.0,46,0.608
11708,708,12,17.073,122.0,51,0.27
11709,709,12,14.871,139.0,50,1.46
11710,710,12,15.649,120.0,47,0.939
11711,711,12,8.611,156.0,56,0.033
11712,712,12,23.307,100.0,53,0.048
11713,713,12,11.949,135.0,48,1.113
11714,714,12,20.269,97.0,68,0.017
11715,715,12,7.005,139.0,52,0.285
11716,716,12,26.188,106.0,48,0.713
11717,717,12,6.9,132.0,53,1.001
11718,718,12,13.035,141.0,36,1.808
11719,719,12,15.06,99.0,50,1.467
11720,720,12,15.498,107.0,50,0.421
11721,721,12,21.283,139.0,50,2.177
11722,722,12,9.871,119.0,51,0.751
11723,723,12,12.115,115.0,57,0.205
11724,724,12,19.242,101.0,57,1.146
11725,725,12,19.549,112.0,46,0.031
11726,726,12,18.708,150.0,62,0.253
11727,727,12,14.486,112.0,62,0.495
11728,728,12,27.019,95.0,53,0.04
11729,729,12,28.039,111.0,62,0.341
11730,730,12,17.46835977908302,139.0,48,0.219
11731,731,12,18.076,92.0,63,0.049
11732,732,12,20.75,121.0,56,0.243
11733,733,12,21.744,136.0,41,0.356
11734,734,12,14.729,120.0,56,0.008
11735,735,12,12.588,99.0,50,0.658
11736,736,12,12.485,109.0,47,0.29
11737,737,12,12.213,96.0,51,0.11
11738,738,12,17.761,145.0,63,0.992
11739,739,12,16.472,103.0,58,0.091
11740,740,12,19.895,111.0,36,0.208
11741,741,12,15.816,118.0,57,0.519
11742,742,12,20.174,131.0,53,0.348
11743,743,12,7.239,155.0,48,0.172
11744,744,12,14.14,109.0,47,0.125
11745,745,12,16.391,135.0,42,0.124
11746,746,12,13.161,98.0,44,0.082
11747,747,12,17.46835977908302,110.0,51,0.658
11748,748,12,5.208,119.0,48,0.085
11749,749,12,23.377,145.0,46,0.797
11750,750,12,14.241,132.0,40,1.572
11751,751,12,17.46835977908302,146.0,47,0.466
11752,752,12,12.164,118.0,58,0.296
11753,753,12,17.944,142.0,56,1.878
11754,754,12,5.25,110.0,37,0.078
11755,755,12,14.059,117.0,51,0.174
11756,756,12,15.244,132.0,49,0.309
11757,757,12,16.041,84.0,48,0.404
11758,758,12,27.863,120.0,50,0.156
11759,759,12,31.352,119.0,57,0.244
11760,760,12,17.46835977908302,103.0,56,0.207
11761,761,12,15.658,140.0,41,0.888
11762,762,12,17.46835977908302,122.0,42,0.36
11763,763,12,17.46835977908302,132.0,54,0.286
11764,764,12,31.528,94.0,42,0.145
11765,765,12,22.513,100.0,40,1.922
11766,766,12,19.636,117.0,49,0.253
11767,767,12,14.636,104.0,63,0.011
11768,768,12,9.568,126.0,40,0.992
11769,769,12,17.558,131.0,63,0.036
11770,770,12,12.032,111.0,44,0.209
11771,771,12,19.859,100.0,49,0.216
11772,772,12,14.399,150.0,51,0.005
11773,773,12,17.35,136.0,41,0.252
11774,774,12,4.552,133.0,56,0.124
11775,775,12,19.126,130.0,48,0.549
11776,776,12,15.001,133.0,55,0.25
11777,777,12,21.347,111.0,37,0.643
11778,778,12,17.526,148.0,51,1.202
11779,779,12,8.561,131.0,45,0.123
11780,780,12,17.46835977908302,131.0,66,0.223
11781,781,12,15.744,146.0,45,0.414
11782,782,12,10.482,132.0,47,0.503
11783,783,12,32.5710026,99.0,50,0.164
11784,784,12,10.363,127.0,40,0.113
11785,785,12,13.353,142.0,49,0.728
11786,786,12,9.532,125.0,42,1.399
11787,787,12,22.281,129.0,42,0.094
11788,788,12,26.029,130.0,48,0.472
11789,789,12,1.786,141.0,51,0.764
11790,790,12,17.46835977908302,136.0,51,0.297
11791,791,12,16.225,119.0,44,0.859
11792,792,12,17.147,120.0,48,0.496
11793,793,12,17.82,127.0,45,0.576
11794,794,12,9.98,154.0,51,0.544
11795,795,12,18.844,88.0,55,0.895
11796,796,12,21.952,147.0,36,0.973
11797,797,12,13.125,103.0,60,0.126
11798,798,12,10.962,149.0,52,0.498
11799,799,12,25.517,97.0,53,0.177
11800,800,12,17.46835977908302,128.0,46,0.098
11801,801,12,15.967,155.0,52,0.265
11802,802,12,22.154,123.0,54,0.522
11803,803,12,13.963,121.0,46,0.579
11804,804,12,9.839,125.0,51,0.485
11805,805,12,12.945,120.0,46,0.019
11806,806,12,21.745,106.0,49,0.092
11807,807,12,15.078,136.0,52,0.232
11808,808,12,28.083,107.0,42,0.228
11809,809,12,5.541,145.0,45,1.115
11810,810,12,22.125,91.0,44,0.18
11811,811,12,10.928,107.0,46,0.057
11812,812,12,11.864,115.0,56,0.181
11813,813,12,8.28,100.0,39,1.501
11814,814,12,12.71,109.0,56,0.491
11815,815,12,21.328,130.0,59,0.224
11816,816,12,14.915,153.0,50,0.402
11817,817,12,16.793,115.0,41,0.362
11818,818,12,27.928,125.0,52,0.155
11819,819,12,14.041,127.0,44,0.177
11820,820,12,23.983,108.0,52,1.117
11821,821,12,14.111,145.0,49,0.399
11822,822,12,12.01,114.0,59,0.082
11823,823,12,5.464,151.0,55,0.036
11824,824,12,17.46835977908302,136.0,46,0.034
11825,825,12,20.15,109.0,72,0.766
11826,826,12,17.425,146.0,62,0.17
11827,827,12,10.077,133.0,41,1.357
11828,828,12,14.606,138.0,39,0.106
11829,829,12,28.719,114.0,47,0.416
11830,830,12,22.747,137.0,49,0.638
11831,831,12,19.334,104.0,62,0.149
11832,832,12,19.842,128.0,51,0.01
11833,833,12,18.266,137.0,60,0.253
11834,834,12,1.023,141.0,66,0.93
11835,835,12,28.135,154.0,67,0.235
11836,836,12,27.049,113.0,47,0.538
11837,837,12,17.598,164.0,54,0.477
11838,838,12,8.74,131.0,51,0.011
11839,839,12,13.968,101.0,44,0.212
11840,840,12,29.676,129.0,46,0.276
11841,841,12,24.591,118.0,52,1.849
11842,842,12,14.676,120.0,49,1.763
11843,843,12,26.038,132.0,52,0.761
11844,844,12,23.647,113.0,47,1.811
11845,845,12,28.079,115.0,55,1.468
11846,846,12,8.165,116.0,42,1.165
11847,847,12,20.19,119.0,43,0.392
11848,848,12,14.101,152.0,50,1.374
11849,849,12,11.926,95.0,59,0.136
11850,850,12,9.02,122.0,57,0.405
11851,851,12,18.7,134.0,57,0.121
11852,852,12,8.615,148.0,52,0.882
11853,853,12,8.791,157.0,57,0.653
11854,854,12,15.674,103.0,52,0.062
11855,855,12,24.983,137.0,40,1.158
11856,856,12,11.724,133.0,49,0.028
11857,857,12,11.721,158.0,42,0.269
11858,858,12,18.155,128.0,54,0.37
11859,859,12,15.61,109.0,46,0.004
11860,860,12,17.46835977908302,111.0,49,0.217
11861,861,12,15.506,104.0,54,0.136
11862,862,12,20.568,112.0,48,0.388
11863,863,12,17.46835977908302,113.0,48,0.195
11864,864,12,12.764,146.0,67,0.28
11865,865,12,12.844,111.0,47,0.369
11866,866,12,6.844,119.0,43,0.464
11867,867,12,16.228,105.0,48,0.175
11868,868,12,17.46835977908302,135.0,48,0.056
11869,869,12,3.642,143.0,46,0.784
11870,870,12,20.312,107.0,45,0.074
11871,871,12,19.706,141.0,51,0.992
11872,872,12,10.955,130.0,42,1.139
11873,873,12,3.612,153.0,46,0.452
11874,874,12,19.135,111.0,40,0.054
11875,875,12,15.868,147.0,54,0.052
11876,876,12,19.782,138.0,53,0.586
11877,877,12,7.812,149.0,49,0.641
11878,878,12,25.559,114.0,42,2.255
11879,879,12,17.591,141.0,54,0.449
11880,880,12,18.728,130.0,54,1.041
11881,881,12,18.993,111.0,59,0.077
11882,882,12,32.5710026,103.0,42,0.293
11883,883,12,13.329,145.0,47,0.14
11884,884,12,11.842,131.0,58,0.134
11885,885,12,23.331,146.0,54,0.255
11886,886,12,19.525,94.0,41,0.114
11887,887,12,12.799,146.0,42,1.717
11888,888,12,10.171,90.0,51,0.236
11889,889,12,9.345,119.0,55,0.252
11890,890,12,22.975,133.0,43,0.372
11891,891,12,8.765,158.0,48,0.312
11892,892,12,15.085,115.0,50,0.32
11893,893,12,11.858,102.0,60,1.526
11894,894,12,26.841,113.0,43,1.152
11895,895,12,9.665,142.0,52,0.108
11896,896,12,18.383,122.0,48,0.252
11897,897,12,17.46835977908302,119.0,50,0.072
11898,898,12,16.012,101.0,55,0.664
11899,899,12,13.818,133.0,59,0.276
11900,900,12,19.138,122.0,51,0.599
11901,901,12,18.362,137.0,48,0.065
11902,902,12,17.46835977908302,110.0,47,0.035
11903,903,12,24.054,116.0,55,0.134
11904,904,12,13.936,131.0,48,1.74
11905,905,12,9.692,137.0,37,0.03
11906,906,12,17.82,144.0,56,0.49
11907,907,12,17.066,124.0,54,1.251
11908,908,12,28.646,112.0,48,0.766
11909,909,12,17.46835977908302,146.0,59,0.243
11910,910,12,20.12,130.0,45,0.211
11911,911,12,28.004,107.0,56,1.363
11912,912,12,23.033,129.0,51,1.037
11913,913,12,9.461,163.0,53,0.187
11914,914,12,21.792,139.0,40,0.041
11915,915,12,17.679,128.0,49,0.488
11916,916,12,7.381,152.0,55,0.146
11917,917,12,14.408,131.0,48,0.203
11918,918,12,17.644,129.0,40,0.59
11919,919,12,28.607,113.0,50,1.68
11920,920,12,4.192,137.0,42,1.946
11921,921,12,14.305,141.0,48,0.065
11922,922,12,11.042,130.0,58,0.175
11923,923,12,8.983,127.0,45,0.086
11924,924,12,10.428,166.0,48,0.377
11925,925,12,17.684,97.0,45,0.002
11926,926,12,12.894,159.0,51,0.165
11927,927,12,18.825,128.0,50,0.392
11928,928,12,13.998,133.0,45,0.254
11929,929,12,26.096,141.0,60,0.067
11930,930,12,19.283,154.0,46,1.676
11931,931,12,13.869,119.0,42,0.596
11932,932,12,10.693,122.0,52,0.934
11933,933,12,11.026,112.0,47,0.383
11934,934,12,17.682,138.0,54,0.965
11935,935,12,18.41,128.0,48,0.393
11936,936,12,26.572,113.0,46,0.084
11937,937,12,31.18,136.0,44,0.996
11938,938,12,9.096,141.0,52,0.227
11939,939,12,9.017,149.0,54,0.157
11940,940,12,5.072,152.0,57,1.151
11941,941,12,13.13,106.0,40,0.446
11942,942,12,13.529,132.0,45,0.151
11943,943,12,25.339,146.0,55,0.89
11944,944,12,18.531,119.0,49,0.689
11945,945,12,28.516,113.0,52,1.575
11946,946,12,19.815,118.0,47,1.623
11947,947,12,18.128,128.0,44,0.266
11948,948,12,29.996,147.0,51,0.05
11949,949,12,15.917,121.0,61,0.771
11950,950,12,12.726,122.0,51,0.636
11951,951,12,6.514,160.0,44,0.283
11952,952,12,12.031,99.0,62,2.023
11953,953,12,6.426,101.0,37,1.158
11954,954,12,25.347,106.0,36,0.273
11955,955,12,9.018,166.0,53,1.101
11956,956,12,18.514,102.0,44,0.074
11957,957,12,14.682,131.0,57,0.084
11958,958,12,19.229,97.0,52,0.396
11959,959,12,24.888,114.0,56,0.433
11960,960,12,8.941,135.0,56,0.735
11961,961,12,19.418,123.0,49,0.566
11962,962,12,23.464,97.0,42,0.237
11963,963,12,19.276,119.0,57,0.074
11964,964,12,21.336,143.0,48,0.09
11965,965,12,23.134,102.0,56,0.565
11966,966,12,10.564,125.0,50,0.246
11967,967,12,16.054,139.0,46,0.097
11968,968,12,19.292,110.0,56,0.253
11969,969,12,20.945,130.0,48,0.917
11970,970,12,7.734,113.0,53,0.055
11971,971,12,15.503,142.0,45,0.812
11972,972,12,23.467,137.0,55,0.272
11973,973,12,11.201,134.0,57,0.118
11974,974,12,18.998,117.0,41,0.211
11975,975,12,10.794,126.0,42,0.688
11976,976,12,25.488,128.0,49,0.075
11977,977,12,11.851,125.0,48,0.781
11978,978,12,10.0,137.0,58,0.413
11979,979,12,11.071,106.0,53,0.099
11980,980,12,11.4,158.0,46,0.807
11981,981,12,11.893,130.0,43,0.771
11982,982,12,8.766,128.0,59,1.119
11983,983,12,23.434,140.0,41,1.697
11984,984,12,5.329,134.0,57,0.311
11985,985,12,22.697,119.0,43,1.162
11986,986,12,6.912,105.0,48,0.341
11987,987,12,11.75,133.0,47,0.068
11988,988,12,13.26,125.0,45,1.663
11989,989,12,7.38,132.0,43,1.413
11990,990,12,14.619,158.0,45,0.535
11991,991,12,16.249,129.0,57,0.22
11992,992,12,27.257,106.0,61,0.533
11993,993,12,6.75,142.0,45,0.097
11994,994,12,7.25,136.0,57,0.176
11995,995,12,15.18,133.0,60,0.369
11996,996,12,18.341,119.0,47,0.238
11997,997,12,22.606,103.0,50,0.15
11998,998,12,17.959,118.0,55,0.389
11999,999,12,12.486,115.0,58,0.478
12000,1000,12,7.556,132.0,36,0.637
